Date of Report,Longitude,Latitude,County,Sub-County,Ward,Village,Animals Affected,Signs of Disease,Total Number of Animals in the herd,Number Sick,Number Dead
2026-07-23,40.3092837,0.0496933,Garissa,Dadaab,Damajale,Bula Nyaya,Goats,[Abortions (Mimba Kutoka)],20,2,0
2026-07-23,40.871381,4.1086856,Mandera,Banissa,Malkamari,Hullow,Goats,"[Lameness (Kushindwa kutembea), Nasal discharges (Makamasi), Discharge from the eyes (Machozi), Bloody Faeces]",19,7,3
2026-07-23,40.871381,4.1086856,Mandera,Banissa,Malkamari,Hullow,Camel,"[Lamess (Kushindwa kutembea), Wounds on Legs & mouth, Discharge from the eyes (Machozi), Swollen glands]",16,9,1
2026-07-23,40.871381,4.1086856,Mandera,Banissa,Malkamari,Hullow,Camel,"[Lamess (Kushindwa kutembea), Wounds on Legs & mouth, Discharge from the eyes (Machozi), Swollen glands]",15,8,1
2026-07-23,40.871381,4.1086856,Mandera,Banissa,Malkamari,Hullow,Sheep,"[Lameness (Kushindwa kutembea), Nasal discharges (Makamasi), Discharge from the eyes (Machozi), Diarrhoea (Kuhara)]",11,7,3
2026-07-23,40.871381,4.1086856,Mandera,Banissa,Malkamari,Hullow,Sheep,"[Lameness (Kushindwa kutembea), Nasal discharges (Makamasi), Discharge from the eyes (Machozi), Diarrhoea (Kuhara)]",8,5,2
2026-07-23,40.871381,4.1086856,Mandera,Banissa,Malkamari,Hullow,Goats,"[Lameness (Kushindwa kutembea), Nasal discharges (Makamasi), Discharge from the eyes (Machozi), Bloody Faeces]",35,18,7
2026-07-23,40.2397435,3.4080359,Mandera,Mandera West,Lagsure,Angule ,Camel,"[Sudden Death (Kifo cha ghafla), Bleeding from openings (Kuvunja damu), Pouring Saliva (Kumwaga mate), Abortions (Mimba Kutoka), Aggressiveness (Ukali), Lamess (Kushindwa kutembea), Wounds on Legs & mouth, Difficulty breathing (Kushindwa Kupumua), Nasal discharges (Makamasi), Discharge from the eyes (Machozi)]",19,5,2
2026-07-24,0.0,0.0,Mandera,Lafey,Sala,jabi,Goats,"[Abortions (Mimba Kutoka), Pouring Saliva (Kumwaga mate), Lameness (Kushindwa kutembea), Wounds on Legs & mouth, Difficulty breathing (Kushindwa Kupumua), Nasal discharges (Makamasi), Diarrhoea (Kuhara)]",160,13,2
2026-07-22,40.2397435,3.4080359,Mandera,Mandera West,Lagsure,Hoopi,Goats,"[Abortions (Mimba Kutoka), Sudden Death (Kifo cha ghafla), Bleeding from openings (Kuvunja damu), Pouring Saliva (Kumwaga mate), Lameness (Kushindwa kutembea), Wounds on Legs & mouth, Nasal discharges (Makamasi), Discharge from the eyes (Machozi), Diarrhoea (Kuhara)]",75,13,5
2026-07-20,40.242299,3.3955976,Mandera,Mandera West,Lagsure,Affalo ,Sheep,"[Abortions (Mimba Kutoka), Bleeding from openings (Kuvunja damu), Pouring Saliva (Kumwaga mate), Sudden Death (Kifo cha ghafla), Lameness (Kushindwa kutembea), Wounds on Legs & mouth, Difficulty breathing (Kushindwa Kupumua), Nasal discharges (Makamasi), Discharge from the eyes (Machozi), Skin swellings (uvimbe wa ngozi), Diarrhoea (Kuhara), Loss of weight]",53,21,13
2026-07-19,40.2397435,3.4080359,Mandera,Mandera West,Lagsure,Awacho Sambur ,Cattle,"[Abortions (Mimba Kutoka), Sudden Death (Kifo cha ghafla), Bleeding from openings (Kuvunja damu), Pouring Saliva (Kumwaga mate), Aggressiveness (Ukali), Lameness (Kushindwa kutembea), Difficulty breathing (Kushindwa Kupumua), Skin swellings (uvimbe wa ngozi), Bloody Faeces, Diarrhoea (Kuhara), Swollen glands, Nasal discharges (Makamasi), Discharge from the eyes (Machozi)]",52,15,5
2026-07-23,40.2397435,3.4080359,Mandera,Mandera West,Lagsure,Angule ,Chicken,"[Sudden Death (Kifo cha ghafla), Nasal discharges (Makamasi), Discoloured Faeces, Diarrhoea (Kuhara), Loss of weight, Soft shelled eggs, Swollen wattles and comb]",58,25,17
2026-07-23,39.6732634,-0.4965766,Garissa,Garissa Township,Iftin,Bouralgy ,Goats,"[Abortions (Mimba Kutoka), Difficulty breathing (Kushindwa Kupumua), Nasal discharges (Makamasi), Discharge from the eyes (Machozi)]",182,25,4
2026-07-24,0.0,0.0,Mandera,Lafey,Sala,jabi,Goats,"[Abortions (Mimba Kutoka), Bleeding from openings (Kuvunja damu), Pouring Saliva (Kumwaga mate), Lameness (Kushindwa kutembea), Wounds on Legs & mouth, Nasal discharges (Makamasi)]",150,15,5
2026-07-24,0.0,0.0,Mandera,Lafey,Sala,jabi,Sheep,"[Abortions (Mimba Kutoka), Lameness (Kushindwa kutembea), Wounds on Legs & mouth, Difficulty breathing (Kushindwa Kupumua), Nasal discharges (Makamasi), Diarrhoea (Kuhara)]",100,21,3
2026-07-24,0.0,0.0,Mandera,Lafey,Sala,jabi,Camel,"[Abortions (Mimba Kutoka), Bleeding from openings (Kuvunja damu), Aggressiveness (Ukali), Lamess (Kushindwa kutembea), Wounds on Legs & mouth, Difficulty breathing (Kushindwa Kupumua), Skin swellings (uvimbe wa ngozi)]",200,20,5
2026-07-24,0.0,0.0,Mandera,Lafey,Sala,jabi,Cattle,"[Abortions (Mimba Kutoka), Pouring Saliva (Kumwaga mate), Aggressiveness (Ukali), Lameness (Kushindwa kutembea), Difficulty breathing (Kushindwa Kupumua), Wounds on Legs & mouth]",80,13,2
2026-07-24,0.0,0.0,Mandera,Lafey,Sala,jabi,Goats,"[Abortions (Mimba Kutoka), Lameness (Kushindwa kutembea), Wounds on Legs & mouth, Nasal discharges (Makamasi), Discharge from the eyes (Machozi), Diarrhoea (Kuhara)]",120,10,3
2026-07-24,0.0,0.0,Mandera,Lafey,Sala,jabi,Sheep,"[Abortions (Mimba Kutoka), Pouring Saliva (Kumwaga mate), Lameness (Kushindwa kutembea), Wounds on Legs & mouth, Difficulty breathing (Kushindwa Kupumua), Nasal discharges (Makamasi), Discharge from the eyes (Machozi), Diarrhoea (Kuhara)]",100,9,2
2026-07-24,0.0,0.0,Mandera,Lafey,Sala,jabi,Sheep,"[Abortions (Mimba Kutoka), Pouring Saliva (Kumwaga mate), Lameness (Kushindwa kutembea), Wounds on Legs & mouth, Difficulty breathing (Kushindwa Kupumua), Nasal discharges (Makamasi)]",80,5,0
2026-07-24,0.0,0.0,Mandera,Lafey,Sala,jabi,Cattle,"[Abortions (Mimba Kutoka), Bleeding from openings (Kuvunja damu), Aggressiveness (Ukali), Lameness (Kushindwa kutembea), Difficulty breathing (Kushindwa Kupumua), Wounds on Legs & mouth]",130,11,2
2026-07-24,0.0,0.0,Mandera,Lafey,Sala,jabi,Camel,"[Abortions (Mimba Kutoka), Aggressiveness (Ukali), Lamess (Kushindwa kutembea), Wounds on Legs & mouth, Difficulty breathing (Kushindwa Kupumua), Skin swellings (uvimbe wa ngozi)]",100,8,3
2026-07-24,0.0,0.0,Mandera,Mandera East,Township,BP1,Cattle,[Difficulty breathing (Kushindwa Kupumua)],25,1,0
2026-07-24,0.0,0.0,Mandera,Mandera East,Township,BP1,Goats,[Diarrhoea (Kuhara)],37,2,0
2026-07-24,0.0,0.0,Mandera,Mandera South,Shimbir Fatuma,Dololo,Goats,[Skin swellings (uvimbe wa ngozi)],180,21,0
2026-07-24,0.0,0.0,Mandera,Mandera South,Shimbir Fatuma,Dololo,Goats,"[Skin swellings (uvimbe wa ngozi), Abortions (Mimba Kutoka)]",210,35,3
2026-07-24,0.0,0.0,Mandera,Mandera South,Shimbir Fatuma,Ano,Goats,[Abortions (Mimba Kutoka)],280,35,6
2026-07-24,0.0,0.0,Mandera,Mandera South,Shimbir Fatuma,Dololo,Camel,[Swollen glands],65,21,7
2026-07-24,0.0,0.0,Mandera,Mandera South,Shimbir Fatuma,Dololo,Camel,[Swollen glands],32,12,3
2026-07-24,0.0,0.0,Mandera,Mandera South,Shimbir Fatuma,Dololo,Camel,[Swollen glands],25,7,2
2026-07-24,0.0,0.0,Mandera,Mandera South,Shimbir Fatuma,Dololo,Camel,[Abortions (Mimba Kutoka)],65,21,6
2026-07-24,0.0,0.0,Mandera,Mandera South,Shimbir Fatuma,Gubachaptho,Goats,[Skin swellings (uvimbe wa ngozi)],247,65,12
2026-07-24,0.0,0.0,Mandera,Mandera South,Shimbir Fatuma,Ano,Camel,[Abortions (Mimba Kutoka)],280,65,9
2026-07-24,0.0,0.0,Mandera,Mandera South,Shimbir Fatuma,Ano,Goats,[Skin swellings (uvimbe wa ngozi)],150,18,3
2026-07-24,0.0,0.0,Mandera,Mandera South,Shimbir Fatuma,Dololo,Camel,[Aggressiveness (Ukali)],52,12,0
2026-07-24,0.0,0.0,Mandera,Mandera South,Shimbir Fatuma,Dololo,Goats,[Abortions (Mimba Kutoka)],290,45,12
2026-07-24,0.0,0.0,Mandera,Mandera South,Shimbir Fatuma,Ano,Goats,[Skin swellings (uvimbe wa ngozi)],350,80,12
2026-07-24,0.0,0.0,Mandera,Mandera South,Shimbir Fatuma,Dololo,Goats,[Skin swellings (uvimbe wa ngozi)],245,95,12
2026-07-24,0.0,0.0,Mandera,Mandera South,Shimbir Fatuma,Dololo,Camel,[Swollen glands],32,14,4
2026-07-24,0.0,0.0,Mandera,Mandera South,Shimbir Fatuma,Dololo,Camel,[Swollen glands],24,9,2
2026-07-24,0.0,0.0,Mandera,Mandera South,Shimbir Fatuma,Ano,Goats,"[Abortions (Mimba Kutoka), Skin swellings (uvimbe wa ngozi)]",230,65,12
2026-07-24,40.8321837,2.5899568,Mandera,Mandera South,Kutulo,Unknown,Camel,[Abortions (Mimba Kutoka)],147,2,3
2026-07-24,40.8321837,2.5899568,Mandera,Mandera South,Kutulo,Unknown,Camel,[Sudden Death (Kifo cha ghafla)],154,5,3
2026-07-24,40.8321837,2.5899568,Mandera,Mandera South,Kutulo,Unknown,Camel,[Abortions (Mimba Kutoka)],185,2,6
2026-07-24,40.8321837,2.5899568,Mandera,Mandera South,Kutulo,Unknown,Goats,[Abortions (Mimba Kutoka)],25,36,3
2026-07-24,40.8321837,2.5899568,Mandera,Mandera South,Kutulo,Unknown,Camel,[Abortions (Mimba Kutoka)],145,5,3
2026-07-24,40.8321837,2.5899568,Mandera,Mandera South,Kutulo,Unknown,Camel,[Abortions (Mimba Kutoka)],124,8,3
2026-07-24,40.7999207,4.1793321,Mandera,Banissa,Malkamari,Hullow,Goats,"[Lameness (Kushindwa kutembea), Nasal discharges (Makamasi), Discharge from the eyes (Machozi), Bloody Faeces]",43,25,14
2026-07-24,40.7999207,4.1793321,Mandera,Banissa,Malkamari,Hullow,Camel,"[Lamess (Kushindwa kutembea), Wounds on Legs & mouth, Discharge from the eyes (Machozi), Swollen glands]",19,8,2
2026-07-24,40.7999207,4.1793321,Mandera,Banissa,Malkamari,Hullow,Camel,"[Lamess (Kushindwa kutembea), Wounds on Legs & mouth, Discharge from the eyes (Machozi), Swollen glands]",14,8,1
2026-07-24,40.7999207,4.1793321,Mandera,Banissa,Malkamari,Hullow,Sheep,"[Lameness (Kushindwa kutembea), Nasal discharges (Makamasi), Discharge from the eyes (Machozi), Diarrhoea (Kuhara)]",6,5,1
2026-07-24,40.7999207,4.1793321,Mandera,Banissa,Malkamari,Hullow,Sheep,"[Lameness (Kushindwa kutembea), Nasal discharges (Makamasi), Discharge from the eyes (Machozi), Diarrhoea (Kuhara)]",18,10,3
2026-07-24,40.7999207,4.1793321,Mandera,Banissa,Malkamari,Hullow,Goats,"[Lameness (Kushindwa kutembea), Nasal discharges (Makamasi), Discharge from the eyes (Machozi), Bloody Faeces]",21,11,4
2026-07-24,0.0,0.0,Garissa,Fafi,Fafi,Hagardera,Goats,"[Abortions (Mimba Kutoka), Lameness (Kushindwa kutembea), Difficulty breathing (Kushindwa Kupumua)]",50,2,0
2026-07-24,41.8585003,3.936978,Mandera,Mandera West,Takaba,Alokona,Goats,"[Abortions (Mimba Kutoka), Sudden Death (Kifo cha ghafla), Lameness (Kushindwa kutembea), Difficulty breathing (Kushindwa Kupumua), Nasal discharges (Makamasi), Swollen glands, Discharge from the eyes (Machozi), Diarrhoea (Kuhara), Skin swellings (uvimbe wa ngozi)]",111,63,11
2026-07-24,37.8036257,1.5988021,Marsabit,Laisamis,Laisamis,Laisamis,Goats,"[Nasal discharges (Makamasi), Diarrhoea (Kuhara)]",10,2,0
2026-07-22,37.8036257,1.5988021,Marsabit,Laisamis,Laisamis,Sakardala,Goats,"[Abortions (Mimba Kutoka), Lameness (Kushindwa kutembea), Nasal discharges (Makamasi), Diarrhoea (Kuhara)]",50,10,0
2026-07-24,37.8036257,1.5988021,Marsabit,Laisamis,Laisamis,Sakardala,Camel,"[Lamess (Kushindwa kutembea), Wounds on Legs & mouth]",50,6,0
2026-07-21,39.9223343,3.6803127,Mandera,Mandera West,Gither,Ghither,Camel,"[Abortions (Mimba Kutoka), Bleeding from openings (Kuvunja damu), Difficulty breathing (Kushindwa Kupumua)]",23,21,2
2026-07-26,0.0,0.0,Mandera,Mandera South,Shimbir Fatuma,Dololo,Camel,[Swollen glands],45,9,3
2026-07-24,0.0,0.0,Mandera,Mandera South,Elwak South,El Safara,Cattle,"[Lameness (Kushindwa kutembea), Difficulty breathing (Kushindwa Kupumua), Diarrhoea (Kuhara)]",330,35,9
2026-07-24,0.0,0.0,Mandera,Mandera South,Elwak South,El Safara ,Cattle,"[Lameness (Kushindwa kutembea), Diarrhoea (Kuhara)]",262,19,3
2026-07-24,0.0,0.0,Mandera,Mandera South,Elwak South,Elsafara,Goats,"[Difficulty breathing (Kushindwa Kupumua), Nasal discharges (Makamasi)]",693,39,11
2026-07-24,0.0,0.0,Mandera,Mandera South,Elwak South,Elsafara,Goats,"[Lameness (Kushindwa kutembea), Difficulty breathing (Kushindwa Kupumua), Nasal discharges (Makamasi)]",751,28,6
2026-07-24,40.45782,-0.0304233333333333,Garissa,Fafi,Jarajila,Alinjugur ,Goats,"[Difficulty breathing (Kushindwa Kupumua), Discharge from the eyes (Machozi), Diarrhoea (Kuhara)]",130,5,1
2026-07-22,0.0,0.0,Mandera,Mandera East,Lebahiya,Hareri,Goats,"[Nasal discharges (Makamasi), Difficulty breathing (Kushindwa Kupumua)]",17,1,0
2026-07-24,0.0,0.0,Mandera,Mandera East,Lebahiya,Hareri,Goats,"[Difficulty breathing (Kushindwa Kupumua), Nasal discharges (Makamasi)]",23,2,0
2026-07-24,40.8682209,3.5506096,Mandera,Mandera North,Morothile,Marothile ,Goats,"[Abortions (Mimba Kutoka), Difficulty breathing (Kushindwa Kupumua), Nasal discharges (Makamasi), Diarrhoea (Kuhara)]",175,16,5
2026-07-24,40.8682209,3.5506096,Mandera,Mandera North,Morothile,Marothile ,Goats,"[Abortions (Mimba Kutoka), Difficulty breathing (Kushindwa Kupumua), Nasal discharges (Makamasi), Diarrhoea (Kuhara)]",68,6,0
2026-07-24,40.8682209,3.5506096,Mandera,Mandera North,Morothile,Marothile ,Goats,"[Abortions (Mimba Kutoka), Difficulty breathing (Kushindwa Kupumua), Nasal discharges (Makamasi), Diarrhoea (Kuhara)]",115,8,2
2026-07-24,40.8682209,3.5506096,Mandera,Mandera North,Morothile,Marothile ,Sheep,"[Abortions (Mimba Kutoka), Difficulty breathing (Kushindwa Kupumua), Nasal discharges (Makamasi), Diarrhoea (Kuhara), Loss of weight]",101,17,5
2026-07-24,40.8682209,3.5506096,Mandera,Mandera North,Morothile,Marothile ,Sheep,"[Abortions (Mimba Kutoka), Difficulty breathing (Kushindwa Kupumua), Nasal discharges (Makamasi), Diarrhoea (Kuhara)]",85,6,1
2026-07-24,0.0,0.0,Mandera,Lafey,Fino,Fino,Goats,"[Difficulty breathing (Kushindwa Kupumua), Nasal discharges (Makamasi), Diarrhoea (Kuhara)]",50,30,20
2026-07-24,41.8471922,3.9259907,Mandera,Banissa,Banissa,Domal ,Goats,[Nasal discharges (Makamasi)],300,11,1
2026-07-24,41.8471922,3.9259907,Mandera,Banissa,Banissa,Shobtoy ,Goats,[Diarrhoea (Kuhara)],270,11,2
2026-07-24,41.8462498,3.9244602,Mandera,Banissa,Banissa,Danich ,Goats,[Difficulty breathing (Kushindwa Kupumua)],300,9,2
2026-07-24,41.8472189,3.9244992,Mandera,Banissa,Banissa,Handrak ,Goats,[Nasal discharges (Makamasi)],350,9,1
2026-07-24,40.7999207,4.1793321,Mandera,Banissa,Malkamari,Hullow,Goats,"[Lameness (Kushindwa kutembea), Difficulty breathing (Kushindwa Kupumua), Nasal discharges (Makamasi), Diarrhoea (Kuhara)]",13,5,2
2026-07-24,40.7999207,4.1793321,Mandera,Banissa,Malkamari,Hullow,Camel,"[Lamess (Kushindwa kutembea), Wounds on Legs & mouth, Discharge from the eyes (Machozi), Swollen glands]",10,6,1
2026-07-24,40.7999207,4.1793321,Mandera,Banissa,Malkamari,Hullow,Camel,"[Lamess (Kushindwa kutembea), Wounds on Legs & mouth, Discharge from the eyes (Machozi), Swollen glands]",6,6,1
2026-07-24,40.7999207,4.1793321,Mandera,Banissa,Malkamari,Hullow,Sheep,"[Lameness (Kushindwa kutembea), Nasal discharges (Makamasi), Discharge from the eyes (Machozi), Diarrhoea (Kuhara)]",2,2,0
2026-07-24,40.7999207,4.1793321,Mandera,Banissa,Malkamari,Hullow,Sheep,"[Lameness (Kushindwa kutembea), Nasal discharges (Makamasi), Discharge from the eyes (Machozi), Diarrhoea (Kuhara)]",6,4,1
2026-07-24,40.7999207,4.1793321,Mandera,Banissa,Malkamari,Hullow,Goats,"[Lameness (Kushindwa kutembea), Nasal discharges (Makamasi), Discharge from the eyes (Machozi), Bloody Faeces]",4,4,1
2026-07-24,0.0,0.0,Mandera,Mandera East,Township,BP1,Chicken,[Loss of weight],16,2,1
2026-07-24,41.81917453184724,3.93060221336782,Mandera,Mandera East,Neboi,Shafshafey,Goats,"[Lameness (Kushindwa kutembea), Difficulty breathing (Kushindwa Kupumua)]",36,2,0
2026-07-24,41.819433784112334,3.93063155002892,Mandera,Mandera East,Neboi,Shafshaf,Sheep,"[Lameness (Kushindwa kutembea), Difficulty breathing (Kushindwa Kupumua)]",35,1,0
2026-07-24,41.819405956193805,3.9307157462462783,Mandera,Mandera East,Neboi,Shafshafey,Chicken,"[Sudden Death (Kifo cha ghafla), Nasal discharges (Makamasi)]",12,1,1
2026-07-24,41.81937418878079,3.9305902691558,Mandera,Mandera East,Neboi,Shafshaf,Goats,"[Abortions (Mimba Kutoka), Lameness (Kushindwa kutembea)]",23,2,0
2026-07-25,41.8193697463721,3.9306172588840127,Mandera,Mandera East,Neboi,Shafshafey,Goats,"[Difficulty breathing (Kushindwa Kupumua), Nasal discharges (Makamasi)]",31,1,0
2026-07-25,41.81931593455374,3.9306525886058807,Mandera,Mandera East,Neboi,Shafshafey,Sheep,"[Lameness (Kushindwa kutembea), Difficulty breathing (Kushindwa Kupumua)]",28,2,0
2026-07-25,40.7999207,4.1793321,Mandera,Banissa,Malkamari,Hullow,Goats,"[Lameness (Kushindwa kutembea), Nasal discharges (Makamasi), Discharge from the eyes (Machozi), Bloody Faeces]",13,6,3
2026-07-25,40.7999207,4.1793321,Mandera,Banissa,Malkamari,Hullow,Camel,"[Lamess (Kushindwa kutembea), Wounds on Legs & mouth, Discharge from the eyes (Machozi), Swollen glands]",5,3,0
2026-07-25,40.7999207,4.1793321,Mandera,Banissa,Malkamari,Hullow,Camel,"[Lamess (Kushindwa kutembea), Wounds on Legs & mouth, Swollen glands, Discharge from the eyes (Machozi)]",20,12,2
2026-07-25,40.7999207,4.1793321,Mandera,Banissa,Malkamari,Hullow,Sheep,"[Lameness (Kushindwa kutembea), Nasal discharges (Makamasi), Discharge from the eyes (Machozi), Diarrhoea (Kuhara)]",3,3,1
2026-07-25,40.7999207,4.1793321,Mandera,Banissa,Malkamari,Hullow,Goats,"[Lameness (Kushindwa kutembea), Nasal discharges (Makamasi), Discharge from the eyes (Machozi), Bloody Faeces]",22,13,4
2026-07-25,40.7999207,4.1793321,Mandera,Banissa,Malkamari,Hullow,Sheep,"[Lameness (Kushindwa kutembea), Nasal discharges (Makamasi), Discharge from the eyes (Machozi), Diarrhoea (Kuhara)]",10,6,2
2026-07-25,40.7999207,4.1793321,Mandera,Banissa,Malkamari,Hullow,Camel,"[Lamess (Kushindwa kutembea), Wounds on Legs & mouth, Discharge from the eyes (Machozi), Swollen glands]",24,12,1
2026-07-25,41.2197245,3.9332788,Mandera,Mandera North,Rhamu,Rhamu ,Goats,"[Abortions (Mimba Kutoka), Lameness (Kushindwa kutembea), Nasal discharges (Makamasi), Skin swellings (uvimbe wa ngozi)]",185,16,0
2026-07-25,41.2197245,3.9332788,Mandera,Mandera North,Rhamu,Rhamu ,Camel,"[Sudden Death (Kifo cha ghafla), Aggressiveness (Ukali), Lamess (Kushindwa kutembea), Difficulty breathing (Kushindwa Kupumua), Bloody Faeces]",35,6,1
2026-07-24,41.858509,3.9370032,Mandera,Mandera West,Takaba,Bamba Taka,Sheep,"[Abortions (Mimba Kutoka), Sudden Death (Kifo cha ghafla), Pouring Saliva (Kumwaga mate), Lameness (Kushindwa kutembea), Difficulty breathing (Kushindwa Kupumua), Nasal discharges (Makamasi), Discharge from the eyes (Machozi), Skin swellings (uvimbe wa ngozi), Diarrhoea (Kuhara), Loss of weight]",79,18,4
2026-07-24,40.8179522,2.5737846,Mandera,Mandera South,Kutulo,Unknown,Cattle,[Abortions (Mimba Kutoka)],145,3,2
2026-07-25,40.801819,2.5579248,Mandera,Mandera South,Kutulo,Unknown,Camel,[Abortions (Mimba Kutoka)],192,5,3
2026-07-25,0.0,0.0,Mandera,Mandera South,Kutulo,Unknown,Camel,[Abortions (Mimba Kutoka)],56,3,1
2026-07-25,40.801819,2.5579248,Mandera,Mandera South,Kutulo,Unknown,Camel,[Abortions (Mimba Kutoka)],147,2,6
2026-07-25,40.801819,2.5579248,Mandera,Mandera South,Kutulo,Unknown,Camel,[Abortions (Mimba Kutoka)],152,5,3
2026-07-25,40.801819,2.5579248,Mandera,Mandera South,Kutulo,Unknown,Camel,[Sudden Death (Kifo cha ghafla)],152,3,1
2026-07-25,0.0,0.0,Turkana,Turkana East,Kapedo/Napeitom,Napeitom,Sheep,[Lameness (Kushindwa kutembea)],52,11,6
2026-07-25,41.1817916,3.1474356,Mandera,Lafey,Lafey,Damasa ,Camel,"[Abortions (Mimba Kutoka), Lamess (Kushindwa kutembea), Nasal discharges (Makamasi)]",80,3,1
2026-07-25,41.1817916,3.1474356,Mandera,Lafey,Lafey,Damasa ,Goats,"[Abortions (Mimba Kutoka), Discharge from the eyes (Machozi), Nasal discharges (Makamasi)]",85,4,1
2026-07-25,40.2306099,3.3925224,Mandera,Mandera West,Takaba,Bulla ,Goats,"[Lameness (Kushindwa kutembea), Wounds on Legs & mouth, Difficulty breathing (Kushindwa Kupumua), Nasal discharges (Makamasi), Discharge from the eyes (Machozi), Diarrhoea (Kuhara), Bloody Faeces, Skin swellings (uvimbe wa ngozi)]",80,20,5
2026-07-22,40.2287987,3.3928875,Mandera,Mandera West,Takaba,Bulla Milimani ,Camel,"[Aggressiveness (Ukali), Lamess (Kushindwa kutembea), Wounds on Legs & mouth, Difficulty breathing (Kushindwa Kupumua), Skin swellings (uvimbe wa ngozi), Diarrhoea (Kuhara), Nasal discharges (Makamasi), Discharge from the eyes (Machozi)]",200,50,8
2026-07-19,40.2314375,3.3919559,Mandera,Mandera West,Takaba,Bulla Elwka ,Cattle,"[Aggressiveness (Ukali), Lameness (Kushindwa kutembea), Difficulty breathing (Kushindwa Kupumua), Wounds on Legs & mouth, Skin swellings (uvimbe wa ngozi), Diarrhoea (Kuhara), Nasal discharges (Makamasi), Discharge from the eyes (Machozi)]",80,15,6
2026-07-25,38.9741436,1.3070703,Isiolo,Merti,Cherub,Basa,Goats,"[Difficulty breathing (Kushindwa Kupumua), Wounds on Legs & mouth]",40,2,0
2026-07-25,38.9725133,1.3066279,Isiolo,Merti,Cherub,Basa,Sheep,"[Loss of weight, Lameness (Kushindwa kutembea), Difficulty breathing (Kushindwa Kupumua)]",52,3,1
2026-07-25,0.0,0.0,Mandera,Mandera West,Takaba South,Waigadahan,Cattle,"[Abortions (Mimba Kutoka), Sudden Death (Kifo cha ghafla), Bleeding from openings (Kuvunja damu), Aggressiveness (Ukali), Pouring Saliva (Kumwaga mate), Lameness (Kushindwa kutembea), Difficulty breathing (Kushindwa Kupumua), Wounds on Legs & mouth, Skin swellings (uvimbe wa ngozi), Bloody Faeces, Diarrhoea (Kuhara), Vomiting (kutapika), Swollen glands, Discharge from the eyes (Machozi), Nasal discharges (Makamasi), Others]",50,5,10
2026-07-24,0.0,0.0,Mandera,Mandera West,Takaba South,Waigadahan,Sheep,"[Sudden Death (Kifo cha ghafla), Abortions (Mimba Kutoka), Bleeding from openings (Kuvunja damu), Lameness (Kushindwa kutembea), Pouring Saliva (Kumwaga mate), Wounds on Legs & mouth, Difficulty breathing (Kushindwa Kupumua), Nasal discharges (Makamasi), Discharge from the eyes (Machozi), Skin swellings (uvimbe wa ngozi), Diarrhoea (Kuhara), Vomiting (kutapika), Bloody Faeces, Loss of weight, Others]",40,5,9
2026-07-23,0.0,0.0,Mandera,Mandera West,Takaba South,Waigadahan,Goats,"[Abortions (Mimba Kutoka), Sudden Death (Kifo cha ghafla), Bleeding from openings (Kuvunja damu), Pouring Saliva (Kumwaga mate), Lameness (Kushindwa kutembea), Wounds on Legs & mouth, Difficulty breathing (Kushindwa Kupumua), Nasal discharges (Makamasi), Discharge from the eyes (Machozi), Swollen glands, Diarrhoea (Kuhara), Bloody Faeces, Skin swellings (uvimbe wa ngozi), Others]",50,10,5
2026-07-23,0.0,0.0,Mandera,Mandera West,Takaba South,Waigadahan,Camel,"[Abortions (Mimba Kutoka), Sudden Death (Kifo cha ghafla), Pouring Saliva (Kumwaga mate), Bleeding from openings (Kuvunja damu), Aggressiveness (Ukali), Lamess (Kushindwa kutembea), Wounds on Legs & mouth, Difficulty breathing (Kushindwa Kupumua), Skin swellings (uvimbe wa ngozi), Diarrhoea (Kuhara), Bloody Faeces, Nasal discharges (Makamasi), Discharge from the eyes (Machozi), Swollen glands, Others]",80,20,10
2026-07-22,0.0,0.0,Mandera,Mandera West,Takaba South,Waigadahan,Goats,"[Abortions (Mimba Kutoka), Sudden Death (Kifo cha ghafla), Bleeding from openings (Kuvunja damu), Pouring Saliva (Kumwaga mate), Lameness (Kushindwa kutembea), Wounds on Legs & mouth, Difficulty breathing (Kushindwa Kupumua), Nasal discharges (Makamasi), Discharge from the eyes (Machozi), Swollen glands, Diarrhoea (Kuhara), Bloody Faeces, Skin swellings (uvimbe wa ngozi), Others]",69,8,5
2026-07-21,0.0,0.0,Mandera,Mandera West,Takaba South,Waigadahan,Camel,"[Abortions (Mimba Kutoka), Sudden Death (Kifo cha ghafla), Bleeding from openings (Kuvunja damu), Pouring Saliva (Kumwaga mate), Lamess (Kushindwa kutembea), Aggressiveness (Ukali), Wounds on Legs & mouth, Difficulty breathing (Kushindwa Kupumua), Skin swellings (uvimbe wa ngozi), Bloody Faeces, Diarrhoea (Kuhara), Swollen glands, Discharge from the eyes (Machozi), Others, Nasal discharges (Makamasi)]",56,10,5
2026-07-20,0.0,0.0,Mandera,Mandera West,Takaba South,Waigadahan,Goats,"[Abortions (Mimba Kutoka), Sudden Death (Kifo cha ghafla), Bleeding from openings (Kuvunja damu), Lameness (Kushindwa kutembea), Pouring Saliva (Kumwaga mate), Wounds on Legs & mouth, Difficulty breathing (Kushindwa Kupumua), Nasal discharges (Makamasi), Discharge from the eyes (Machozi), Swollen glands, Diarrhoea (Kuhara), Bloody Faeces, Skin swellings (uvimbe wa ngozi), Others]",40,10,5
2026-07-20,0.0,0.0,Mandera,Mandera West,Takaba South,Waigadahan,Cattle,"[Abortions (Mimba Kutoka), Sudden Death (Kifo cha ghafla), Bleeding from openings (Kuvunja damu), Pouring Saliva (Kumwaga mate), Lameness (Kushindwa kutembea), Aggressiveness (Ukali), Difficulty breathing (Kushindwa Kupumua), Wounds on Legs & mouth, Skin swellings (uvimbe wa ngozi), Diarrhoea (Kuhara), Bloody Faeces, Vomiting (kutapika), Swollen glands, Nasal discharges (Makamasi), Discharge from the eyes (Machozi), Others]",80,10,5
2026-07-25,40.871381,4.1086856,Mandera,Banissa,Malkamari,Hullow,Goats,"[Lameness (Kushindwa kutembea), Nasal discharges (Makamasi), Discharge from the eyes (Machozi), Bloody Faeces]",31,18,4
2026-07-25,40.871381,4.1086856,Mandera,Banissa,Malkamari,Hullow,Camel,"[Lamess (Kushindwa kutembea), Wounds on Legs & mouth, Discharge from the eyes (Machozi), Swollen glands]",8,6,1
2026-07-25,40.871381,4.1086856,Mandera,Banissa,Malkamari,Hullow,Camel,"[Lamess (Kushindwa kutembea), Wounds on Legs & mouth, Discharge from the eyes (Machozi), Swollen glands]",14,5,1
2026-07-25,40.871381,4.1086856,Mandera,Banissa,Malkamari,Hullow,Sheep,"[Lameness (Kushindwa kutembea), Nasal discharges (Makamasi), Discharge from the eyes (Machozi), Diarrhoea (Kuhara)]",7,4,1
2026-07-25,40.871381,4.1086856,Mandera,Banissa,Malkamari,Hullw,Goats,"[Lameness (Kushindwa kutembea), Nasal discharges (Makamasi), Discharge from the eyes (Machozi), Bloody Faeces]",25,11,6
2026-07-26,0.0,0.0,Mandera,Mandera South,Shimbir Fatuma,Dololo,Goats,[Skin swellings (uvimbe wa ngozi)],180,35,5
2026-07-25,40.871381,4.1086856,Mandera,Banissa,Malkamari,Hullow,Sheep,"[Lameness (Kushindwa kutembea), Nasal discharges (Makamasi), Discharge from the eyes (Machozi), Diarrhoea (Kuhara)]",13,6,2
2026-07-25,0.0,0.0,Mandera,Mandera South,Shimbir Fatuma,Qalnqalesa ,Goats,[Abortions (Mimba Kutoka)],369,23,20
2026-07-25,0.0,0.0,Mandera,Mandera South,Shimbir Fatuma,Qalnqalesa ,Goats,"[Discharge from the eyes (Machozi), Abortions (Mimba Kutoka)]",258,36,2
2026-07-25,0.0,0.0,Mandera,Mandera South,Shimbir Fatuma,Qalnqalesa ,Goats,"[Abortions (Mimba Kutoka), Discharge from the eyes (Machozi)]",256,13,0
2026-07-25,0.0,0.0,Mandera,Mandera South,Shimbir Fatuma,Qalnqalesa ,Sheep,"[Abortions (Mimba Kutoka), Discharge from the eyes (Machozi)]",56,21,0
2026-07-25,0.0,0.0,Mandera,Mandera South,Shimbir Fatuma,Qalnqalesa ,Sheep,"[Abortions (Mimba Kutoka), Wounds on Legs & mouth]",25,9,0
2026-07-25,0.0,0.0,Mandera,Mandera South,Shimbir Fatuma,Qalnqalesa ,Camel,[Discharge from the eyes (Machozi)],25,3,0
2026-07-25,0.0,0.0,Mandera,Mandera South,Shimbir Fatuma,Qalnqalesa ,Camel,[Discharge from the eyes (Machozi)],25,3,0
2026-07-25,0.0,0.0,Mandera,Mandera South,Shimbir Fatuma,Qalnqalesa ,Goats,"[Abortions (Mimba Kutoka), Diarrhoea (Kuhara)]",360,10,3
2026-07-25,0.0,0.0,Mandera,Mandera South,Shimbir Fatuma,Qalnqalesa ,Goats,[Abortions (Mimba Kutoka)],253,21,3
2026-07-25,0.0,0.0,Mandera,Mandera South,Shimbir Fatuma,Fincharo ,Chicken,[Diarrhoea (Kuhara)],15,6,2
2026-07-25,40.45773833333333,-0.03033,Garissa,Fafi,Jarajila,Alinjugur ,Goats,"[Difficulty breathing (Kushindwa Kupumua), Abortions (Mimba Kutoka)]",85,3,0
2026-07-25,41.4945605,3.9388988,Mandera,Mandera East,Lebahiya,Hareri,Goats,[Diarrhoea (Kuhara)],10,2,0
2026-07-25,40.8682209,3.5506096,Mandera,Mandera North,Morothile,Marothile ,Goats,"[Abortions (Mimba Kutoka), Difficulty breathing (Kushindwa Kupumua), Nasal discharges (Makamasi), Diarrhoea (Kuhara)]",125,16,4
2026-07-25,40.8682209,3.5506096,Mandera,Mandera North,Morothile,Marothile ,Goats,"[Abortions (Mimba Kutoka), Difficulty breathing (Kushindwa Kupumua), Nasal discharges (Makamasi), Diarrhoea (Kuhara)]",256,19,6
2026-07-25,40.8682209,3.5506096,Mandera,Mandera North,Morothile,Marothile ,Goats,"[Abortions (Mimba Kutoka), Difficulty breathing (Kushindwa Kupumua), Nasal discharges (Makamasi), Diarrhoea (Kuhara)]",101,7,2
2026-07-25,40.8682209,3.5506096,Mandera,Mandera North,Morothile,Marothile ,Sheep,"[Abortions (Mimba Kutoka), Difficulty breathing (Kushindwa Kupumua), Nasal discharges (Makamasi), Diarrhoea (Kuhara)]",119,9,2
2026-07-25,41.82952794246376,3.931068540550768,Mandera,Mandera East,Neboi,Shashafey,Goats,"[Abortions (Mimba Kutoka), Lameness (Kushindwa kutembea)]",26,1,0
2026-07-25,41.82948167435825,3.9312110748142,Mandera,Mandera East,Neboi,Shafshafey,Sheep,"[Lameness (Kushindwa kutembea), Difficulty breathing (Kushindwa Kupumua)]",28,1,0
2026-07-25,41.0713731,3.0590046,Mandera,Lafey,Alango Gof,Alungo ,Goats,"[Nasal discharges (Makamasi), Discharge from the eyes (Machozi)]",80,20,0
2026-07-25,41.0587761,3.0566941,Mandera,Lafey,Alango Gof,Alungo ,Goats,[Difficulty breathing (Kushindwa Kupumua)],60,20,1
2026-07-24,41.0587761,3.0566941,Mandera,Lafey,Alango Gof,Alungo ,Sheep,[Nasal discharges (Makamasi)],40,12,1
2026-07-26,40.7999207,4.1793321,Mandera,Banissa,Malkamari,Hullow,Goats,"[Lameness (Kushindwa kutembea), Nasal discharges (Makamasi), Discharge from the eyes (Machozi), Bloody Faeces]",33,15,9
2026-07-26,40.7999207,4.1793321,Mandera,Banissa,Malkamari,Hullow,Camel,"[Lamess (Kushindwa kutembea), Wounds on Legs & mouth, Discharge from the eyes (Machozi), Swollen glands]",12,5,1
2026-07-26,40.7999207,4.1793321,Mandera,Banissa,Malkamari,Hullow,Camel,"[Lamess (Kushindwa kutembea), Wounds on Legs & mouth, Discharge from the eyes (Machozi), Swollen glands]",11,8,2
2026-07-26,40.7999207,4.1793321,Mandera,Banissa,Malkamari,Hullow,Sheep,"[Lameness (Kushindwa kutembea), Nasal discharges (Makamasi), Discharge from the eyes (Machozi), Diarrhoea (Kuhara)]",7,4,1
2026-07-26,40.7999207,4.1793321,Mandera,Banissa,Malkamari,Hullow,Goats,"[Lameness (Kushindwa kutembea), Nasal discharges (Makamasi), Discharge from the eyes (Machozi), Bloody Faeces]",9,6,2
2026-07-26,40.7999207,4.1793321,Mandera,Banissa,Malkamari,Hullow,Sheep,"[Lameness (Kushindwa kutembea), Nasal discharges (Makamasi), Discharge from the eyes (Machozi), Diarrhoea (Kuhara)]",14,8,3
2026-07-26,38.9493577,3.4496454,Marsabit,Moyale,Butiye,Maeyi ,Goats,[Abortions (Mimba Kutoka)],73,5,0
2026-07-26,38.9493577,3.4496454,Marsabit,Moyale,Butiye,Maeyi ,Sheep,[Abortions (Mimba Kutoka)],41,2,0
2026-07-26,0.0,0.0,Mandera,Mandera East,Township,BP1,Goats,[Abortions (Mimba Kutoka)],43,2,0
2026-07-25,41.8585035,3.9369743,Mandera,Mandera West,Takaba,Kob Dedertu,Sheep,"[Abortions (Mimba Kutoka), Sudden Death (Kifo cha ghafla), Lameness (Kushindwa kutembea), Difficulty breathing (Kushindwa Kupumua), Nasal discharges (Makamasi), Discharge from the eyes (Machozi), Diarrhoea (Kuhara), Loss of weight]",99,31,11
2026-07-26,41.3242909,3.1552905,Mandera,Lafey,Lafey,Damasa ,Sheep,"[Pouring Saliva (Kumwaga mate), Lameness (Kushindwa kutembea), Nasal discharges (Makamasi)]",50,3,1
2026-07-26,40.2301595,3.3934968,Mandera,Mandera West,Takaba,Bulla Milimani ,Goats,"[Lameness (Kushindwa kutembea), Wounds on Legs & mouth, Difficulty breathing (Kushindwa Kupumua), Nasal discharges (Makamasi), Discharge from the eyes (Machozi), Diarrhoea (Kuhara), Skin swellings (uvimbe wa ngozi)]",150,30,6
2026-07-21,40.2287944,3.3928861,Mandera,Mandera West,Takaba,Bulla Elwka ,Camel,"[Lamess (Kushindwa kutembea), Wounds on Legs & mouth, Difficulty breathing (Kushindwa Kupumua), Skin swellings (uvimbe wa ngozi), Diarrhoea (Kuhara), Nasal discharges (Makamasi), Discharge from the eyes (Machozi)]",200,25,5
2026-07-26,40.871381,4.1086856,Mandera,Banissa,Malkamari,Hullow,Goats,"[Lameness (Kushindwa kutembea), Nasal discharges (Makamasi), Discharge from the eyes (Machozi), Bloody Faeces]",50,23,11
2026-07-26,40.871381,4.1086856,Mandera,Banissa,Malkamari,Hullow,Camel,"[Lamess (Kushindwa kutembea), Wounds on Legs & mouth, Discharge from the eyes (Machozi), Swollen glands]",13,7,1
2026-07-26,40.871381,4.1086856,Mandera,Banissa,Malkamari,Hullow,Camel,"[Lamess (Kushindwa kutembea), Wounds on Legs & mouth, Discharge from the eyes (Machozi), Swollen glands]",28,16,1
2026-07-26,40.871381,4.1086856,Mandera,Banissa,Malkamari,Hullow,Sheep,"[Lameness (Kushindwa kutembea), Nasal discharges (Makamasi), Discharge from the eyes (Machozi), Diarrhoea (Kuhara)]",8,6,2
2026-07-26,40.871381,4.1086856,Mandera,Banissa,Malkamari,Hullow,Sheep,"[Lameness (Kushindwa kutembea), Nasal discharges (Makamasi), Discharge from the eyes (Machozi), Diarrhoea (Kuhara)]",19,11,3
2026-07-26,40.871381,4.1086856,Mandera,Banissa,Malkamari,Hullow,Goats,"[Lameness (Kushindwa kutembea), Nasal discharges (Makamasi), Discharge from the eyes (Machozi), Bloody Faeces]",22,10,3
2026-07-26,41.8587612,3.9373407,Mandera,Mandera West,Takaba,Sukela Qalqalacha,Goats,"[Abortions (Mimba Kutoka), Sudden Death (Kifo cha ghafla), Lameness (Kushindwa kutembea), Pouring Saliva (Kumwaga mate), Difficulty breathing (Kushindwa Kupumua), Nasal discharges (Makamasi), Discharge from the eyes (Machozi), Swollen glands, Diarrhoea (Kuhara), Skin swellings (uvimbe wa ngozi)]",87,21,8
2026-07-19,0.0,0.0,Mandera,Mandera West,Takaba,Ardahalo ,Goats,"[Abortions (Mimba Kutoka), Lameness (Kushindwa kutembea), Wounds on Legs & mouth, Difficulty breathing (Kushindwa Kupumua), Discharge from the eyes (Machozi), Diarrhoea (Kuhara)]",70,12,4
2026-07-26,0.0,0.0,Mandera,Mandera West,Takaba,Ardahalo ,Chicken,"[Nasal discharges (Makamasi), Discoloured Faeces, Diarrhoea (Kuhara), Loss of weight, Swollen wattles and comb, Purple discoloration of wattles and combs]",25,8,4
2026-07-26,41.2204554,3.9329121,Mandera,Mandera North,Rhamu,Rhamu ,Goats,"[Lameness (Kushindwa kutembea), Difficulty breathing (Kushindwa Kupumua), Nasal discharges (Makamasi), Discharge from the eyes (Machozi), Diarrhoea (Kuhara), Skin swellings (uvimbe wa ngozi)]",198,18,2
2026-07-26,0.0,0.0,Mandera,Mandera South,Kutulo,Murmura,Goats,[Abortions (Mimba Kutoka)],400,7,0
2026-07-26,0.0,0.0,Mandera,Mandera South,Shimbir Fatuma,Dololo,Goats,[Skin swellings (uvimbe wa ngozi)],350,120,12
2026-07-26,0.0,0.0,Mandera,Mandera South,Shimbir Fatuma,Ano,Goats,[Skin swellings (uvimbe wa ngozi)],280,65,9
2026-07-26,0.0,0.0,Mandera,Mandera South,Shimbir Fatuma,Eltul,Camel,[Swollen glands],45,18,3
2026-07-26,0.0,0.0,Mandera,Mandera South,Shimbir Fatuma,Dololo,Camel,[Swollen glands],25,9,2
2026-07-26,0.0,0.0,Mandera,Mandera South,Shimbir Fatuma,Eltul,Goats,[Skin swellings (uvimbe wa ngozi)],250,45,12
2026-07-26,0.0,0.0,Mandera,Mandera South,Shimbir Fatuma,Ano,Goats,[Skin swellings (uvimbe wa ngozi)],145,32,9
2026-07-26,0.0,0.0,Mandera,Mandera South,Shimbir Fatuma,Dololo,Camel,[Swollen glands],52,12,4
2026-07-26,0.0,0.0,Mandera,Mandera South,Shimbir Fatuma,Dololo,Camel,[Swollen glands],32,9,2
2026-07-26,0.0,0.0,Mandera,Mandera South,Shimbir Fatuma,Ano,Goats,[Skin swellings (uvimbe wa ngozi)],250,35,5
2026-07-26,0.0,0.0,Mandera,Mandera South,Shimbir Fatuma,Eltul,Goats,[Skin swellings (uvimbe wa ngozi)],310,52,7
2026-07-26,0.0,0.0,Mandera,Mandera South,Shimbir Fatuma,Dololo,Camel,[Swollen glands],45,12,2
2026-07-26,0.0,0.0,Mandera,Mandera South,Shimbir Fatuma,Ano,Goats,[Skin swellings (uvimbe wa ngozi)],280,45,3
2026-07-26,39.0836087,3.5272851,Marsabit,Moyale,Heillu/Manyatta,Kashu Ali,Goats,"[Nasal discharges (Makamasi), Diarrhoea (Kuhara), Discharge from the eyes (Machozi)]",23,4,1
2026-07-26,41.81938416324556,3.930639261379838,Mandera,Mandera East,Neboi,Shafshafey,Goats,"[Lameness (Kushindwa kutembea), Difficulty breathing (Kushindwa Kupumua)]",28,1,0
2026-07-26,41.81932020932436,3.9305955916643134,Mandera,Mandera East,Neboi,Shafshafey,Sheep,"[Nasal discharges (Makamasi), Discharge from the eyes (Machozi)]",33,2,0
2026-07-22,41.2183146,3.9354597,Mandera,Mandera North,Guticha,Guticha,Goats,[Difficulty breathing (Kushindwa Kupumua)],19,3,0
2026-07-26,41.2180034,3.93553,Mandera,Mandera North,Guticha,Guticha,Cattle,[Others],27,6,0
2026-07-26,41.2180034,3.93553,Mandera,Mandera North,Guticha,Guticha,Sheep,[Nasal discharges (Makamasi)],13,2,0
2026-07-26,41.2180034,3.93553,Mandera,Mandera North,Guticha,Guticha,Goats,[Difficulty breathing (Kushindwa Kupumua)],19,4,0
2026-07-26,41.2180034,3.93553,Mandera,Mandera North,Guticha,Guticha,Camel,[Swollen glands],21,3,0
2026-07-26,41.2180034,3.93553,Mandera,Mandera North,Guticha,Guticha,Camel,[Others],17,3,0
2026-07-27,41.4141857,3.3766633,Mandera,Lafey,Fino,Fino,Camel,"[Pouring Saliva (Kumwaga mate), Skin swellings (uvimbe wa ngozi), Swollen glands]",50,30,20
2026-07-27,41.4141857,3.3766633,Mandera,Lafey,Fino,Bulla Maalim,Goats,"[Difficulty breathing (Kushindwa Kupumua), Nasal discharges (Makamasi), Diarrhoea (Kuhara)]",50,30,20
2026-07-27,41.4141857,3.3766633,Mandera,Lafey,Fino,Sheikh Barrow,Sheep,"[Nasal discharges (Makamasi), Difficulty breathing (Kushindwa Kupumua)]",50,30,20
2026-07-27,41.4141857,3.3766633,Mandera,Lafey,Fino,Duntow,Cattle,[Lameness (Kushindwa kutembea)],10,5,2
2026-07-27,0.0,0.0,Mandera,Lafey,Fino,Fino,Chicken,"[Nasal discharges (Makamasi), Loss of weight]",10,5,2
2026-07-27,36.8749718,1.3317924,Samburu,Samburu North,Angata Nanyokie,Barsaloi ,Goats,[Diarrhoea (Kuhara)],21,1,1
2026-07-27,41.0827081,3.0717468,Mandera,Lafey,Alango Gof,Alungo ,Goats,"[Nasal discharges (Makamasi), Discharge from the eyes (Machozi)]",80,20,2
2026-07-27,41.0827081,3.0717468,Mandera,Lafey,Alango Gof,Alungo ,Goats,"[Difficulty breathing (Kushindwa Kupumua), Nasal discharges (Makamasi)]",90,18,2
2026-07-27,41.0827081,3.0717468,Mandera,Lafey,Alango Gof,Alungo ,Goats,[Abortions (Mimba Kutoka)],69,19,1
2026-07-27,41.0827081,3.0717468,Mandera,Lafey,Alango Gof,Alungo ,Goats,[Diarrhoea (Kuhara)],50,15,1
2026-07-27,41.0827081,3.0717468,Mandera,Lafey,Alango Gof,Alungo ,Sheep,"[Discharge from the eyes (Machozi), Nasal discharges (Makamasi)]",60,25,1
2026-07-27,41.0827081,3.0717468,Mandera,Lafey,Alango Gof,Alungo ,Sheep,"[Discharge from the eyes (Machozi), Nasal discharges (Makamasi)]",80,15,1
2026-07-27,41.0581462,3.0567233,Mandera,Lafey,Alango Gof,Alungo ,Chicken,[Diarrhoea (Kuhara)],40,15,1
2026-07-27,41.0581462,3.0567233,Mandera,Lafey,Alango Gof,Alungo ,Chicken,[Soft shelled eggs],20,5,0
2026-07-25,40.2269645,3.3934103,Mandera,Mandera West,Takaba,Bulla Qohoti,Cattle,[Lameness (Kushindwa kutembea)],15,5,0
2026-07-26,40.2269645,3.3934103,Mandera,Mandera West,Takaba,Takaba ,Chicken,"[Nasal discharges (Makamasi), Discoloured Faeces]",20,6,2
2026-07-27,40.7999207,4.1793321,Mandera,Banissa,Malkamari,Hullow,Goats,"[Lameness (Kushindwa kutembea), Nasal discharges (Makamasi), Discharge from the eyes (Machozi), Bloody Faeces]",17,9,2
2026-07-27,40.7999207,4.1793321,Mandera,Banissa,Malkamari,Hullow,Camel,"[Lamess (Kushindwa kutembea), Wounds on Legs & mouth, Discharge from the eyes (Machozi), Swollen glands]",6,6,1
2026-07-27,40.7999207,4.1793321,Mandera,Banissa,Malkamari,Hullow,Camel,"[Lamess (Kushindwa kutembea), Wounds on Legs & mouth, Discharge from the eyes (Machozi), Swollen glands]",11,6,1
2026-07-27,40.7999207,4.1793321,Mandera,Banissa,Malkamari,Hullow,Sheep,"[Lameness (Kushindwa kutembea), Nasal discharges (Makamasi), Discharge from the eyes (Machozi), Diarrhoea (Kuhara)]",2,2,0
2026-07-27,40.7999207,4.1793321,Mandera,Banissa,Malkamari,Hullow,Sheep,"[Lameness (Kushindwa kutembea), Nasal discharges (Makamasi), Discharge from the eyes (Machozi), Diarrhoea (Kuhara)]",5,3,1
2026-07-27,40.7999207,4.1793321,Mandera,Banissa,Malkamari,Hullow,Goats,"[Lameness (Kushindwa kutembea), Nasal discharges (Makamasi), Discharge from the eyes (Machozi), Bloody Faeces]",9,6,0
2026-07-22,37.6561239,-0.4683383,Embu,Runyenjes,Kyeni South,Kaveti,Cattle,"[Sudden Death (Kifo cha ghafla), Bleeding from openings (Kuvunja damu), Others]",5,0,1
2026-07-27,0.0,0.0,Mandera,Mandera East,Township,BP1,Cattle,[Discharge from the eyes (Machozi)],18,2,0
2026-07-27,38.2078496,0.3169548,Isiolo,Garbatulla,Kinna,Jamii,Goats,"[Abortions (Mimba Kutoka), Lameness (Kushindwa kutembea), Swollen glands, Others, Diarrhoea (Kuhara)]",123,6,4
2026-07-27,38.786708,1.2116767,Isiolo,Merti,Cherub,Shauri Yako A,Goats,"[Difficulty breathing (Kushindwa Kupumua), Nasal discharges (Makamasi)]",10,2,0
2026-07-27,37.4216882,3.1401174,Marsabit,North Horr,Maikona,Korbobo ,Goats,[Sudden Death (Kifo cha ghafla)],23,2,2
2026-07-27,37.4216889,3.1401172,Marsabit,North Horr,Maikona,Duke ,Sheep,"[Diarrhoea (Kuhara), Bloody Faeces, Loss of weight, Others]",18,2,0
2026-07-27,37.4216916,3.1401175,Marsabit,North Horr,Maikona,Dofat,Goats,"[Difficulty breathing (Kushindwa Kupumua), Nasal discharges (Makamasi), Skin swellings (uvimbe wa ngozi), Others]",67,5,0
2026-07-27,37.4216882,3.1401174,Marsabit,North Horr,Maikona,Chira,Cattle,"[Lameness (Kushindwa kutembea), Wounds on Legs & mouth, Pouring Saliva (Kumwaga mate), Bleeding from openings (Kuvunja damu), Abortions (Mimba Kutoka), Discharge from the eyes (Machozi), Others]",34,6,0
2026-07-26,37.4272794,3.1298123,Marsabit,North Horr,Maikona,Badana ,Goats,"[Diarrhoea (Kuhara), Bloody Faeces, Others]",36,2,0
2026-07-21,37.4216908,3.1401224,Marsabit,North Horr,Maikona,Dololo Dimtu ,Goats,"[Diarrhoea (Kuhara), Bloody Faeces, Skin swellings (uvimbe wa ngozi)]",14,3,0
2026-07-26,37.4216874,3.1401177,Marsabit,North Horr,Maikona,Olom,Goats,"[Bloody Faeces, Diarrhoea (Kuhara), Others]",18,3,0
2026-07-26,37.421685,3.1401187,Marsabit,North Horr,Maikona,Boji,Goats,"[Abortions (Mimba Kutoka), Difficulty breathing (Kushindwa Kupumua), Nasal discharges (Makamasi), Skin swellings (uvimbe wa ngozi), Others]",16,3,0
2026-07-25,37.4216904,3.1401215,Marsabit,North Horr,Maikona,Kubi Qoti ,Sheep,"[Abortions (Mimba Kutoka), Loss of weight, Diarrhoea (Kuhara), Skin swellings (uvimbe wa ngozi)]",18,4,0
2026-07-24,37.4216907,3.1401221,Marsabit,North Horr,Maikona,Boji,Sheep,"[Loss of weight, Diarrhoea (Kuhara)]",12,3,0
2026-07-20,37.4216912,3.1401229,Marsabit,North Horr,Maikona,Chalbi ,Cattle,"[Pouring Saliva (Kumwaga mate), Bleeding from openings (Kuvunja damu), Lameness (Kushindwa kutembea), Wounds on Legs & mouth, Others]",15,3,0
2026-07-23,37.4216907,3.1401221,Marsabit,North Horr,Maikona,Borare ,Goats,"[Difficulty breathing (Kushindwa Kupumua), Nasal discharges (Makamasi)]",23,4,0
2026-07-22,37.4216899,3.1401208,Marsabit,North Horr,Maikona,Amuke,Sheep,"[Bloody Faeces, Diarrhoea (Kuhara), Loss of weight, Others, Abortions (Mimba Kutoka)]",12,3,0
2026-07-19,37.4216902,3.1401212,Marsabit,North Horr,Maikona,Kambi Guyo ,Camel,"[Skin swellings (uvimbe wa ngozi), Difficulty breathing (Kushindwa Kupumua), Swollen glands, Discharge from the eyes (Machozi), Nasal discharges (Makamasi), Abortions (Mimba Kutoka), Others]",37,4,0
2026-07-20,37.421691,3.1401231,Marsabit,North Horr,Maikona,Chile ,Sheep,"[Nasal discharges (Makamasi), Difficulty breathing (Kushindwa Kupumua), Loss of weight, Skin swellings (uvimbe wa ngozi)]",12,3,0
2026-07-27,38.789324,1.2113962,Isiolo,Merti,Cherub,KORBESA ,Cattle,"[Lameness (Kushindwa kutembea), Pouring Saliva (Kumwaga mate), Wounds on Legs & mouth]",45,3,0
2026-07-27,40.7999207,4.1793321,Mandera,Banissa,Malkamari,Hullow,Camel,"[Lamess (Kushindwa kutembea), Wounds on Legs & mouth, Discharge from the eyes (Machozi), Swollen glands]",20,14,1
2026-07-27,40.7999207,4.1793321,Mandera,Banissa,Malkamari,Hullow,Sheep,"[Lameness (Kushindwa kutembea), Nasal discharges (Makamasi), Discharge from the eyes (Machozi), Diarrhoea (Kuhara)]",2,2,0
2026-07-27,40.7999207,4.1793321,Mandera,Banissa,Malkamari,Hullow,Goats,"[Lameness (Kushindwa kutembea), Nasal discharges (Makamasi), Discharge from the eyes (Machozi), Bloody Faeces]",8,6,1
2026-07-27,40.7999207,4.1793321,Mandera,Banissa,Malkamari,Hullow,Camel,"[Lamess (Kushindwa kutembea), Wounds on Legs & mouth, Discharge from the eyes (Machozi), Swollen glands]",14,8,1
2026-07-27,40.7999207,4.1793321,Mandera,Banissa,Malkamari,Hullow,Sheep,"[Lameness (Kushindwa kutembea), Nasal discharges (Makamasi), Discharge from the eyes (Machozi), Diarrhoea (Kuhara)]",4,3,1
2026-07-27,40.7999207,4.1793321,Mandera,Banissa,Malkamari,Hullow,Goats,"[Lameness (Kushindwa kutembea), Nasal discharges (Makamasi), Discharge from the eyes (Machozi), Bloody Faeces]",13,7,2
2026-07-25,0.0,0.0,Turkana,Turkana Central,Kalokol,Kapokor Unit,Goats,[Abortions (Mimba Kutoka)],47,3,1
2026-07-27,38.1983922,0.5687755,Isiolo,Garbatulla,Kinna,Kulamawe ,Goats,"[Lameness (Kushindwa kutembea), Difficulty breathing (Kushindwa Kupumua)]",230,10,2
2026-07-31,0.0,0.0,Mandera,Mandera East,Township,BP1,Chicken,[Loss of weight],12,2,1
2026-07-27,38.1983922,0.5687755,Isiolo,Garbatulla,Kinna,Kulamawe ,Cattle,"[Skin swellings (uvimbe wa ngozi), Lameness (Kushindwa kutembea)]",52,5,0
2026-07-27,38.146571,0.291661,Isiolo,Garbatulla,Kinna,Rahma Rapsu ,Sheep,"[Difficulty breathing (Kushindwa Kupumua), Others]",68,4,4
2026-07-27,41.81931903585792,3.9303125347942114,Mandera,Mandera East,Neboi,Shafshafey,Chicken,"[Nasal discharges (Makamasi), Diarrhoea (Kuhara)]",14,2,0
2026-07-27,41.81902667507529,3.930165222845972,Mandera,Mandera East,Neboi,Shafshaf,Goats,"[Abortions (Mimba Kutoka), Nasal discharges (Makamasi)]",26,1,0
2026-07-28,41.81914234533906,3.9301149314269423,Mandera,Mandera East,Neboi,Shafshafe,Goats,"[Lameness (Kushindwa kutembea), Nasal discharges (Makamasi)]",32,2,0
2026-07-28,0.0,0.0,Isiolo,Garbatulla,Kinna,Bencher,Camel,"[Lamess (Kushindwa kutembea), Nasal discharges (Makamasi)]",125,15,0
2026-07-28,38.1426088,0.5696779,Isiolo,Garbatulla,Kinna,Bencher,Camel,"[Difficulty breathing (Kushindwa Kupumua), Nasal discharges (Makamasi)]",45,5,0
2026-07-28,38.1373975,0.5739699,Isiolo,Garbatulla,Kinna,Bencher,Goats,"[Sudden Death (Kifo cha ghafla), Difficulty breathing (Kushindwa Kupumua)]",230,20,2
2026-07-28,38.1373975,0.5739699,Isiolo,Garbatulla,Kinna,Bencher,Sheep,"[Lameness (Kushindwa kutembea), Nasal discharges (Makamasi)]",68,3,1
2026-08-07,5.3,7.2,Mandera,Mandera East,Township,Koromey,Goats,"[Pouring Saliva (Kumwaga mate), Nasal discharges (Makamasi)]",48,3,1
2026-07-28,41.82462025433779,3.9310719771310687,Mandera,Mandera East,Neboi,Shafshafey,Goats,"[Lameness (Kushindwa kutembea), Difficulty breathing (Kushindwa Kupumua)]",42,2,0
2026-07-28,41.2202412,3.9329629,Mandera,Mandera North,Rhamu,Rhamu ,Goats,"[Abortions (Mimba Kutoka), Lameness (Kushindwa kutembea), Nasal discharges (Makamasi), Discharge from the eyes (Machozi), Skin swellings (uvimbe wa ngozi)]",209,16,3
2026-07-28,41.2202412,3.9329629,Mandera,Mandera North,Rhamu,Rhamu ,Sheep,"[Pouring Saliva (Kumwaga mate), Lameness (Kushindwa kutembea), Nasal discharges (Makamasi), Skin swellings (uvimbe wa ngozi), Diarrhoea (Kuhara), Discharge from the eyes (Machozi)]",83,9,1
2026-07-28,41.2201368,3.9329275,Mandera,Mandera North,Rhamu,Rhamu ,Cattle,"[Pouring Saliva (Kumwaga mate), Aggressiveness (Ukali), Lameness (Kushindwa kutembea), Skin swellings (uvimbe wa ngozi), Nasal discharges (Makamasi)]",39,3,0
2026-07-28,41.2200673,3.9331658,Mandera,Mandera North,Rhamu,Rhamu ,Chicken,"[Nasal discharges (Makamasi), Diarrhoea (Kuhara)]",21,4,2
2026-07-28,0.0,0.0,Mandera,Mandera East,Township,BP1,Goats,[Diarrhoea (Kuhara)],36,3,0
2026-07-28,38.0833882,0.7795514,Isiolo,Garbatulla,Kinna,Gotu,Chicken,"[Discoloured Faeces, Purple discoloration of wattles and combs]",8,2,0
2026-07-28,38.0772729,0.778205,Isiolo,Garbatulla,Kinna,Gotu,Sheep,"[Lameness (Kushindwa kutembea), Diarrhoea (Kuhara)]",256,10,2
2026-07-28,38.0772729,0.778205,Isiolo,Garbatulla,Kinna,Gotu,Goats,"[Sudden Death (Kifo cha ghafla), Difficulty breathing (Kushindwa Kupumua)]",36,5,2
2026-07-28,38.0734695,0.7736589,Isiolo,Garbatulla,Kinna,Gotu,Camel,"[Swollen glands, Nasal discharges (Makamasi)]",120,10,0
2026-07-28,40.871381,4.1086856,Mandera,Banissa,Malkamari,Hullow,Goats,"[Lameness (Kushindwa kutembea), Nasal discharges (Makamasi), Discharge from the eyes (Machozi), Bloody Faeces]",11,5,1
2026-07-27,0.0,0.0,Turkana,Turkana West,Kalobeyei,Oropoi,Goats,"[Abortions (Mimba Kutoka), Bloody Faeces]",30,15,2
2026-07-28,41.82453978806734,3.931189575232565,Mandera,Mandera East,Neboi,Shafshafey,Goats,"[Discharge from the eyes (Machozi), Diarrhoea (Kuhara)]",25,1,0
2026-07-28,37.4216841,3.1401199,Marsabit,North Horr,Maikona,Boji,Sheep,"[Bloody Faeces, Diarrhoea (Kuhara), Loss of weight]",32,3,0
2026-07-28,37.4216844,3.1401183,Marsabit,North Horr,Maikona,Chiwe,Camel,"[Discharge from the eyes (Machozi), Nasal discharges (Makamasi), Swollen glands, Skin swellings (uvimbe wa ngozi), Difficulty breathing (Kushindwa Kupumua), Diarrhoea (Kuhara), Others]",37,2,0
2026-07-28,37.4272794,3.1298123,Marsabit,North Horr,Maikona,Lagloko ,Goats,"[Diarrhoea (Kuhara), Bloody Faeces, Others]",53,6,2
2026-07-28,37.4216908,3.1401215,Marsabit,North Horr,Maikona,Duke ,Sheep,"[Abortions (Mimba Kutoka), Diarrhoea (Kuhara), Loss of weight]",23,2,0
2026-07-28,37.4272794,3.1298123,Marsabit,North Horr,Maikona,Boke ,Sheep,"[Bloody Faeces, Diarrhoea (Kuhara), Loss of weight, Others]",39,2,0
2026-07-28,37.4272794,3.1298123,Marsabit,North Horr,Maikona,Amuke ,Sheep,"[Difficulty breathing (Kushindwa Kupumua), Nasal discharges (Makamasi), Others]",18,2,0
2026-07-28,37.4272794,3.1298123,Marsabit,North Horr,Maikona,Tandi,Cattle,"[Pouring Saliva (Kumwaga mate), Bleeding from openings (Kuvunja damu), Lameness (Kushindwa kutembea), Wounds on Legs & mouth, Others]",49,4,0
2026-07-28,37.4272794,3.1298123,Marsabit,North Horr,Maikona,Dofat ,Dogs,[Sudden Death (Kifo cha ghafla)],2,1,1
2026-07-28,40.871381,4.1086856,Mandera,Banissa,Malkamari,Hullow,Camel,"[Lamess (Kushindwa kutembea), Wounds on Legs & mouth, Discharge from the eyes (Machozi), Swollen glands]",4,4,1
2026-07-28,40.871381,4.1086856,Mandera,Banissa,Malkamari,Hullow,Goats,"[Lameness (Kushindwa kutembea), Nasal discharges (Makamasi), Discharge from the eyes (Machozi), Bloody Faeces]",23,14,4
2026-07-28,40.871381,4.1086856,Mandera,Banissa,Malkamari,Hullow,Sheep,"[Lameness (Kushindwa kutembea), Nasal discharges (Makamasi), Discharge from the eyes (Machozi), Diarrhoea (Kuhara)]",5,3,1
2026-07-28,40.871381,4.1086856,Mandera,Banissa,Malkamari,Hullow,Camel,"[Lamess (Kushindwa kutembea), Wounds on Legs & mouth, Discharge from the eyes (Machozi), Swollen glands]",7,4,1
2026-07-28,40.871381,4.1086856,Mandera,Banissa,Malkamari,Hullow,Sheep,"[Lameness (Kushindwa kutembea), Nasal discharges (Makamasi), Discharge from the eyes (Machozi), Diarrhoea (Kuhara)]",2,2,0
2026-07-28,41.4141857,3.3766633,Mandera,Lafey,Fino,Fino,Goats,"[Difficulty breathing (Kushindwa Kupumua), Nasal discharges (Makamasi)]",50,30,20
2026-07-28,41.4141857,3.3766633,Mandera,Lafey,Fino,Sheikh Barrow,Camel,"[Pouring Saliva (Kumwaga mate), Skin swellings (uvimbe wa ngozi), Swollen glands]",50,30,20
2026-07-28,41.4141857,3.3766633,Mandera,Lafey,Fino,Fino,Sheep,"[Nasal discharges (Makamasi), Difficulty breathing (Kushindwa Kupumua), Diarrhoea (Kuhara)]",50,30,20
2026-07-28,41.4141857,3.3766633,Mandera,Lafey,Fino,Bulla Maalim,Cattle,[Lameness (Kushindwa kutembea)],10,5,3
2026-07-28,40.45762333333333,-0.0303533333333333,Garissa,Fafi,Jarajila,Alinjugur ,Camel,"[Sudden Death (Kifo cha ghafla), Bleeding from openings (Kuvunja damu)]",50,6,1
2026-07-28,39.6748756,-0.5020384,Garissa,Garissa Township,Iftin,Bouralgy ,Goats,"[Difficulty breathing (Kushindwa Kupumua), Nasal discharges (Makamasi), Discharge from the eyes (Machozi), Others]",56,15,1
2026-07-28,0.0,0.0,Isiolo,Garbatulla,Sericho,badana,Cattle,"[Pouring Saliva (Kumwaga mate), Aggressiveness (Ukali), Lameness (Kushindwa kutembea), Wounds on Legs & mouth, Nasal discharges (Makamasi)]",250,60,0
2026-07-29,41.21844,3.933351666666667,Mandera,Mandera North,Rhamu-Dimtu,Yabicho ,Goats,"[Difficulty breathing (Kushindwa Kupumua), Nasal discharges (Makamasi)]",98,18,4
2026-07-29,41.21792333333333,3.933165,Mandera,Mandera North,Rhamu-Dimtu,Yabicho ,Goats,"[Difficulty breathing (Kushindwa Kupumua), Nasal discharges (Makamasi)]",95,17,3
2026-07-29,41.4141857,3.3766633,Mandera,Lafey,Fino,Fino,Goats,"[Difficulty breathing (Kushindwa Kupumua), Nasal discharges (Makamasi), Diarrhoea (Kuhara)]",50,30,20
2026-07-29,41.4141857,3.3766633,Mandera,Lafey,Fino,Duntow,Camel,"[Skin swellings (uvimbe wa ngozi), Swollen glands, Pouring Saliva (Kumwaga mate)]",50,30,20
2026-07-29,41.4141857,3.3766633,Mandera,Lafey,Fino,Bulla Maalim,Sheep,"[Nasal discharges (Makamasi), Diarrhoea (Kuhara), Difficulty breathing (Kushindwa Kupumua)]",50,30,20
2026-07-29,41.4141857,3.3766633,Mandera,Lafey,Fino,Sheikh Barrow,Cattle,"[Lameness (Kushindwa kutembea), Difficulty breathing (Kushindwa Kupumua)]",50,30,20
2026-07-29,41.4141857,3.3766633,Mandera,Lafey,Fino,Fino,Chicken,"[Discoloured Faeces, Nasal discharges (Makamasi)]",5,3,2
2026-07-29,41.186485,3.1512553,Mandera,Lafey,Lafey,Digdar ,Sheep,"[Discharge from the eyes (Machozi), Abortions (Mimba Kutoka)]",160,36,12
2026-07-29,41.186485,3.1512553,Mandera,Lafey,Lafey,Digdar ,Camel,"[Difficulty breathing (Kushindwa Kupumua), Diarrhoea (Kuhara)]",200,50,20
2026-07-29,41.186485,3.1512553,Mandera,Lafey,Lafey,Digdar ,Sheep,"[Nasal discharges (Makamasi), Discharge from the eyes (Machozi)]",150,31,12
2026-07-29,41.186485,3.1512553,Mandera,Lafey,Lafey,Digdar ,Goats,"[Lameness (Kushindwa kutembea), Discharge from the eyes (Machozi)]",90,21,10
2026-07-29,41.186485,3.1512553,Mandera,Lafey,Lafey,Digdar ,Goats,"[Discharge from the eyes (Machozi), Bleeding from openings (Kuvunja damu)]",120,21,13
2026-07-29,41.186485,3.1512553,Mandera,Lafey,Lafey,Digdar ,Camel,"[Abortions (Mimba Kutoka), Diarrhoea (Kuhara), Nasal discharges (Makamasi)]",130,50,21
2026-07-29,41.1864481,3.1511873,Mandera,Lafey,Lafey,Digdar ,Goats,"[Nasal discharges (Makamasi), Abortions (Mimba Kutoka)]",160,41,16
2026-07-29,41.1864562,3.1511973,Mandera,Lafey,Lafey,Digdar ,Goats,"[Discharge from the eyes (Machozi), Diarrhoea (Kuhara)]",200,31,21
2026-07-29,41.1865371,3.1513553,Mandera,Lafey,Lafey,Digdar ,Goats,"[Nasal discharges (Makamasi), Discharge from the eyes (Machozi), Abortions (Mimba Kutoka)]",180,50,31
2026-07-29,41.1864457,3.1511649,Mandera,Lafey,Lafey,Digdar ,Camel,"[Diarrhoea (Kuhara), Nasal discharges (Makamasi)]",200,61,31
2026-07-29,41.1864275,3.1511365,Mandera,Lafey,Lafey,Digdar ,Goats,"[Discharge from the eyes (Machozi), Diarrhoea (Kuhara)]",300,51,31
2026-07-29,41.1864393,3.1511547,Mandera,Lafey,Lafey,Digdar ,Sheep,"[Discharge from the eyes (Machozi), Loss of weight]",120,50,21
2026-07-29,41.1864393,3.1511547,Mandera,Lafey,Lafey,Digdar ,Goats,"[Abortions (Mimba Kutoka), Discharge from the eyes (Machozi)]",300,50,31
2026-07-29,0.0,0.0,Mandera,Banissa,Malkamari,Hullow,Goats,"[Lameness (Kushindwa kutembea), Nasal discharges (Makamasi), Discharge from the eyes (Machozi), Bloody Faeces]",31,18,7
2026-07-29,0.0,0.0,Mandera,Mandera East,Township,BP1,Goats,[Nasal discharges (Makamasi)],38,3,0
2026-07-27,39.9223343,3.6803127,Mandera,Mandera West,Gither,Giher,Camel,"[Abortions (Mimba Kutoka), Pouring Saliva (Kumwaga mate), Lamess (Kushindwa kutembea)]",25,12,2
2026-07-26,39.9223343,3.6803127,Mandera,Mandera West,Gither,Hardimtu,Goats,"[Abortions (Mimba Kutoka), Discharge from the eyes (Machozi), Diarrhoea (Kuhara)]",50,23,6
2026-07-30,36.9855022,0.6077759,Isiolo,Isiolo,Oldo/Nyiro,Loosira,Dogs,"[Sudden Death (Kifo cha ghafla), Aggressiveness (Ukali), Staggering (kutembea Kombo), Biting (Kuuma), Vomiting (kutapika)]",10,8,6
2026-07-29,40.860636,4.1187964,Mandera,Banissa,Malkamari,Hullow,Sheep,"[Lameness (Kushindwa kutembea), Nasal discharges (Makamasi), Discharge from the eyes (Machozi), Diarrhoea (Kuhara)]",12,7,2
2026-07-25,0.0,0.0,Mandera,Mandera South,Kutulo,Garbiti ,Sheep,[Abortions (Mimba Kutoka)],102,5,0
2026-08-09,0.0,0.0,Mandera,Lafey,Sala,Sala ,Cattle,[Nasal discharges (Makamasi)],3,2,1
2026-07-30,36.9855022,0.6077759,Isiolo,Isiolo,Oldo/Nyiro,Loosira ,Goats,"[Abortions (Mimba Kutoka), Sudden Death (Kifo cha ghafla), Pouring Saliva (Kumwaga mate), Lameness (Kushindwa kutembea), Difficulty breathing (Kushindwa Kupumua)]",200,10,4
2026-07-30,39.6729409,-0.4965789,Garissa,Garissa Township,Iftin,Bouralgy ,Cattle,[Sudden Death (Kifo cha ghafla)],11,1,1
2026-07-30,41.4166894,3.3821027,Mandera,Lafey,Fino,Fino,Goats,"[Difficulty breathing (Kushindwa Kupumua), Nasal discharges (Makamasi), Diarrhoea (Kuhara)]",50,30,20
2026-07-30,41.4166894,3.3821027,Mandera,Lafey,Fino,Sheikh Barrow,Camel,"[Skin swellings (uvimbe wa ngozi), Pouring Saliva (Kumwaga mate), Swollen glands]",50,30,20
2026-07-19,0.0,0.0,Isiolo,Isiolo,Oldo/Nyiro,Nkorika ,Camel,"[Pouring Saliva (Kumwaga mate), Lamess (Kushindwa kutembea), Swollen glands, Nasal discharges (Makamasi)]",50,4,0
2026-07-30,40.860636,4.1187964,Mandera,Banissa,Malkamari,Hullow,Sheep,"[Lameness (Kushindwa kutembea), Nasal discharges (Makamasi), Discharge from the eyes (Machozi), Diarrhoea (Kuhara)]",6,5,1
2026-07-30,40.860636,4.1187964,Mandera,Banissa,Malkamari,Hullow,Goats,"[Lameness (Kushindwa kutembea), Nasal discharges (Makamasi), Discharge from the eyes (Machozi), Bloody Faeces]",20,9,2
2026-07-29,40.860636,4.1187964,Mandera,Banissa,Malkamari,Hullow,Camel,"[Lamess (Kushindwa kutembea), Wounds on Legs & mouth, Discharge from the eyes (Machozi), Swollen glands]",15,9,1
2026-07-29,40.860636,4.1187964,Mandera,Banissa,Malkamari,Hullow,Camel,"[Lamess (Kushindwa kutembea), Wounds on Legs & mouth, Discharge from the eyes (Machozi), Swollen glands]",8,6,1
2026-07-30,36.98323833333333,0.6391399999999999,Isiolo,Isiolo,Oldo/Nyiro,Loshekinoi ,Goats,"[Lameness (Kushindwa kutembea), Difficulty breathing (Kushindwa Kupumua), Nasal discharges (Makamasi)]",62,3,0
2026-07-25,41.2203026,3.9328256,Mandera,Mandera North,Rhamu,Rhamu ,Goats,"[Abortions (Mimba Kutoka), Lameness (Kushindwa kutembea), Nasal discharges (Makamasi)]",203,22,2
2026-07-30,41.2203026,3.9328256,Mandera,Mandera North,Rhamu,Rhamu ,Sheep,"[Pouring Saliva (Kumwaga mate), Lameness (Kushindwa kutembea), Nasal discharges (Makamasi), Diarrhoea (Kuhara)]",89,17,1
2026-07-30,41.2203026,3.9328256,Mandera,Mandera North,Rhamu,Rhamu ,Cattle,"[Aggressiveness (Ukali), Lameness (Kushindwa kutembea), Diarrhoea (Kuhara), Discharge from the eyes (Machozi)]",34,5,0
2026-07-30,41.2203026,3.9328256,Mandera,Mandera North,Rhamu,Rhamu ,Chicken,"[Diarrhoea (Kuhara), Nasal discharges (Makamasi)]",22,6,3
2026-07-30,0.0,0.0,Mandera,Mandera East,Township,BP1,Goats,[Nasal discharges (Makamasi)],29,2,0
2026-07-20,40.3510447,3.9436328,Mandera,Banissa,Banissa,Burkuki,Cattle,[Lameness (Kushindwa kutembea)],100,20,5
2026-07-25,40.35019833333333,3.9415333333333336,Mandera,Banissa,Banissa,Hardawa,Cattle,[Lameness (Kushindwa kutembea)],60,10,4
2026-07-30,0.0,0.0,Mandera,Mandera East,Township,BP1,Cattle,[Wounds on Legs & mouth],17,1,0
2026-07-30,41.81903891265392,3.9303095592185855,Mandera,Mandera East,Neboi,Shafshafe,Sheep,"[Lameness (Kushindwa kutembea), Difficulty breathing (Kushindwa Kupumua)]",28,1,0
2026-07-30,40.860636,4.1187964,Mandera,Banissa,Malkamari,Artagarbja,Goats,"[Lameness (Kushindwa kutembea), Nasal discharges (Makamasi), Discharge from the eyes (Machozi), Bloody Faeces]",22,11,6
2026-07-30,40.860636,4.1187964,Mandera,Banissa,Malkamari,Artagarbaja,Sheep,"[Lameness (Kushindwa kutembea), Nasal discharges (Makamasi), Discharge from the eyes (Machozi), Diarrhoea (Kuhara)]",9,6,2
2026-07-30,40.860636,4.1187964,Mandera,Banissa,Malkamari,Artagarbaj,Camel,"[Lamess (Kushindwa kutembea), Wounds on Legs & mouth, Discharge from the eyes (Machozi), Swollen glands]",14,9,1
2026-07-30,40.860636,4.1187964,Mandera,Banissa,Malkamari,Artagarbaja ,Goats,"[Lameness (Kushindwa kutembea), Nasal discharges (Makamasi), Discharge from the eyes (Machozi), Bloody Faeces]",17,8,2
2026-07-30,40.860636,4.1187964,Mandera,Banissa,Malkamari,Artagarbaja ,Sheep,"[Lameness (Kushindwa kutembea), Nasal discharges (Makamasi), Discharge from the eyes (Machozi), Diarrhoea (Kuhara)]",5,4,1
2026-07-30,40.860636,4.1187964,Mandera,Banissa,Malkamari,Artagarbaja ,Camel,"[Lamess (Kushindwa kutembea), Wounds on Legs & mouth, Swollen glands, Discharge from the eyes (Machozi)]",32,8,3
2026-07-30,40.860636,4.1187964,Mandera,Banissa,Malkamari,Artagarbaja ,Sheep,"[Lameness (Kushindwa kutembea), Nasal discharges (Makamasi), Discharge from the eyes (Machozi), Diarrhoea (Kuhara)]",32,6,2
2026-07-30,40.860636,4.1187964,Mandera,Banissa,Malkamari,Artagarbaja ,Goats,"[Lameness (Kushindwa kutembea), Nasal discharges (Makamasi), Discharge from the eyes (Machozi), Bloody Faeces]",63,7,1
2026-07-30,39.2470153,3.1491043,Marsabit,Moyale,Golbo,Dabel,Goats,"[Difficulty breathing (Kushindwa Kupumua), Nasal discharges (Makamasi)]",58,4,0
2026-07-30,39.2470153,3.1491043,Marsabit,Moyale,Golbo,Dabel ,Goats,"[Difficulty breathing (Kushindwa Kupumua), Nasal discharges (Makamasi), Others]",47,3,0
2026-07-30,39.2470153,3.1491043,Marsabit,Moyale,Golbo,Dabel,Goats,"[Nasal discharges (Makamasi), Difficulty breathing (Kushindwa Kupumua), Others]",97,6,0
2026-07-30,37.5950116,0.364376,Isiolo,Merti,Cherub,Lafey,Sheep,"[Discharge from the eyes (Machozi), Loss of weight, Others]",100,30,0
2026-07-30,37.6148738,0.4618022,Isiolo,Isiolo,Ngare Mara,Trakta B,Goats,"[Difficulty breathing (Kushindwa Kupumua), Nasal discharges (Makamasi), Discharge from the eyes (Machozi), Diarrhoea (Kuhara), Others]",7,1,0
2026-07-30,0.0,0.0,Mandera,Mandera East,Arabia,Othaa,Sheep,"[Diarrhoea (Kuhara), Abortions (Mimba Kutoka), Lameness (Kushindwa kutembea)]",21,13,2
2026-07-30,0.0,0.0,Mandera,Mandera East,Arabia,Hegalow,Goats,"[Skin swellings (uvimbe wa ngozi), Abortions (Mimba Kutoka), Bleeding from openings (Kuvunja damu)]",190,93,12
2026-07-30,0.0,0.0,Mandera,Mandera East,Arabia,Othaa,Camel,"[Abortions (Mimba Kutoka), Bleeding from openings (Kuvunja damu), Nasal discharges (Makamasi)]",283,181,16
2026-07-30,0.0,0.0,Mandera,Mandera East,Arabia,Ali Bilow ,Goats,"[Abortions (Mimba Kutoka), Diarrhoea (Kuhara)]",281,26,12
2026-07-30,0.0,0.0,Mandera,Mandera East,Arabia,Hegalow ,Camel,"[Swollen glands, Abortions (Mimba Kutoka), Lamess (Kushindwa kutembea)]",45,13,9
2026-07-30,37.6318425,0.4919324,Isiolo,Isiolo,Ngare Mara,Trakta ,Sheep,"[Nasal discharges (Makamasi), Discharge from the eyes (Machozi), Others]",10,4,0
2026-07-29,41.81939011439681,3.930058437399566,Mandera,Mandera East,Neboi,Shafshaf,Sheep,"[Lameness (Kushindwa kutembea), Nasal discharges (Makamasi)]",35,2,0
2026-07-29,41.81906213052571,3.930173269473016,Mandera,Mandera East,Neboi,Shafshafe,Goats,"[Lameness (Kushindwa kutembea), Difficulty breathing (Kushindwa Kupumua)]",38,2,0
2026-07-29,41.81911845691502,3.930263416841626,Mandera,Mandera East,Neboi,Shafshafey,Goats,"[Difficulty breathing (Kushindwa Kupumua), Nasal discharges (Makamasi)]",29,1,0
2026-07-30,41.819063471630216,3.930119457654655,Mandera,Mandera East,Neboi,Shafshafe,Goats,"[Lameness (Kushindwa kutembea), Difficulty breathing (Kushindwa Kupumua)]",35,2,0
2026-07-19,0.0,0.0,Marsabit,North Horr,Maikona,Kutur,Camel,[Aggressiveness (Ukali)],5,1,0
2026-07-21,0.0,0.0,Marsabit,North Horr,Maikona,Arerite,Goats,[Nasal discharges (Makamasi)],12,1,0
2026-07-23,0.0,0.0,Marsabit,North Horr,Maikona,Aranqesa ,Goats,[Abortions (Mimba Kutoka)],15,3,0
2026-07-25,0.0,0.0,Marsabit,North Horr,Maikona,Olom,Goats,"[Lameness (Kushindwa kutembea), Diarrhoea (Kuhara)]",12,3,0
2026-07-27,0.0,0.0,Marsabit,North Horr,Maikona,Kurawa,Goats,[Nasal discharges (Makamasi)],15,2,0
2026-07-29,0.0,0.0,Marsabit,North Horr,Maikona,Kutur,Goats,"[Diarrhoea (Kuhara), Nasal discharges (Makamasi)]",15,3,0
2026-07-30,0.0,0.0,Marsabit,North Horr,Maikona,Rage,Camel,[Discharge from the eyes (Machozi)],5,2,0
2026-07-31,41.819356167688966,3.930679075419903,Mandera,Mandera East,Neboi,Shafshafe,Goats,"[Lameness (Kushindwa kutembea), Nasal discharges (Makamasi)]",35,2,0
2026-07-31,41.81941978633404,3.930630167014897,Mandera,Mandera East,Neboi,Shafshafey,Sheep,"[Difficulty breathing (Kushindwa Kupumua), Nasal discharges (Makamasi)]",45,3,0
2026-07-31,37.6411569,0.5014854,Isiolo,Isiolo,Ngare Mara,Ngare Mara Juu,Goats,"[Difficulty breathing (Kushindwa Kupumua), Nasal discharges (Makamasi), Others]",12,2,0
2026-07-31,37.6508027,0.5042345,Isiolo,Isiolo,Ngare Mara,Ngare Mara Juu,Sheep,[Others],15,1,0
2026-07-31,40.860636,4.1187964,Mandera,Banissa,Malkamari,Hullow,Sheep,"[Lameness (Kushindwa kutembea), Nasal discharges (Makamasi), Discharge from the eyes (Machozi), Diarrhoea (Kuhara)]",7,5,2
2026-07-31,41.4151246,3.3732249,Mandera,Lafey,Fino,Fino,Camel,"[Pouring Saliva (Kumwaga mate), Skin swellings (uvimbe wa ngozi), Swollen glands]",50,30,20
2026-07-31,0.0,0.0,Mandera,Mandera East,Township,BP1,Sheep,[Diarrhoea (Kuhara)],18,3,0
2026-07-31,40.860636,4.1187964,Mandera,Banissa,Malkamari,Hullow,Goats,"[Lameness (Kushindwa kutembea), Nasal discharges (Makamasi), Discharge from the eyes (Machozi), Bloody Faeces]",13,7,2
2026-07-31,40.2307135,3.3922941,Mandera,Mandera West,Takaba,Bulla Elwka ,Goats,"[Lameness (Kushindwa kutembea), Difficulty breathing (Kushindwa Kupumua), Nasal discharges (Makamasi), Discharge from the eyes (Machozi), Diarrhoea (Kuhara), Skin swellings (uvimbe wa ngozi)]",40,15,2
2026-07-27,40.2307135,3.3922941,Mandera,Mandera West,Takaba,Bulla Milimani ,Camel,"[Lamess (Kushindwa kutembea), Difficulty breathing (Kushindwa Kupumua), Skin swellings (uvimbe wa ngozi), Diarrhoea (Kuhara), Discharge from the eyes (Machozi), Nasal discharges (Makamasi)]",30,6,0
2026-07-28,2.1325411322212477e+23,3.625324571253642e+35,Turkana,Turkana West,Lopur,Lomilimil ,Goats,"[Abortions (Mimba Kutoka), Lameness (Kushindwa kutembea), Nasal discharges (Makamasi), Diarrhoea (Kuhara)]",150,5,2
2026-07-31,40.45781333333333,-0.0302933333333333,Garissa,Fafi,Jarajila,Alinjugur ,Cattle,"[Pouring Saliva (Kumwaga mate), Wounds on Legs & mouth, Lameness (Kushindwa kutembea)]",80,253,3
2026-07-31,41.84276422485709,3.9301620377227664,Mandera,Mandera East,Neboi,Shafshaf,Sheep,"[Lameness (Kushindwa kutembea), Difficulty breathing (Kushindwa Kupumua)]",36,2,0
2026-07-31,0.0,0.0,Turkana,Turkana West,Kalobeyei,NAWOUNTOS ,Cattle,"[Pouring Saliva (Kumwaga mate), Aggressiveness (Ukali)]",15,5,0
2026-07-31,0.0,0.0,Turkana,Turkana West,Kalobeyei,Namaniko ,Cattle,"[Lameness (Kushindwa kutembea), Difficulty breathing (Kushindwa Kupumua)]",27,7,3
2026-07-28,41.8473903,3.9245096,Mandera,Banissa,Banissa,Domal ,Dogs,[Diarrhoea (Kuhara)],285,6,2
2026-07-31,41.8461707,3.9243321,Mandera,Banissa,Banissa,Domal,Goats,[Nasal discharges (Makamasi)],305,11,2
2026-07-31,41.8461707,3.9243321,Mandera,Banissa,Banissa,Shobtoy ,Goats,[Difficulty breathing (Kushindwa Kupumua)],260,11,2
2026-07-31,41.8461707,3.9243321,Mandera,Banissa,Banissa,Soroba ,Goats,[Diarrhoea (Kuhara)],270,10,2
2026-07-31,41.8471922,3.9259907,Mandera,Banissa,Banissa,Danich ,Goats,[Discharge from the eyes (Machozi)],260,11,2
2026-07-31,41.8471922,3.9259907,Mandera,Banissa,Banissa,Handrak ,Goats,[Diarrhoea (Kuhara)],315,11,2
2026-07-31,41.81916053406894,3.9302303921431294,Mandera,Mandera East,Neboi,Shafshafe,Goats,"[Difficulty breathing (Kushindwa Kupumua), Nasal discharges (Makamasi)]",32,1,0
2026-07-31,41.21769833333333,3.933151666666667,Mandera,Mandera North,Rhamu-Dimtu,Yabicho ,Goats,"[Difficulty breathing (Kushindwa Kupumua), Nasal discharges (Makamasi)]",98,18,5
2026-07-31,41.21837666666667,3.93376,Mandera,Mandera North,Rhamu-Dimtu,Yabicho ,Goats,"[Difficulty breathing (Kushindwa Kupumua), Nasal discharges (Makamasi)]",86,17,4
2026-07-31,41.21829666666666,3.933975,Mandera,Mandera North,Rhamu-Dimtu,Yabicho ,Goats,"[Nasal discharges (Makamasi), Difficulty breathing (Kushindwa Kupumua)]",78,15,3
2026-08-04,0.0,0.0,Mandera,Mandera East,Arabia,Farey,Goats,[Abortions (Mimba Kutoka)],95,5,3
2026-07-31,0.0,0.0,Marsabit,North Horr,North Horr,Galasa,Goats,"[Sudden Death (Kifo cha ghafla), Wounds on Legs & mouth, Difficulty breathing (Kushindwa Kupumua), Nasal discharges (Makamasi), Discharge from the eyes (Machozi), Swollen glands, Skin swellings (uvimbe wa ngozi)]",23,7,2
2026-07-31,0.0,0.0,Marsabit,North Horr,North Horr,Galasa,Camel,"[Abortions (Mimba Kutoka), Skin swellings (uvimbe wa ngozi), Swollen glands, Nasal discharges (Makamasi), Discharge from the eyes (Machozi)]",13,2,0
2026-07-31,0.0,0.0,Marsabit,North Horr,North Horr,Galasa,Goats,"[Lameness (Kushindwa kutembea), Wounds on Legs & mouth, Difficulty breathing (Kushindwa Kupumua), Nasal discharges (Makamasi), Discharge from the eyes (Machozi), Swollen glands, Diarrhoea (Kuhara), Skin swellings (uvimbe wa ngozi)]",27,7,3
2026-07-31,0.0,0.0,Marsabit,North Horr,North Horr,Galasa,Sheep,"[Lameness (Kushindwa kutembea), Wounds on Legs & mouth, Difficulty breathing (Kushindwa Kupumua), Nasal discharges (Makamasi), Discharge from the eyes (Machozi), Skin swellings (uvimbe wa ngozi), Loss of weight]",14,2,0
2026-07-31,0.0,0.0,Marsabit,North Horr,North Horr,Galasa,Goats,"[Sudden Death (Kifo cha ghafla), Lameness (Kushindwa kutembea), Wounds on Legs & mouth, Difficulty breathing (Kushindwa Kupumua), Nasal discharges (Makamasi), Discharge from the eyes (Machozi), Swollen glands, Skin swellings (uvimbe wa ngozi)]",25,6,2
2026-07-31,0.0,0.0,Marsabit,North Horr,North Horr,Galasa,Sheep,"[Abortions (Mimba Kutoka), Nasal discharges (Makamasi), Discharge from the eyes (Machozi), Skin swellings (uvimbe wa ngozi), Loss of weight]",13,2,0
2026-07-31,0.0,0.0,Marsabit,North Horr,North Horr,Gaalasa,Goats,"[Sudden Death (Kifo cha ghafla), Bleeding from openings (Kuvunja damu), Lameness (Kushindwa kutembea), Wounds on Legs & mouth, Difficulty breathing (Kushindwa Kupumua), Nasal discharges (Makamasi), Discharge from the eyes (Machozi), Swollen glands, Skin swellings (uvimbe wa ngozi)]",22,6,1
2026-07-31,0.0,0.0,Marsabit,North Horr,North Horr,Galasa,Goats,"[Sudden Death (Kifo cha ghafla), Lameness (Kushindwa kutembea), Wounds on Legs & mouth, Difficulty breathing (Kushindwa Kupumua), Nasal discharges (Makamasi), Discharge from the eyes (Machozi), Swollen glands, Skin swellings (uvimbe wa ngozi)]",24,7,2
2026-07-31,0.0,0.0,Marsabit,North Horr,North Horr,Galasa,Camel,"[Lamess (Kushindwa kutembea), Wounds on Legs & mouth, Difficulty breathing (Kushindwa Kupumua), Skin swellings (uvimbe wa ngozi), Swollen glands, Nasal discharges (Makamasi), Discharge from the eyes (Machozi)]",14,2,0
2026-07-31,0.0,0.0,Marsabit,North Horr,North Horr,Galasa,Goats,"[Abortions (Mimba Kutoka), Nasal discharges (Makamasi), Discharge from the eyes (Machozi), Swollen glands, Diarrhoea (Kuhara), Skin swellings (uvimbe wa ngozi)]",15,3,0
2026-07-31,0.0,0.0,Marsabit,North Horr,North Horr,Galasa,Goats,"[Abortions (Mimba Kutoka), Nasal discharges (Makamasi), Discharge from the eyes (Machozi), Swollen glands, Skin swellings (uvimbe wa ngozi), Diarrhoea (Kuhara)]",13,2,0
2026-07-31,0.0,0.0,Marsabit,North Horr,North Horr,Galasa,Goats,"[Lameness (Kushindwa kutembea), Bleeding from openings (Kuvunja damu), Wounds on Legs & mouth, Difficulty breathing (Kushindwa Kupumua), Nasal discharges (Makamasi), Discharge from the eyes (Machozi), Swollen glands, Skin swellings (uvimbe wa ngozi), Diarrhoea (Kuhara)]",27,6,2
2026-07-31,0.0,0.0,Marsabit,North Horr,North Horr,Galasa,Goats,"[Wounds on Legs & mouth, Lameness (Kushindwa kutembea), Difficulty breathing (Kushindwa Kupumua), Nasal discharges (Makamasi), Discharge from the eyes (Machozi), Swollen glands, Diarrhoea (Kuhara), Skin swellings (uvimbe wa ngozi), Bleeding from openings (Kuvunja damu), Sudden Death (Kifo cha ghafla)]",23,5,2
2026-07-28,0.0,0.0,Marsabit,North Horr,North Horr,Galasa,Goats,"[Pouring Saliva (Kumwaga mate), Lameness (Kushindwa kutembea), Wounds on Legs & mouth, Difficulty breathing (Kushindwa Kupumua), Nasal discharges (Makamasi), Discharge from the eyes (Machozi), Swollen glands, Diarrhoea (Kuhara), Skin swellings (uvimbe wa ngozi)]",27,8,4
2026-07-28,0.0,0.0,Marsabit,North Horr,North Horr,Galasa,Goats,"[Sudden Death (Kifo cha ghafla), Lameness (Kushindwa kutembea), Wounds on Legs & mouth, Difficulty breathing (Kushindwa Kupumua), Nasal discharges (Makamasi), Discharge from the eyes (Machozi), Swollen glands, Diarrhoea (Kuhara), Skin swellings (uvimbe wa ngozi)]",26,7,3
2026-07-28,0.0,0.0,Marsabit,North Horr,North Horr,Galasa,Goats,"[Sudden Death (Kifo cha ghafla), Wounds on Legs & mouth, Lameness (Kushindwa kutembea), Difficulty breathing (Kushindwa Kupumua), Nasal discharges (Makamasi), Discharge from the eyes (Machozi), Swollen glands, Skin swellings (uvimbe wa ngozi)]",24,5,2
2026-07-28,0.0,0.0,Marsabit,North Horr,North Horr,Galasa,Goats,"[Lameness (Kushindwa kutembea), Wounds on Legs & mouth, Difficulty breathing (Kushindwa Kupumua), Nasal discharges (Makamasi), Discharge from the eyes (Machozi), Swollen glands, Skin swellings (uvimbe wa ngozi), Diarrhoea (Kuhara)]",23,6,2
2026-07-28,0.0,0.0,Marsabit,North Horr,North Horr,Galasa,Camel,"[Abortions (Mimba Kutoka), Skin swellings (uvimbe wa ngozi), Swollen glands, Nasal discharges (Makamasi), Discharge from the eyes (Machozi)]",12,2,0
2026-07-25,0.0,0.0,Marsabit,North Horr,North Horr,Galasa,Sheep,"[Lameness (Kushindwa kutembea), Wounds on Legs & mouth, Difficulty breathing (Kushindwa Kupumua), Nasal discharges (Makamasi), Discharge from the eyes (Machozi), Skin swellings (uvimbe wa ngozi), Diarrhoea (Kuhara), Loss of weight]",13,2,0
2026-07-25,0.0,0.0,Marsabit,North Horr,North Horr,Galasa,Camel,"[Lamess (Kushindwa kutembea), Wounds on Legs & mouth, Difficulty breathing (Kushindwa Kupumua), Skin swellings (uvimbe wa ngozi), Bloody Faeces, Diarrhoea (Kuhara), Swollen glands, Nasal discharges (Makamasi), Discharge from the eyes (Machozi)]",15,3,0
2026-07-25,0.0,0.0,Marsabit,North Horr,North Horr,Galasa,Goats,"[Sudden Death (Kifo cha ghafla), Lameness (Kushindwa kutembea), Wounds on Legs & mouth, Difficulty breathing (Kushindwa Kupumua), Nasal discharges (Makamasi), Discharge from the eyes (Machozi), Swollen glands, Diarrhoea (Kuhara), Skin swellings (uvimbe wa ngozi)]",25,4,2
2026-07-25,0.0,0.0,Marsabit,North Horr,North Horr,Galasa,Goats,"[Sudden Death (Kifo cha ghafla), Lameness (Kushindwa kutembea), Wounds on Legs & mouth, Difficulty breathing (Kushindwa Kupumua), Nasal discharges (Makamasi), Discharge from the eyes (Machozi), Swollen glands, Skin swellings (uvimbe wa ngozi), Diarrhoea (Kuhara)]",26,7,3
2026-07-25,0.0,0.0,Marsabit,North Horr,North Horr,Galasa,Goats,"[Sudden Death (Kifo cha ghafla), Lameness (Kushindwa kutembea), Wounds on Legs & mouth, Difficulty breathing (Kushindwa Kupumua), Nasal discharges (Makamasi), Discharge from the eyes (Machozi), Swollen glands, Diarrhoea (Kuhara), Skin swellings (uvimbe wa ngozi)]",24,7,2
2026-07-24,0.0,0.0,Marsabit,North Horr,North Horr,Galasa,Goats,"[Pouring Saliva (Kumwaga mate), Lameness (Kushindwa kutembea), Wounds on Legs & mouth, Difficulty breathing (Kushindwa Kupumua), Nasal discharges (Makamasi), Discharge from the eyes (Machozi), Swollen glands, Diarrhoea (Kuhara), Skin swellings (uvimbe wa ngozi)]",21,4,2
2026-07-24,0.0,0.0,Marsabit,North Horr,North Horr,Galasa,Goats,"[Lameness (Kushindwa kutembea), Sudden Death (Kifo cha ghafla), Wounds on Legs & mouth, Difficulty breathing (Kushindwa Kupumua), Nasal discharges (Makamasi), Discharge from the eyes (Machozi), Swollen glands, Diarrhoea (Kuhara), Skin swellings (uvimbe wa ngozi)]",24,5,1
2026-07-24,0.0,0.0,Marsabit,North Horr,North Horr,Galasa,Sheep,"[Pouring Saliva (Kumwaga mate), Lameness (Kushindwa kutembea), Wounds on Legs & mouth, Difficulty breathing (Kushindwa Kupumua), Nasal discharges (Makamasi), Discharge from the eyes (Machozi), Skin swellings (uvimbe wa ngozi), Diarrhoea (Kuhara), Loss of weight]",15,3,1
2026-07-24,0.0,0.0,Marsabit,North Horr,North Horr,Galasa,Camel,"[Pouring Saliva (Kumwaga mate), Lamess (Kushindwa kutembea), Wounds on Legs & mouth, Difficulty breathing (Kushindwa Kupumua), Skin swellings (uvimbe wa ngozi), Diarrhoea (Kuhara), Swollen glands, Nasal discharges (Makamasi), Discharge from the eyes (Machozi)]",16,4,0
2026-07-24,0.0,0.0,Marsabit,North Horr,North Horr,Galasa,Goats,"[Sudden Death (Kifo cha ghafla), Bleeding from openings (Kuvunja damu), Lameness (Kushindwa kutembea), Wounds on Legs & mouth, Difficulty breathing (Kushindwa Kupumua), Nasal discharges (Makamasi), Discharge from the eyes (Machozi), Swollen glands, Diarrhoea (Kuhara), Skin swellings (uvimbe wa ngozi)]",27,8,3
2026-07-24,0.0,0.0,Marsabit,North Horr,North Horr,Galasa,Camel,"[Lamess (Kushindwa kutembea), Wounds on Legs & mouth, Difficulty breathing (Kushindwa Kupumua), Skin swellings (uvimbe wa ngozi), Diarrhoea (Kuhara), Swollen glands, Nasal discharges (Makamasi), Discharge from the eyes (Machozi)]",15,3,0
2026-07-24,0.0,0.0,Marsabit,North Horr,North Horr,Galasa,Camel,"[Abortions (Mimba Kutoka), Skin swellings (uvimbe wa ngozi), Diarrhoea (Kuhara), Swollen glands, Nasal discharges (Makamasi), Discharge from the eyes (Machozi)]",13,2,0
2026-07-24,0.0,0.0,Marsabit,North Horr,North Horr,Galasa,Sheep,"[Lameness (Kushindwa kutembea), Wounds on Legs & mouth, Difficulty breathing (Kushindwa Kupumua), Nasal discharges (Makamasi), Discharge from the eyes (Machozi), Skin swellings (uvimbe wa ngozi), Diarrhoea (Kuhara), Loss of weight]",14,2,0
2026-07-24,0.0,0.0,Marsabit,North Horr,North Horr,Galasa,Sheep,"[Abortions (Mimba Kutoka), Nasal discharges (Makamasi), Discharge from the eyes (Machozi), Skin swellings (uvimbe wa ngozi), Diarrhoea (Kuhara), Loss of weight]",13,2,0
2026-07-24,0.0,0.0,Marsabit,North Horr,North Horr,Galasa,Goats,"[Sudden Death (Kifo cha ghafla), Lameness (Kushindwa kutembea), Wounds on Legs & mouth, Difficulty breathing (Kushindwa Kupumua), Nasal discharges (Makamasi), Discharge from the eyes (Machozi), Swollen glands, Diarrhoea (Kuhara), Skin swellings (uvimbe wa ngozi)]",22,5,2
2026-07-24,0.0,0.0,Marsabit,North Horr,North Horr,Galasa,Goats,"[Bleeding from openings (Kuvunja damu), Pouring Saliva (Kumwaga mate), Lameness (Kushindwa kutembea), Wounds on Legs & mouth, Difficulty breathing (Kushindwa Kupumua), Nasal discharges (Makamasi), Discharge from the eyes (Machozi), Swollen glands, Diarrhoea (Kuhara), Skin swellings (uvimbe wa ngozi)]",26,7,3
2026-07-24,0.0,0.0,Marsabit,North Horr,North Horr,Galasa,Goats,"[Sudden Death (Kifo cha ghafla), Lameness (Kushindwa kutembea), Wounds on Legs & mouth, Difficulty breathing (Kushindwa Kupumua), Nasal discharges (Makamasi), Discharge from the eyes (Machozi), Swollen glands, Diarrhoea (Kuhara), Skin swellings (uvimbe wa ngozi)]",25,7,2
2026-07-24,0.0,0.0,Marsabit,North Horr,North Horr,Galasa,Goats,"[Sudden Death (Kifo cha ghafla), Pouring Saliva (Kumwaga mate), Wounds on Legs & mouth, Difficulty breathing (Kushindwa Kupumua), Nasal discharges (Makamasi), Discharge from the eyes (Machozi), Swollen glands, Diarrhoea (Kuhara), Skin swellings (uvimbe wa ngozi)]",23,6,1
2026-07-24,0.0,0.0,Marsabit,North Horr,North Horr,Galasa,Goats,"[Abortions (Mimba Kutoka), Nasal discharges (Makamasi), Discharge from the eyes (Machozi), Swollen glands, Skin swellings (uvimbe wa ngozi), Diarrhoea (Kuhara)]",15,3,1
2026-07-23,0.0,0.0,Marsabit,North Horr,North Horr,Galasa,Goats,"[Lameness (Kushindwa kutembea), Wounds on Legs & mouth, Difficulty breathing (Kushindwa Kupumua), Nasal discharges (Makamasi), Discharge from the eyes (Machozi), Swollen glands, Diarrhoea (Kuhara), Skin swellings (uvimbe wa ngozi)]",27,6,2
2026-07-22,0.0,0.0,Marsabit,North Horr,North Horr,Galasa,Sheep,"[Lameness (Kushindwa kutembea), Wounds on Legs & mouth, Difficulty breathing (Kushindwa Kupumua), Nasal discharges (Makamasi), Discharge from the eyes (Machozi), Skin swellings (uvimbe wa ngozi), Loss of weight]",14,2,1
2026-07-22,0.0,0.0,Marsabit,North Horr,North Horr,Galasa,Sheep,"[Abortions (Mimba Kutoka), Nasal discharges (Makamasi), Discharge from the eyes (Machozi), Skin swellings (uvimbe wa ngozi), Loss of weight, Diarrhoea (Kuhara)]",13,2,0
2026-07-22,0.0,0.0,Marsabit,North Horr,North Horr,Galasa,Camel,"[Lamess (Kushindwa kutembea), Wounds on Legs & mouth, Difficulty breathing (Kushindwa Kupumua), Skin swellings (uvimbe wa ngozi), Diarrhoea (Kuhara), Swollen glands, Nasal discharges (Makamasi), Discharge from the eyes (Machozi)]",15,2,1
2026-07-22,0.0,0.0,Marsabit,North Horr,North Horr,Galasa,Camel,"[Abortions (Mimba Kutoka), Skin swellings (uvimbe wa ngozi), Diarrhoea (Kuhara), Swollen glands, Nasal discharges (Makamasi), Discharge from the eyes (Machozi)]",20,5,2
2026-07-22,0.0,0.0,Marsabit,North Horr,North Horr,Galasa,Goats,"[Sudden Death (Kifo cha ghafla), Lameness (Kushindwa kutembea), Wounds on Legs & mouth, Difficulty breathing (Kushindwa Kupumua), Nasal discharges (Makamasi), Discharge from the eyes (Machozi), Swollen glands, Skin swellings (uvimbe wa ngozi)]",23,6,2
2026-07-21,0.0,0.0,Marsabit,North Horr,North Horr,Galasa,Camel,"[Abortions (Mimba Kutoka), Skin swellings (uvimbe wa ngozi), Diarrhoea (Kuhara), Swollen glands, Nasal discharges (Makamasi), Discharge from the eyes (Machozi)]",21,5,1
2026-07-21,0.0,0.0,Marsabit,North Horr,North Horr,Galasa,Goats,"[Bleeding from openings (Kuvunja damu), Sudden Death (Kifo cha ghafla), Lameness (Kushindwa kutembea), Wounds on Legs & mouth, Difficulty breathing (Kushindwa Kupumua), Nasal discharges (Makamasi), Discharge from the eyes (Machozi), Swollen glands, Diarrhoea (Kuhara), Skin swellings (uvimbe wa ngozi)]",22,4,2
2026-07-21,0.0,0.0,Marsabit,North Horr,North Horr,Galasa,Goats,"[Lameness (Kushindwa kutembea), Wounds on Legs & mouth, Difficulty breathing (Kushindwa Kupumua), Nasal discharges (Makamasi), Discharge from the eyes (Machozi), Swollen glands, Diarrhoea (Kuhara), Skin swellings (uvimbe wa ngozi)]",26,7,2
2026-07-21,0.0,0.0,Marsabit,North Horr,North Horr,Galasa,Goats,"[Sudden Death (Kifo cha ghafla), Pouring Saliva (Kumwaga mate), Lameness (Kushindwa kutembea), Wounds on Legs & mouth, Difficulty breathing (Kushindwa Kupumua), Nasal discharges (Makamasi), Discharge from the eyes (Machozi), Swollen glands, Diarrhoea (Kuhara), Skin swellings (uvimbe wa ngozi)]",24,5,2
2026-07-21,0.0,0.0,Marsabit,North Horr,North Horr,Galasa,Goats,"[Abortions (Mimba Kutoka), Difficulty breathing (Kushindwa Kupumua), Nasal discharges (Makamasi), Discharge from the eyes (Machozi), Swollen glands, Diarrhoea (Kuhara), Skin swellings (uvimbe wa ngozi)]",23,6,2
2026-07-20,0.0,0.0,Marsabit,North Horr,North Horr,Galasa,Sheep,"[Lameness (Kushindwa kutembea), Wounds on Legs & mouth, Difficulty breathing (Kushindwa Kupumua), Nasal discharges (Makamasi), Discharge from the eyes (Machozi), Skin swellings (uvimbe wa ngozi), Loss of weight]",15,2,0
2026-07-20,0.0,0.0,Marsabit,North Horr,North Horr,Galasa,Sheep,"[Abortions (Mimba Kutoka), Nasal discharges (Makamasi), Discharge from the eyes (Machozi), Skin swellings (uvimbe wa ngozi), Diarrhoea (Kuhara), Loss of weight]",13,1,0
2026-07-20,0.0,0.0,Marsabit,North Horr,North Horr,Galasa,Camel,"[Lamess (Kushindwa kutembea), Wounds on Legs & mouth, Difficulty breathing (Kushindwa Kupumua), Skin swellings (uvimbe wa ngozi), Diarrhoea (Kuhara), Swollen glands, Nasal discharges (Makamasi), Discharge from the eyes (Machozi)]",16,2,0
2026-07-20,0.0,0.0,Marsabit,North Horr,North Horr,Galasa,Camel,"[Abortions (Mimba Kutoka), Skin swellings (uvimbe wa ngozi), Diarrhoea (Kuhara), Swollen glands, Nasal discharges (Makamasi), Discharge from the eyes (Machozi)]",15,3,0
2026-07-20,0.0,0.0,Marsabit,North Horr,North Horr,Galasa,Goats,"[Bleeding from openings (Kuvunja damu), Pouring Saliva (Kumwaga mate), Lameness (Kushindwa kutembea), Wounds on Legs & mouth, Difficulty breathing (Kushindwa Kupumua), Nasal discharges (Makamasi), Discharge from the eyes (Machozi), Swollen glands, Skin swellings (uvimbe wa ngozi)]",24,6,3
2026-07-20,0.0,0.0,Marsabit,North Horr,North Horr,Galasa,Goats,"[Lameness (Kushindwa kutembea), Wounds on Legs & mouth, Difficulty breathing (Kushindwa Kupumua), Nasal discharges (Makamasi), Discharge from the eyes (Machozi), Swollen glands, Diarrhoea (Kuhara), Skin swellings (uvimbe wa ngozi)]",24,5,2
2026-07-20,0.0,0.0,Marsabit,North Horr,North Horr,Galasa,Goats,"[Sudden Death (Kifo cha ghafla), Bleeding from openings (Kuvunja damu), Pouring Saliva (Kumwaga mate), Lameness (Kushindwa kutembea), Wounds on Legs & mouth, Difficulty breathing (Kushindwa Kupumua), Nasal discharges (Makamasi), Discharge from the eyes (Machozi), Swollen glands, Diarrhoea (Kuhara), Skin swellings (uvimbe wa ngozi)]",27,8,3
2026-07-20,0.0,0.0,Marsabit,North Horr,North Horr,Galasa,Goats,"[Lameness (Kushindwa kutembea), Wounds on Legs & mouth, Difficulty breathing (Kushindwa Kupumua), Nasal discharges (Makamasi), Discharge from the eyes (Machozi), Swollen glands, Diarrhoea (Kuhara), Skin swellings (uvimbe wa ngozi)]",25,6,2
2026-07-20,0.0,0.0,Marsabit,North Horr,North Horr,Galasa,Goats,"[Sudden Death (Kifo cha ghafla), Lameness (Kushindwa kutembea), Wounds on Legs & mouth, Difficulty breathing (Kushindwa Kupumua), Nasal discharges (Makamasi), Discharge from the eyes (Machozi), Swollen glands, Skin swellings (uvimbe wa ngozi), Diarrhoea (Kuhara)]",26,7,4
2026-07-20,0.0,0.0,Marsabit,North Horr,North Horr,Galasa,Goats,"[Abortions (Mimba Kutoka), Nasal discharges (Makamasi), Discharge from the eyes (Machozi), Swollen glands, Diarrhoea (Kuhara), Skin swellings (uvimbe wa ngozi)]",15,3,1
2026-07-31,40.860636,4.1187964,Mandera,Banissa,Malkamari,Hullow,Camel,"[Lamess (Kushindwa kutembea), Wounds on Legs & mouth, Discharge from the eyes (Machozi), Swollen glands]",14,8,1
2026-07-30,40.860636,4.1187964,Mandera,Banissa,Malkamari,Hullow,Goats,"[Lameness (Kushindwa kutembea), Nasal discharges (Makamasi), Discharge from the eyes (Machozi), Bloody Faeces]",30,12,3
2026-07-30,40.860636,4.1187964,Mandera,Banissa,Malkamari,Hullow,Camel,"[Lamess (Kushindwa kutembea), Wounds on Legs & mouth, Discharge from the eyes (Machozi), Swollen glands]",10,7,1
2026-07-29,40.860636,4.1187964,Mandera,Banissa,Malkamari,Hullow,Sheep,"[Lameness (Kushindwa kutembea), Nasal discharges (Makamasi), Discharge from the eyes (Machozi), Diarrhoea (Kuhara)]",6,4,1
2026-07-28,41.0874303,3.0751457,Mandera,Lafey,Alango Gof,Alungo ,Sheep,"[Difficulty breathing (Kushindwa Kupumua), Nasal discharges (Makamasi)]",90,28,2
2026-07-28,41.0581462,3.056482,Mandera,Lafey,Alango Gof,Alungo ,Cattle,[Diarrhoea (Kuhara)],15,2,0
2026-07-28,41.0584612,3.0567087,Mandera,Lafey,Alango Gof,Alungo ,Goats,"[Nasal discharges (Makamasi), Difficulty breathing (Kushindwa Kupumua)]",70,10,1
2026-07-28,41.0581462,3.056482,Mandera,Lafey,Alango Gof,Alungo ,Goats,"[Discharge from the eyes (Machozi), Nasal discharges (Makamasi)]",100,10,1
2026-07-28,41.0581462,3.056482,Mandera,Lafey,Alango Gof,Alungo ,Goats,"[Nasal discharges (Makamasi), Difficulty breathing (Kushindwa Kupumua)]",80,30,2
2026-07-28,41.0581462,3.056482,Mandera,Lafey,Alango Gof,Alungo ,Goats,"[Discharge from the eyes (Machozi), Nasal discharges (Makamasi)]",79,15,1
2026-08-01,37.5869163,0.3657793,Isiolo,Isiolo,Burat,Alamach ,Goats,[Abortions (Mimba Kutoka)],83,2,0
2026-08-01,41.4166894,3.3821027,Mandera,Lafey,Fino,Fino,Goats,"[Nasal discharges (Makamasi), Diarrhoea (Kuhara), Difficulty breathing (Kushindwa Kupumua)]",50,30,20
2026-08-01,41.4166894,3.3821027,Mandera,Lafey,Fino,Fino ,Camel,"[Pouring Saliva (Kumwaga mate), Swollen glands, Skin swellings (uvimbe wa ngozi)]",50,30,20
2026-08-01,40.860636,4.1187964,Mandera,Banissa,Malkamari,Hullow,Goats,"[Lameness (Kushindwa kutembea), Nasal discharges (Makamasi), Discharge from the eyes (Machozi), Bloody Faeces]",30,19,6
2026-08-01,40.860636,4.1187964,Mandera,Banissa,Malkamari,Hullow,Camel,"[Lamess (Kushindwa kutembea), Wounds on Legs & mouth, Discharge from the eyes (Machozi), Swollen glands]",18,8,1
2026-08-01,40.860636,4.1187964,Mandera,Banissa,Malkamari,Hullow,Camel,"[Lamess (Kushindwa kutembea), Wounds on Legs & mouth, Discharge from the eyes (Machozi), Swollen glands]",8,6,2
2026-08-01,40.860636,4.1187964,Mandera,Banissa,Malkamari,Hullow,Sheep,"[Lameness (Kushindwa kutembea), Nasal discharges (Makamasi), Discharge from the eyes (Machozi), Diarrhoea (Kuhara)]",5,4,2
2026-08-01,40.860636,4.1187964,Mandera,Banissa,Malkamari,Hullow,Goats,"[Lameness (Kushindwa kutembea), Nasal discharges (Makamasi), Discharge from the eyes (Machozi), Bloody Faeces]",24,16,2
2026-08-01,40.860636,4.1187964,Mandera,Banissa,Malkamari,Hullow,Sheep,"[Lameness (Kushindwa kutembea), Nasal discharges (Makamasi), Discharge from the eyes (Machozi), Diarrhoea (Kuhara)]",12,8,2
2026-07-21,41.012458,3.4086226,Mandera,Lafey,Warankara,Warankara ,Goats,[Diarrhoea (Kuhara)],32,2,0
2026-08-01,41.012458,3.4081352,Mandera,Lafey,Warankara,Unknown,Camel,[Skin swellings (uvimbe wa ngozi)],52,21,0
2026-08-01,41.012458,3.4081352,Mandera,Lafey,Warankara,Unknown,Goats,[Diarrhoea (Kuhara)],59,1,1
2026-08-01,41.1814773,3.148658,Mandera,Lafey,Lafey,Damasa ,Sheep,"[Difficulty breathing (Kushindwa Kupumua), Nasal discharges (Makamasi), Diarrhoea (Kuhara)]",80,6,1
2026-07-30,0.0,0.0,Mandera,Lafey,Lafey,Damasa ,Goats,"[Discharge from the eyes (Machozi), Abortions (Mimba Kutoka), Swollen glands]",45,4,1
2026-07-22,0.0,0.0,Mandera,Lafey,Lafey,Damasa ,Goats,"[Nasal discharges (Makamasi), Diarrhoea (Kuhara)]",26,2,1
2026-08-01,36.98326166666666,0.6392316666666668,Isiolo,Isiolo,Oldo/Nyiro,Nkorika ,Camel,"[Pouring Saliva (Kumwaga mate), Lamess (Kushindwa kutembea), Nasal discharges (Makamasi), Others]",51,7,0
2026-08-01,36.98319,0.6390566666666667,Isiolo,Isiolo,Oldo/Nyiro,Nkorika ,Dogs,"[Sudden Death (Kifo cha ghafla), Staggering (kutembea Kombo), Vomiting (kutapika)]",3,1,1
2026-08-01,40.9162352,-0.3421262,Garissa,Fafi,Jarajila,Amuma,Camel,"[Sudden Death (Kifo cha ghafla), Bleeding from openings (Kuvunja damu)]",80,2,1
2026-08-01,0.0,0.0,Mandera,Mandera East,Township,BP1,Goats,[Diarrhoea (Kuhara)],46,3,1
2026-08-01,0.0,0.0,Mandera,Mandera East,Township,BP1,Cattle,[Difficulty breathing (Kushindwa Kupumua)],34,2,0
2026-08-01,40.45763,-0.0304849999999999,Garissa,Fafi,Jarajila,Alinjugur,Camel,"[Sudden Death (Kifo cha ghafla), Bleeding from openings (Kuvunja damu)]",60,31,1
2026-08-01,41.82115056551993,3.932073614560068,Mandera,Mandera East,Neboi,Shafshafey,Sheep,"[Lameness (Kushindwa kutembea), Difficulty breathing (Kushindwa Kupumua)]",27,2,0
2026-08-01,41.82136011309922,3.931917166337371,Mandera,Mandera East,Neboi,Shafshafey,Chicken,"[Nasal discharges (Makamasi), Diarrhoea (Kuhara)]",14,2,0
2026-08-01,40.8631644,3.5560272,Mandera,Mandera North,Morothile,Marothile ,Goats,"[Abortions (Mimba Kutoka), Difficulty breathing (Kushindwa Kupumua), Nasal discharges (Makamasi), Diarrhoea (Kuhara)]",159,17,5
2026-08-01,40.8631644,3.5560272,Mandera,Mandera North,Morothile,Marothile ,Goats,"[Abortions (Mimba Kutoka), Difficulty breathing (Kushindwa Kupumua), Nasal discharges (Makamasi), Diarrhoea (Kuhara)]",178,15,2
2026-08-01,40.8682209,3.5506096,Mandera,Mandera North,Morothile,Marothile ,Goats,"[Abortions (Mimba Kutoka), Difficulty breathing (Kushindwa Kupumua), Nasal discharges (Makamasi), Diarrhoea (Kuhara)]",188,19,6
2026-08-01,41.0584612,3.0564674,Mandera,Lafey,Alango Gof,Alungo ,Goats,"[Discharge from the eyes (Machozi), Nasal discharges (Makamasi)]",70,10,1
2026-08-02,38.1984311,0.5707377,Isiolo,Garbatulla,Kinna,Kubi Arro,Goats,"[Lameness (Kushindwa kutembea), Nasal discharges (Makamasi)]",56,3,0
2026-07-30,38.1984311,0.5707377,Isiolo,Garbatulla,Kinna,Kulamawe ,Sheep,"[Nasal discharges (Makamasi), Diarrhoea (Kuhara)]",150,10,0
2026-08-02,36.8790062,0.6995478,Isiolo,Isiolo,Oldo/Nyiro,Loosira ,Goats,"[Abortions (Mimba Kutoka), Sudden Death (Kifo cha ghafla), Difficulty breathing (Kushindwa Kupumua), Discharge from the eyes (Machozi)]",98,10,8
2026-08-02,36.984495,0.607784,Isiolo,Isiolo,Oldo/Nyiro,Loosira,Dogs,"[Sudden Death (Kifo cha ghafla), Bleeding from openings (Kuvunja damu), Biting (Kuuma), Vomiting (kutapika)]",5,3,2
2026-08-02,36.984495,0.607784,Isiolo,Isiolo,Oldo/Nyiro,Loosira,Sheep,"[Sudden Death (Kifo cha ghafla), Nasal discharges (Makamasi), Skin swellings (uvimbe wa ngozi), Bloody Faeces, Diarrhoea (Kuhara)]",20,5,2
2026-08-02,41.3130046,3.2045619,Mandera,Lafey,Lafey,Damasa ,Camel,"[Abortions (Mimba Kutoka), Pouring Saliva (Kumwaga mate), Lamess (Kushindwa kutembea), Nasal discharges (Makamasi)]",65,4,0
2026-08-02,41.3130046,3.2045619,Mandera,Lafey,Lafey,Damasa ,Goats,"[Lameness (Kushindwa kutembea), Difficulty breathing (Kushindwa Kupumua)]",50,3,0
2026-08-02,41.2204922,3.9329514,Mandera,Mandera North,Rhamu,Rhamu ,Camel,"[Aggressiveness (Ukali), Lamess (Kushindwa kutembea), Skin swellings (uvimbe wa ngozi), Bloody Faeces]",53,5,0
2026-08-02,41.2204922,3.9329514,Mandera,Mandera North,Rhamu,Rhamu ,Goats,"[Abortions (Mimba Kutoka), Nasal discharges (Makamasi), Skin swellings (uvimbe wa ngozi)]",119,9,2
2026-08-02,41.2204922,3.9329514,Mandera,Mandera North,Rhamu,Rhamu ,Sheep,"[Lameness (Kushindwa kutembea), Pouring Saliva (Kumwaga mate), Discharge from the eyes (Machozi), Skin swellings (uvimbe wa ngozi), Bloody Faeces, Diarrhoea (Kuhara)]",76,13,1
2026-08-02,41.2204922,3.9329514,Mandera,Mandera North,Rhamu,Rhamu ,Cattle,"[Aggressiveness (Ukali), Lameness (Kushindwa kutembea), Skin swellings (uvimbe wa ngozi), Nasal discharges (Makamasi), Discharge from the eyes (Machozi)]",29,4,0
2026-08-02,41.2203296,3.9330759,Mandera,Mandera North,Rhamu,Rhamu ,Chicken,"[Diarrhoea (Kuhara), Loss of weight, Nasal discharges (Makamasi)]",32,9,1
2026-08-02,0.0,0.0,Mandera,Banissa,Malkamari,Hullow,Goats,"[Lameness (Kushindwa kutembea), Nasal discharges (Makamasi), Discharge from the eyes (Machozi), Bloody Faeces]",38,19,4
2026-08-02,0.0,0.0,Mandera,Mandera South,Shimbir Fatuma,Dololo,Camel,[Swollen glands],85,35,9
2026-08-02,0.0,0.0,Mandera,Mandera South,Shimbir Fatuma,Dololo,Camel,[Swollen glands],45,12,5
2026-08-02,0.0,0.0,Mandera,Mandera South,Shimbir Fatuma,Ano,Goats,[Skin swellings (uvimbe wa ngozi)],190,52,0
2026-07-26,0.0,0.0,Mandera,Mandera South,Shimbir Fatuma,Dololo,Camel,[Swollen glands],65,32,7
2026-07-26,0.0,0.0,Mandera,Mandera South,Shimbir Fatuma,Dololo,Camel,[Swollen glands],74,25,9
2026-07-26,0.0,0.0,Mandera,Mandera South,Shimbir Fatuma,Dololo,Camel,[Swollen glands],65,25,7
2026-08-02,40.871381,4.1086856,Mandera,Banissa,Malkamari,Hullow,Sheep,"[Lameness (Kushindwa kutembea), Nasal discharges (Makamasi), Discharge from the eyes (Machozi), Diarrhoea (Kuhara)]",8,5,1
2026-08-02,40.871381,4.1086856,Mandera,Banissa,Malkamari,Hullow,Goats,"[Lameness (Kushindwa kutembea), Nasal discharges (Makamasi), Discharge from the eyes (Machozi), Bloody Faeces]",25,11,3
2026-08-02,40.871381,4.1086856,Mandera,Banissa,Malkamari,Hullow,Camel,"[Lamess (Kushindwa kutembea), Wounds on Legs & mouth, Discharge from the eyes (Machozi), Swollen glands]",14,5,1
2026-08-02,40.871381,4.1086856,Mandera,Banissa,Malkamari,Hullow,Sheep,"[Lameness (Kushindwa kutembea), Nasal discharges (Makamasi), Discharge from the eyes (Machozi), Diarrhoea (Kuhara)]",13,8,2
2026-07-26,0.0,0.0,Mandera,Mandera South,Shimbir Fatuma,Gubachaptho,Goats,"[Abortions (Mimba Kutoka), Skin swellings (uvimbe wa ngozi)]",250,45,5
2026-07-26,0.0,0.0,Mandera,Mandera South,Shimbir Fatuma,Ano,Goats,[Abortions (Mimba Kutoka)],180,19,2
2026-07-26,0.0,0.0,Mandera,Mandera South,Shimbir Fatuma,Dololo,Camel,[Swollen glands],35,12,4
2026-08-02,0.0,0.0,Mandera,Mandera South,Shimbir Fatuma,Dololo,Goats,[Skin swellings (uvimbe wa ngozi)],280,45,5
2026-08-02,38.1967424,0.5699549,Isiolo,Garbatulla,Kinna,Kulamawe ,Sheep,"[Diarrhoea (Kuhara), Loss of weight]",250,10,0
2026-08-02,38.1967424,0.5699549,Isiolo,Garbatulla,Kinna,Kulamawe ,Goats,"[Diarrhoea (Kuhara), Nasal discharges (Makamasi)]",125,15,0
2026-07-30,40.3467225,3.9402651,Mandera,Mandera West,Takaba,Alokona,Sheep,"[Abortions (Mimba Kutoka), Sudden Death (Kifo cha ghafla), Lameness (Kushindwa kutembea), Wounds on Legs & mouth, Difficulty breathing (Kushindwa Kupumua), Nasal discharges (Makamasi), Discharge from the eyes (Machozi), Skin swellings (uvimbe wa ngozi), Loss of weight, Diarrhoea (Kuhara)]",98,35,8
2026-08-01,41.8538854,3.9256634,Mandera,Mandera West,Takaba,Kobdedertu,Goats,"[Abortions (Mimba Kutoka), Sudden Death (Kifo cha ghafla), Lameness (Kushindwa kutembea), Wounds on Legs & mouth, Difficulty breathing (Kushindwa Kupumua), Nasal discharges (Makamasi), Discharge from the eyes (Machozi), Diarrhoea (Kuhara), Skin swellings (uvimbe wa ngozi)]",90,35,9
2026-08-02,36.8588318,1.3376629,Samburu,Samburu North,Angata Nanyokie,Barsaloi ,Goats,[Swollen glands],35,4,0
2026-08-02,41.4151246,3.3732249,Mandera,Lafey,Fino,Fino,Goats,"[Nasal discharges (Makamasi), Diarrhoea (Kuhara), Difficulty breathing (Kushindwa Kupumua)]",50,30,20
2026-08-02,41.4151246,3.3732249,Mandera,Lafey,Fino,Sheikh Barrow,Camel,"[Pouring Saliva (Kumwaga mate), Skin swellings (uvimbe wa ngozi), Swollen glands]",50,30,20
2026-08-02,41.4151246,3.3732249,Mandera,Lafey,Fino,Fino,Sheep,"[Difficulty breathing (Kushindwa Kupumua), Nasal discharges (Makamasi), Diarrhoea (Kuhara)]",30,20,10
2026-08-02,41.4151246,3.3732249,Mandera,Lafey,Fino,Duntow,Cattle,[Lameness (Kushindwa kutembea)],10,5,3
2026-08-02,41.4151246,3.3732249,Mandera,Lafey,Fino,Fino,Chicken,[Nasal discharges (Makamasi)],10,5,3
2026-08-02,0.0,0.0,Mandera,Lafey,Lafey,lafey ,Goats,"[Nasal discharges (Makamasi), Discharge from the eyes (Machozi), Diarrhoea (Kuhara)]",56,36,2
2026-08-02,0.0,0.0,Mandera,Lafey,Lafey,lafey,Goats,"[Nasal discharges (Makamasi), Diarrhoea (Kuhara)]",46,36,2
2026-08-02,0.0,0.0,Mandera,Lafey,Lafey,lafey,Goats,"[Nasal discharges (Makamasi), Diarrhoea (Kuhara)]",52,36,3
2026-08-02,0.0,0.0,Mandera,Lafey,Lafey,lafey,Goats,"[Nasal discharges (Makamasi), Discharge from the eyes (Machozi), Diarrhoea (Kuhara)]",48,25,2
2026-08-02,0.0,0.0,Mandera,Lafey,Lafey,lafey,Goats,"[Nasal discharges (Makamasi), Diarrhoea (Kuhara)]",49,35,2
2026-08-02,0.0,0.0,Mandera,Lafey,Lafey,lafey,Goats,"[Nasal discharges (Makamasi), Diarrhoea (Kuhara)]",56,25,2
2026-08-02,0.0,0.0,Mandera,Lafey,Lafey,lafey,Goats,"[Nasal discharges (Makamasi), Diarrhoea (Kuhara)]",45,35,2
2026-08-02,0.0,0.0,Mandera,Lafey,Lafey,lafey,Goats,"[Nasal discharges (Makamasi), Discharge from the eyes (Machozi), Diarrhoea (Kuhara)]",45,25,2
2026-08-02,0.0,0.0,Mandera,Lafey,Lafey,lafey,Sheep,"[Nasal discharges (Makamasi), Diarrhoea (Kuhara), Loss of weight]",25,12,2
2026-08-02,36.9858379,0.6222547,Isiolo,Isiolo,Oldo/Nyiro,Kambi ya juu,Goats,"[Difficulty breathing (Kushindwa Kupumua), Swollen glands, Bloody Faeces]",52,4,0
2026-08-02,0.0,0.0,Mandera,Mandera East,Township,BP1,Goats,[Abortions (Mimba Kutoka)],46,2,0
2026-07-30,0.0,0.0,Mandera,Mandera East,Township,BP1,Goats,[Diarrhoea (Kuhara)],35,2,0
2026-08-02,0.0,0.0,Mandera,Mandera East,Township,BP1,Goats,[Abortions (Mimba Kutoka)],46,2,0
2026-08-02,36.9065689,0.557838,Isiolo,Isiolo,Oldo/Nyiro,Parkuruk ,Goats,"[Abortions (Mimba Kutoka), Lameness (Kushindwa kutembea)]",16,2,1
2026-08-03,37.5855211,0.3566108,Isiolo,Isiolo,Burat,Leparua/Lchurai ,Goats,"[Nasal discharges (Makamasi), Diarrhoea (Kuhara), Others]",149,29,0
2026-08-03,41.012458,3.4081352,Mandera,Lafey,Warankara,Unknown,Goats,[Lameness (Kushindwa kutembea)],52,1,0
2026-08-03,41.012458,3.4081352,Mandera,Lafey,Warankara,Unknown,Camel,[Skin swellings (uvimbe wa ngozi)],21,5,0
2026-08-03,0.0,0.0,Mandera,Mandera East,Arabia,Othaaa,Cattle,"[Swollen glands, Abortions (Mimba Kutoka), Skin swellings (uvimbe wa ngozi)]",52,13,5
2026-07-24,0.0,0.0,Mandera,Mandera South,Kutulo,Sukela ,Goats,[Nasal discharges (Makamasi)],203,10,1
2026-07-25,0.0,0.0,Mandera,Mandera South,Kutulo,Garbiti ,Goats,[Abortions (Mimba Kutoka)],320,6,0
2026-08-03,41.012458,3.4086226,Mandera,Lafey,Warankara,Unknown,Camel,[Skin swellings (uvimbe wa ngozi)],23,2,0
2026-08-03,41.3133182,3.2059948,Mandera,Lafey,Lafey,Damasa ,Goats,"[Abortions (Mimba Kutoka), Nasal discharges (Makamasi), Diarrhoea (Kuhara)]",63,4,1
2026-08-03,0.0,0.0,Mandera,Lafey,Lafey,Damasa ,Camel,"[Pouring Saliva (Kumwaga mate), Difficulty breathing (Kushindwa Kupumua)]",50,2,0
2026-08-03,37.4328971,0.3665035,Isiolo,Isiolo,Burat,Leronko,Goats,"[Abortions (Mimba Kutoka), Lameness (Kushindwa kutembea), Nasal discharges (Makamasi), Discharge from the eyes (Machozi), Others]",26,3,1
2026-08-03,36.9856098,0.6232576,Isiolo,Isiolo,Oldo/Nyiro,kambi ya juu,Goats,"[Difficulty breathing (Kushindwa Kupumua), Discharge from the eyes (Machozi), Swollen glands, Diarrhoea (Kuhara)]",46,6,1
2026-08-03,36.9858379,0.6222547,Isiolo,Isiolo,Oldo/Nyiro,Raap/water point,Goats,"[Discharge from the eyes (Machozi), Swollen glands]",52,4,1
2026-08-01,40.3510438,3.9436321,Mandera,Banissa,Banissa,Antharak,Camel,[Pouring Saliva (Kumwaga mate)],100,11,6
2026-08-02,41.8584997,3.9369659,Mandera,Mandera West,Takaba,Bamba Taka,Camel,"[Abortions (Mimba Kutoka), Sudden Death (Kifo cha ghafla), Lamess (Kushindwa kutembea), Difficulty breathing (Kushindwa Kupumua), Wounds on Legs & mouth, Skin swellings (uvimbe wa ngozi), Swollen glands, Diarrhoea (Kuhara), Discharge from the eyes (Machozi), Nasal discharges (Makamasi)]",87,25,6
2026-08-03,41.8585519,3.9369876,Mandera,Mandera West,Takaba,Alokona,Cattle,"[Abortions (Mimba Kutoka), Sudden Death (Kifo cha ghafla), Lameness (Kushindwa kutembea), Difficulty breathing (Kushindwa Kupumua), Diarrhoea (Kuhara), Swollen glands, Nasal discharges (Makamasi), Discharge from the eyes (Machozi), Wounds on Legs & mouth]",78,41,8
2026-08-03,106.7936183,-6.2428505,Isiolo,Isiolo,Oldo/Nyiro,Township,Dogs,"[Aggressiveness (Ukali), Staggering (kutembea Kombo), Biting (Kuuma)]",12,4,2
2026-08-03,40.871381,4.1086856,Mandera,Banissa,Malkamari,Hullow,Camel,"[Lamess (Kushindwa kutembea), Wounds on Legs & mouth, Discharge from the eyes (Machozi), Swollen glands]",4,4,0
2026-08-03,40.871381,4.1086856,Mandera,Banissa,Malkamari,Hullow,Sheep,"[Lameness (Kushindwa kutembea), Nasal discharges (Makamasi), Discharge from the eyes (Machozi), Diarrhoea (Kuhara)]",7,4,1
2026-08-03,40.871381,4.1086856,Mandera,Banissa,Malkamari,Hullow,Goats,"[Lameness (Kushindwa kutembea), Nasal discharges (Makamasi), Discharge from the eyes (Machozi), Bloody Faeces]",34,16,4
2026-08-03,40.871381,4.1086856,Mandera,Banissa,Malkamari,Hullow,Camel,"[Lamess (Kushindwa kutembea), Wounds on Legs & mouth, Discharge from the eyes (Machozi), Swollen glands]",20,15,1
2026-08-03,40.871381,4.1086856,Mandera,Banissa,Malkamari,Hullow,Sheep,"[Lameness (Kushindwa kutembea), Nasal discharges (Makamasi), Discharge from the eyes (Machozi), Diarrhoea (Kuhara)]",16,11,4
2026-08-03,40.871381,4.1086856,Mandera,Banissa,Malkamari,Hullow,Camel,"[Wounds on Legs & mouth, Lamess (Kushindwa kutembea), Discharge from the eyes (Machozi), Swollen glands]",9,5,2
2026-08-03,40.871381,4.1086856,Mandera,Banissa,Malkamari,Hullow,Sheep,"[Lameness (Kushindwa kutembea), Nasal discharges (Makamasi), Discharge from the eyes (Machozi), Diarrhoea (Kuhara)]",11,6,2
2026-08-03,40.871381,4.1086856,Mandera,Banissa,Malkamari,Hullow,Goats,"[Lameness (Kushindwa kutembea), Nasal discharges (Makamasi), Discharge from the eyes (Machozi), Bloody Faeces]",25,12,4
2026-08-03,36.9858379,0.6222547,Isiolo,Isiolo,Oldo/Nyiro,Kambi ya juu,Goats,"[Difficulty breathing (Kushindwa Kupumua), Swollen glands, Diarrhoea (Kuhara), Others]",37,6,1
2026-07-27,39.9223343,3.6803127,Mandera,Mandera West,Gither,Hardimtu,Camel,"[Lamess (Kushindwa kutembea), Pouring Saliva (Kumwaga mate), Swollen glands]",29,25,3
2026-08-03,39.9223343,3.6790677,Mandera,Mandera West,Gither,Kalafoow,Camel,"[Abortions (Mimba Kutoka), Lamess (Kushindwa kutembea), Nasal discharges (Makamasi), Wounds on Legs & mouth]",23,20,1
2026-08-03,39.9223343,3.6790677,Mandera,Mandera West,Gither,Brka,Sheep,"[Abortions (Mimba Kutoka), Bleeding from openings (Kuvunja damu), Lameness (Kushindwa kutembea), Difficulty breathing (Kushindwa Kupumua)]",150,123,8
2026-08-03,38.789651,1.2106823,Isiolo,Merti,Cherub,Ramat Sabo Grazing Area,Cattle,"[Pouring Saliva (Kumwaga mate), Lameness (Kushindwa kutembea), Others]",10,2,0
2026-08-03,37.3281166,0.4142183,Isiolo,Isiolo,Burat,Nkare Sirkoi ,Goats,"[Nasal discharges (Makamasi), Wounds on Legs & mouth]",123,3,0
2026-08-03,0.0,0.0,Mandera,Mandera East,Arabia,Hegalow,Camel,"[Swollen glands, Abortions (Mimba Kutoka)]",56,15,7
2026-08-06,0.0,0.0,Mandera,Mandera East,Arabia,Othaa,Camel,"[Swollen glands, Abortions (Mimba Kutoka), Wounds on Legs & mouth]",73,26,5
2026-08-03,40.871381,4.1086856,Mandera,Banissa,Malkamari,Hullow,Camel,"[Lamess (Kushindwa kutembea), Wounds on Legs & mouth, Discharge from the eyes (Machozi), Swollen glands]",17,11,2
2026-08-03,40.871381,4.1086856,Mandera,Banissa,Malkamari,Hullow,Sheep,"[Lameness (Kushindwa kutembea), Nasal discharges (Makamasi), Discharge from the eyes (Machozi), Diarrhoea (Kuhara)]",6,4,1
2026-08-03,40.871381,4.1086856,Mandera,Banissa,Malkamari,Hullow,Goats,"[Lameness (Kushindwa kutembea), Nasal discharges (Makamasi), Discharge from the eyes (Machozi), Bloody Faeces]",12,8,2
2026-08-03,41.8467094,3.9242438,Mandera,Banissa,Banissa,Domal ,Goats,[Nasal discharges (Makamasi)],302,9,1
2026-08-03,41.0581462,3.056482,Mandera,Lafey,Alango Gof,Alungo ,Goats,"[Difficulty breathing (Kushindwa Kupumua), Nasal discharges (Makamasi)]",90,25,1
2026-08-03,41.0581462,3.056482,Mandera,Lafey,Alango Gof,Alungo ,Goats,[Diarrhoea (Kuhara)],90,35,1
2026-08-03,41.0581462,3.056482,Mandera,Lafey,Alango Gof,Alungo ,Sheep,"[Nasal discharges (Makamasi), Difficulty breathing (Kushindwa Kupumua)]",60,12,1
2026-08-03,41.0581462,3.056482,Mandera,Lafey,Alango Gof,Alungo ,Goats,"[Nasal discharges (Makamasi), Difficulty breathing (Kushindwa Kupumua)]",80,35,1
2026-08-03,41.0581462,3.056482,Mandera,Lafey,Alango Gof,Alungo ,Goats,"[Nasal discharges (Makamasi), Discharge from the eyes (Machozi)]",100,30,1
2026-08-03,41.0581462,3.056482,Mandera,Lafey,Alango Gof,Alungo ,Chicken,[Diarrhoea (Kuhara)],30,5,1
2026-08-03,41.0581462,3.056482,Mandera,Lafey,Alango Gof,Alungo ,Goats,"[Difficulty breathing (Kushindwa Kupumua), Nasal discharges (Makamasi)]",80,15,1
2026-08-03,41.0581462,3.056482,Mandera,Lafey,Alango Gof,Alungo ,Goats,"[Difficulty breathing (Kushindwa Kupumua), Nasal discharges (Makamasi)]",95,10,1
2026-08-03,41.0581462,3.056482,Mandera,Lafey,Alango Gof,Alungo ,Goats,[Nasal discharges (Makamasi)],60,20,1
2026-08-03,41.0584612,3.0564674,Mandera,Lafey,Alango Gof,Alungo ,Goats,[Diarrhoea (Kuhara)],70,30,1
2026-08-03,41.0584612,3.0564674,Mandera,Lafey,Alango Gof,Alungo ,Goats,"[Difficulty breathing (Kushindwa Kupumua), Nasal discharges (Makamasi)]",100,20,1
2026-08-03,41.0584612,3.0564674,Mandera,Lafey,Alango Gof,Alungo ,Goats,"[Discharge from the eyes (Machozi), Nasal discharges (Makamasi)]",90,25,0
2026-08-04,40.8679049,3.5506265,Mandera,Mandera North,Morothile,Marothile ,Goats,"[Abortions (Mimba Kutoka), Difficulty breathing (Kushindwa Kupumua), Nasal discharges (Makamasi), Diarrhoea (Kuhara)]",103,6,2
2026-08-04,40.8679049,3.5506265,Mandera,Mandera North,Morothile,Marothile ,Goats,"[Abortions (Mimba Kutoka), Difficulty breathing (Kushindwa Kupumua), Nasal discharges (Makamasi), Diarrhoea (Kuhara)]",119,12,6
2026-08-04,40.8679049,3.5506265,Mandera,Mandera North,Morothile,Marothile ,Sheep,"[Abortions (Mimba Kutoka), Difficulty breathing (Kushindwa Kupumua), Nasal discharges (Makamasi), Diarrhoea (Kuhara), Loss of weight]",98,9,1
2026-08-04,40.8679049,3.5506265,Mandera,Mandera North,Morothile,Marothile ,Goats,"[Abortions (Mimba Kutoka), Difficulty breathing (Kushindwa Kupumua), Nasal discharges (Makamasi), Diarrhoea (Kuhara)]",165,13,3
2026-08-04,40.8679049,3.5506265,Mandera,Mandera North,Morothile,Marothile ,Goats,"[Abortions (Mimba Kutoka), Difficulty breathing (Kushindwa Kupumua), Nasal discharges (Makamasi), Diarrhoea (Kuhara)]",118,13,6
2026-08-04,40.8679049,3.5506265,Mandera,Mandera North,Morothile,Marothile ,Goats,"[Abortions (Mimba Kutoka), Difficulty breathing (Kushindwa Kupumua), Nasal discharges (Makamasi), Diarrhoea (Kuhara)]",168,17,5
2026-08-04,40.8679049,3.5506265,Mandera,Mandera North,Morothile,Marothile ,Goats,"[Abortions (Mimba Kutoka), Difficulty breathing (Kushindwa Kupumua), Nasal discharges (Makamasi), Diarrhoea (Kuhara)]",119,12,4
2026-08-04,37.5702697,0.3347882,Isiolo,Isiolo,Burat,Alamach,Goats,[Abortions (Mimba Kutoka)],60,3,0
2026-08-04,37.6155393,0.4077159,Isiolo,Isiolo,Burat,Alamach,Sheep,[Nasal discharges (Makamasi)],30,16,0
2026-08-04,38.4722,1.1245,Isiolo,Merti,Cherub,Korbesa ,Sheep,[Others],150,2,1
2026-08-04,40.8609521,4.1185282,Mandera,Banissa,Malkamari,Artagarbaja ,Sheep,"[Lameness (Kushindwa kutembea), Nasal discharges (Makamasi), Discharge from the eyes (Machozi), Diarrhoea (Kuhara)]",32,6,2
2026-08-04,40.8609521,4.1185282,Mandera,Banissa,Malkamari,Artagarbaja ,Sheep,"[Lameness (Kushindwa kutembea), Nasal discharges (Makamasi), Discharge from the eyes (Machozi), Diarrhoea (Kuhara)]",63,8,3
2026-08-04,40.8609521,4.1185282,Mandera,Banissa,Malkamari,Artagarbaja ,Sheep,"[Lameness (Kushindwa kutembea), Nasal discharges (Makamasi), Discharge from the eyes (Machozi), Diarrhoea (Kuhara)]",52,6,2
2026-08-04,40.8609521,4.1185282,Mandera,Banissa,Malkamari,Artagarbaja ,Camel,"[Lamess (Kushindwa kutembea), Wounds on Legs & mouth, Swollen glands, Discharge from the eyes (Machozi)]",85,6,1
2026-08-04,40.8609521,4.1185282,Mandera,Banissa,Malkamari,Artagarbaja ,Camel,"[Lamess (Kushindwa kutembea), Wounds on Legs & mouth, Swollen glands, Discharge from the eyes (Machozi)]",47,5,2
2026-08-03,40.8609521,4.1185282,Mandera,Banissa,Malkamari,Artagarbaja ,Goats,"[Lameness (Kushindwa kutembea), Nasal discharges (Makamasi), Discharge from the eyes (Machozi), Bloody Faeces]",85,12,4
2026-08-03,40.8609521,4.1185282,Mandera,Banissa,Malkamari,Artagarbaja ,Sheep,"[Lameness (Kushindwa kutembea), Nasal discharges (Makamasi), Discharge from the eyes (Machozi), Diarrhoea (Kuhara)]",23,6,2
2026-08-03,40.8609521,4.1185282,Mandera,Banissa,Malkamari,Artagarbaja ,Sheep,"[Lameness (Kushindwa kutembea), Nasal discharges (Makamasi), Discharge from the eyes (Machozi), Diarrhoea (Kuhara)]",54,9,5
2026-08-01,40.8609521,4.1185282,Mandera,Banissa,Malkamari,Artagarbaja ,Camel,"[Lamess (Kushindwa kutembea), Wounds on Legs & mouth, Swollen glands, Discharge from the eyes (Machozi)]",72,9,2
2026-08-01,40.8609521,4.1185282,Mandera,Banissa,Malkamari,Artagarbaja ,Goats,"[Lameness (Kushindwa kutembea), Nasal discharges (Makamasi), Discharge from the eyes (Machozi), Bloody Faeces]",96,12,5
2026-08-04,40.8609521,4.1185282,Mandera,Banissa,Malkamari,Artagarbaja ,Sheep,"[Lameness (Kushindwa kutembea), Nasal discharges (Makamasi), Discharge from the eyes (Machozi), Diarrhoea (Kuhara)]",33,3,1
2026-08-04,38.1988002,0.5706946,Isiolo,Garbatulla,Kinna,Kulamawe ,Goats,"[Lameness (Kushindwa kutembea), Nasal discharges (Makamasi)]",65,3,0
2026-08-04,38.1991312,0.5703422,Isiolo,Garbatulla,Kinna,Hatawi,Sheep,"[Nasal discharges (Makamasi), Diarrhoea (Kuhara)]",45,5,0
2026-08-03,38.1987981,0.5706948,Isiolo,Garbatulla,Kinna,Kokota,Cattle,"[Lameness (Kushindwa kutembea), Skin swellings (uvimbe wa ngozi)]",63,5,0
2026-08-03,38.1987981,0.5706948,Isiolo,Garbatulla,Kinna,Kokota,Goats,"[Nasal discharges (Makamasi), Diarrhoea (Kuhara)]",250,15,1
2026-08-04,37.5839202,0.3622887,Isiolo,Isiolo,Burat,atoot Village ,Goats,[Abortions (Mimba Kutoka)],120,5,0
2026-08-04,37.2709602,3.9975569,Marsabit,North Horr,Dukana,Dukana ,Camel,"[Aggressiveness (Ukali), Lamess (Kushindwa kutembea), Skin swellings (uvimbe wa ngozi), Swollen glands, Nasal discharges (Makamasi), Discharge from the eyes (Machozi)]",35,21,10
2026-08-01,0.0,0.0,Marsabit,North Horr,Dukana,Garwole ,Camel,"[Aggressiveness (Ukali), Lamess (Kushindwa kutembea), Skin swellings (uvimbe wa ngozi), Swollen glands, Nasal discharges (Makamasi), Discharge from the eyes (Machozi)]",42,19,6
2026-08-04,40.871381,4.1086856,Mandera,Banissa,Malkamari,Hullow,Goats,"[Lameness (Kushindwa kutembea), Nasal discharges (Makamasi), Discharge from the eyes (Machozi), Bloody Faeces]",33,18,4
2026-08-04,40.871381,4.1086856,Mandera,Banissa,Malkamari,Hullow,Cattle,"[Lameness (Kushindwa kutembea), Difficulty breathing (Kushindwa Kupumua), Discharge from the eyes (Machozi), Swollen glands]",5,3,1
2026-08-04,40.871381,4.1086856,Mandera,Banissa,Malkamari,Hullow,Camel,"[Lamess (Kushindwa kutembea), Wounds on Legs & mouth, Discharge from the eyes (Machozi), Swollen glands]",20,13,2
2026-08-04,40.871381,4.1086856,Mandera,Banissa,Malkamari,Hullow,Goats,"[Lameness (Kushindwa kutembea), Nasal discharges (Makamasi), Discharge from the eyes (Machozi), Bloody Faeces]",14,6,1
2026-08-04,37.2709602,3.9975569,Marsabit,North Horr,Dukana,Konye ,Camel,"[Aggressiveness (Ukali), Lamess (Kushindwa kutembea), Difficulty breathing (Kushindwa Kupumua), Skin swellings (uvimbe wa ngozi), Swollen glands, Nasal discharges (Makamasi), Discharge from the eyes (Machozi)]",58,30,12
2026-08-04,0.0,0.0,Marsabit,North Horr,Dukana,Kubi ,Camel,"[Aggressiveness (Ukali), Difficulty breathing (Kushindwa Kupumua), Skin swellings (uvimbe wa ngozi), Diarrhoea (Kuhara), Swollen glands, Discharge from the eyes (Machozi), Nasal discharges (Makamasi)]",49,16,5
2026-08-04,0.0,0.0,Marsabit,North Horr,Dukana,Golfa Dukana ,Camel,"[Aggressiveness (Ukali), Skin swellings (uvimbe wa ngozi), Bloody Faeces, Diarrhoea (Kuhara)]",89,28,11
2026-08-04,0.0,0.0,Marsabit,North Horr,Dukana,Dololo Bogi ,Camel,"[Aggressiveness (Ukali), Lamess (Kushindwa kutembea), Swollen glands, Nasal discharges (Makamasi), Discharge from the eyes (Machozi)]",29,12,8
2026-08-04,37.59267333333333,0.414335,Isiolo,Isiolo,Ngare Mara,Ngare Mara,Sheep,[Skin swellings (uvimbe wa ngozi)],36,1,0
2026-08-04,0.0,0.0,Kisumu,Nyakach,West Nyakach,kamgan,Cattle,[Abortions (Mimba Kutoka)],6,1,0
2026-08-04,40.2287983,3.3927563,Mandera,Mandera West,Takaba South,Bulla Elwka ,Goats,"[Lameness (Kushindwa kutembea), Difficulty breathing (Kushindwa Kupumua), Discharge from the eyes (Machozi), Nasal discharges (Makamasi), Diarrhoea (Kuhara), Skin swellings (uvimbe wa ngozi)]",40,15,0
2026-08-01,40.22984,3.3932666,Mandera,Mandera West,Takaba South,Bulla Milimani ,Camel,"[Lamess (Kushindwa kutembea), Wounds on Legs & mouth, Skin swellings (uvimbe wa ngozi), Nasal discharges (Makamasi), Discharge from the eyes (Machozi), Abortions (Mimba Kutoka)]",30,6,0
2026-08-04,40.2287953,3.3927616,Mandera,Mandera West,Takaba,Bulla Qohoti ,Cattle,"[Sudden Death (Kifo cha ghafla), Lameness (Kushindwa kutembea), Difficulty breathing (Kushindwa Kupumua), Wounds on Legs & mouth, Skin swellings (uvimbe wa ngozi), Diarrhoea (Kuhara), Nasal discharges (Makamasi), Discharge from the eyes (Machozi)]",80,8,4
2026-08-04,40.8280727,2.5872495,Mandera,Mandera South,Kutulo,Unknown,Camel,[Abortions (Mimba Kutoka)],142,2,3
2026-08-04,40.8034009,2.5590582,Mandera,Mandera South,Kutulo,Unknown,Cattle,[Abortions (Mimba Kutoka)],124,5,3
2026-08-04,40.8280727,2.5872495,Mandera,Mandera South,Kutulo,Unknown,Camel,[Sudden Death (Kifo cha ghafla)],751,3,2
2026-08-04,40.8034009,2.5590582,Mandera,Mandera South,Kutulo,Unknown,Camel,[Abortions (Mimba Kutoka)],142,3,6
2026-08-04,40.8034009,2.5590582,Mandera,Mandera South,Kutulo,Unknown,Cattle,[Sudden Death (Kifo cha ghafla)],124,3,2
2026-08-04,40.8034009,2.5590582,Mandera,Mandera South,Kutulo,Unknown,Camel,[Abortions (Mimba Kutoka)],245,3,2
2026-08-04,40.8034009,2.5590582,Mandera,Mandera South,Kutulo,Unknown,Camel,[Abortions (Mimba Kutoka)],124,3,2
2026-08-04,0.0,0.0,Mandera,Mandera East,Lebahiya,Hareri,Goats,"[Discharge from the eyes (Machozi), Diarrhoea (Kuhara)]",20,2,0
2026-08-04,0.0,0.0,Mandera,Mandera East,Lebahiya,Hareri,Goats,"[Difficulty breathing (Kushindwa Kupumua), Nasal discharges (Makamasi)]",10,1,0
2026-08-04,36.9858379,0.6222547,Isiolo,Isiolo,Oldo/Nyiro,Oldonyiro Market,Goats,"[Difficulty breathing (Kushindwa Kupumua), Discharge from the eyes (Machozi)]",46,4,0
2026-08-04,41.3130046,3.2050447,Mandera,Lafey,Lafey,Damasa ,Goats,"[Pouring Saliva (Kumwaga mate), Difficulty breathing (Kushindwa Kupumua), Nasal discharges (Makamasi)]",65,5,1
2026-07-28,40.8703478,3.5512904,Mandera,Mandera North,Morothile,Marothile ,Camel,"[Difficulty breathing (Kushindwa Kupumua), Skin swellings (uvimbe wa ngozi), Swollen glands]",65,3,1
2026-07-28,40.8631644,3.5560272,Mandera,Mandera North,Morothile,Marothile ,Sheep,"[Abortions (Mimba Kutoka), Difficulty breathing (Kushindwa Kupumua), Discharge from the eyes (Machozi), Diarrhoea (Kuhara), Loss of weight]",85,10,3
2026-07-28,40.8631644,3.5560272,Mandera,Mandera North,Morothile,Marothile ,Sheep,"[Abortions (Mimba Kutoka), Difficulty breathing (Kushindwa Kupumua), Nasal discharges (Makamasi), Diarrhoea (Kuhara), Loss of weight]",85,6,1
2026-07-28,40.8631644,3.5560272,Mandera,Mandera North,Morothile,Marothile ,Goats,"[Abortions (Mimba Kutoka), Difficulty breathing (Kushindwa Kupumua), Nasal discharges (Makamasi), Diarrhoea (Kuhara)]",210,17,5
2026-07-28,40.8631644,3.5560272,Mandera,Mandera North,Morothile,Marothile ,Goats,"[Abortions (Mimba Kutoka), Difficulty breathing (Kushindwa Kupumua), Nasal discharges (Makamasi), Diarrhoea (Kuhara)]",116,9,2
2026-07-28,40.8631644,3.5560272,Mandera,Mandera North,Morothile,Marothile ,Goats,"[Abortions (Mimba Kutoka), Difficulty breathing (Kushindwa Kupumua), Nasal discharges (Makamasi), Diarrhoea (Kuhara)]",135,12,3
2026-07-28,40.8631644,3.5560272,Mandera,Mandera North,Morothile,Marothile ,Goats,"[Abortions (Mimba Kutoka), Difficulty breathing (Kushindwa Kupumua), Nasal discharges (Makamasi), Diarrhoea (Kuhara)]",74,5,0
2026-07-28,40.8631644,3.5560272,Mandera,Mandera North,Morothile,Marothile ,Goats,"[Abortions (Mimba Kutoka), Difficulty breathing (Kushindwa Kupumua), Nasal discharges (Makamasi), Diarrhoea (Kuhara)]",158,11,2
2026-07-28,40.8703478,3.5512904,Mandera,Mandera North,Morothile,Marothile ,Sheep,"[Abortions (Mimba Kutoka), Difficulty breathing (Kushindwa Kupumua), Nasal discharges (Makamasi), Diarrhoea (Kuhara)]",101,6,1
2026-07-28,40.8703478,3.5512904,Mandera,Mandera North,Morothile,Marothile ,Goats,"[Abortions (Mimba Kutoka), Difficulty breathing (Kushindwa Kupumua), Nasal discharges (Makamasi), Diarrhoea (Kuhara)]",114,6,2
2026-07-28,40.8685369,3.5503477,Mandera,Mandera North,Morothile,Marothile ,Goats,"[Abortions (Mimba Kutoka), Difficulty breathing (Kushindwa Kupumua), Nasal discharges (Makamasi), Diarrhoea (Kuhara)]",168,15,3
2026-07-28,40.8703478,3.5512904,Mandera,Mandera North,Morothile,Marothile ,Sheep,"[Abortions (Mimba Kutoka), Difficulty breathing (Kushindwa Kupumua), Nasal discharges (Makamasi), Diarrhoea (Kuhara), Loss of weight]",92,12,3
2026-07-28,40.8703478,3.5512904,Mandera,Mandera North,Morothile,Marothile ,Goats,"[Abortions (Mimba Kutoka), Difficulty breathing (Kushindwa Kupumua), Nasal discharges (Makamasi), Diarrhoea (Kuhara), Swollen glands, Skin swellings (uvimbe wa ngozi)]",119,12,2
2026-07-28,40.8631644,3.5560272,Mandera,Mandera North,Morothile,Marothile ,Goats,"[Abortions (Mimba Kutoka), Difficulty breathing (Kushindwa Kupumua), Nasal discharges (Makamasi), Diarrhoea (Kuhara)]",195,17,5
2026-07-28,40.8631644,3.5560272,Mandera,Mandera North,Morothile,Marothile ,Camel,"[Abortions (Mimba Kutoka), Swollen glands, Nasal discharges (Makamasi)]",68,9,2
2026-08-04,41.2197453,3.9332384,Mandera,Mandera North,Rhamu,Rhamu ,Goats,"[Abortions (Mimba Kutoka), Lameness (Kushindwa kutembea), Discharge from the eyes (Machozi), Nasal discharges (Makamasi)]",89,11,1
2026-08-04,40.8685369,3.5503477,Mandera,Mandera North,Morothile,Marothile ,Goats,"[Abortions (Mimba Kutoka), Difficulty breathing (Kushindwa Kupumua), Nasal discharges (Makamasi), Diarrhoea (Kuhara)]",148,12,3
2026-08-04,40.8685369,3.5503477,Mandera,Mandera North,Morothile,Marothile ,Sheep,"[Abortions (Mimba Kutoka), Difficulty breathing (Kushindwa Kupumua), Nasal discharges (Makamasi), Diarrhoea (Kuhara), Loss of weight]",68,6,1
2026-08-04,40.8685369,3.5503477,Mandera,Mandera North,Morothile,Marothile ,Goats,"[Abortions (Mimba Kutoka), Difficulty breathing (Kushindwa Kupumua), Nasal discharges (Makamasi), Diarrhoea (Kuhara)]",218,19,6
2026-08-04,41.2197453,3.9332384,Mandera,Mandera North,Rhamu,Rhamu ,Cattle,"[Pouring Saliva (Kumwaga mate), Lameness (Kushindwa kutembea), Aggressiveness (Ukali), Skin swellings (uvimbe wa ngozi)]",33,4,0
2026-08-04,40.8685369,3.5503477,Mandera,Mandera North,Morothile,Marothile ,Goats,"[Abortions (Mimba Kutoka), Difficulty breathing (Kushindwa Kupumua), Nasal discharges (Makamasi), Diarrhoea (Kuhara)]",159,16,4
2026-08-04,41.2198568,3.9332061,Mandera,Mandera North,Rhamu,Rhamu ,Camel,"[Aggressiveness (Ukali), Lamess (Kushindwa kutembea), Skin swellings (uvimbe wa ngozi), Nasal discharges (Makamasi)]",41,6,0
2026-08-04,40.8685369,3.5503477,Mandera,Mandera North,Morothile,Marothile ,Goats,"[Abortions (Mimba Kutoka), Difficulty breathing (Kushindwa Kupumua), Nasal discharges (Makamasi), Diarrhoea (Kuhara)]",199,21,8
2026-08-04,41.2198921,3.9332132,Mandera,Mandera North,Rhamu,Rhamu ,Sheep,"[Pouring Saliva (Kumwaga mate), Nasal discharges (Makamasi), Diarrhoea (Kuhara)]",52,9,0
2026-08-04,41.2175834,3.9351459,Mandera,Mandera North,Guticha,Guticha,Goats,[Abortions (Mimba Kutoka)],27,4,2
2026-08-04,41.2175856,3.9351462,Mandera,Mandera North,Guticha,Guticha,Cattle,[Others],55,1,0
2026-08-04,41.2175856,3.9351465,Mandera,Mandera North,Guticha,Guticha,Sheep,[Diarrhoea (Kuhara)],33,5,0
2026-08-04,40.457605,-0.0303566666666666,Garissa,Fafi,Jarajila,Unknown,Goats,"[Pouring Saliva (Kumwaga mate), Lameness (Kushindwa kutembea), Wounds on Legs & mouth, Diarrhoea (Kuhara)]",60,61,1
2026-08-04,41.012458,3.4083789,Mandera,Lafey,Warankara,Warankara ,Camel,[Skin swellings (uvimbe wa ngozi)],32,2,0
2026-08-04,41.012458,3.4083789,Mandera,Lafey,Warankara,Warankara ,Goats,[Diarrhoea (Kuhara)],63,2,0
2026-08-03,38.9487053,3.4499278,Marsabit,Moyale,Butiye,Kupi Gale ,Goats,[Others],43,2,0
2026-08-04,38.9487053,3.4499278,Marsabit,Moyale,Butiye,Kupi gale,Cattle,[Diarrhoea (Kuhara)],47,2,0
2026-08-04,40.871381,4.1086856,Mandera,Banissa,Malkamari,Hullow,Sheep,"[Lameness (Kushindwa kutembea), Nasal discharges (Makamasi), Discharge from the eyes (Machozi), Diarrhoea (Kuhara)]",7,5,1
2026-08-04,40.871381,4.1086856,Mandera,Banissa,Malkamari,Hullow,Goats,"[Lameness (Kushindwa kutembea), Nasal discharges (Makamasi), Discharge from the eyes (Machozi), Bloody Faeces]",22,13,5
2026-08-04,40.871381,4.1086856,Mandera,Banissa,Malkamari,Hullow,Camel,"[Lamess (Kushindwa kutembea), Wounds on Legs & mouth, Discharge from the eyes (Machozi), Swollen glands]",9,5,1
2026-08-04,40.871381,4.1086856,Mandera,Banissa,Malkamari,Hullow,Sheep,"[Lameness (Kushindwa kutembea), Nasal discharges (Makamasi), Discharge from the eyes (Machozi), Diarrhoea (Kuhara)]",4,4,0
2026-08-04,40.871381,4.1086856,Mandera,Banissa,Malkamari,Hullow,Goats,"[Lameness (Kushindwa kutembea), Nasal discharges (Makamasi), Discharge from the eyes (Machozi), Bloody Faeces]",15,8,2
2026-08-04,40.871381,4.1086856,Mandera,Banissa,Malkamari,Hullow,Sheep,"[Lameness (Kushindwa kutembea), Nasal discharges (Makamasi), Discharge from the eyes (Machozi), Diarrhoea (Kuhara)]",3,3,1
2026-08-03,0.0,0.0,Mandera,Mandera East,Arabia,Farey ,Goats,[Abortions (Mimba Kutoka)],58,5,1
2026-08-02,38.2049907,0.3145563,Isiolo,Garbatulla,Kinna,Charabdicha Kinna ,Goats,"[Nasal discharges (Makamasi), Others]",124,12,4
2026-08-03,38.2109288,0.2918655,Isiolo,Garbatulla,Kinna,Manyatta Center ,Sheep,"[Nasal discharges (Makamasi), Diarrhoea (Kuhara)]",106,5,0
2026-08-03,38.2109288,0.2918655,Isiolo,Garbatulla,Kinna,Manyatta Center ,Goats,"[Diarrhoea (Kuhara), Others]",106,8,0
2026-08-04,41.8467048,3.9242426,Mandera,Banissa,Banissa,Domal ,Goats,[Nasal discharges (Makamasi)],305,11,2
2026-08-04,41.8467059,3.9242426,Mandera,Banissa,Banissa,Handrak ,Goats,[Diarrhoea (Kuhara)],360,11,2
2026-08-04,41.8467059,3.9242426,Mandera,Banissa,Banissa,Shobtoy ,Camel,[Sudden Death (Kifo cha ghafla)],65,2,1
2026-08-04,40.8609521,4.1185282,Mandera,Banissa,Malkamari,Artagarbaja ,Sheep,"[Lameness (Kushindwa kutembea), Nasal discharges (Makamasi), Discharge from the eyes (Machozi), Diarrhoea (Kuhara)]",41,6,1
2026-08-05,0.0,0.0,Mandera,Mandera South,Shimbir Fatuma,Dololo,Camel,[Swollen glands],35,13,4
2026-08-05,0.0,0.0,Mandera,Mandera South,Shimbir Fatuma,Ano,Goats,[Skin swellings (uvimbe wa ngozi)],230,54,2
2026-08-05,0.0,0.0,Mandera,Mandera South,Shimbir Fatuma,Juba Chaptho,Camel,[Swollen glands],95,25,7
2026-08-05,0.0,0.0,Mandera,Mandera South,Shimbir Fatuma,Ano,Camel,[Swollen glands],35,12,1
2026-08-05,0.0,0.0,Mandera,Mandera South,Shimbir Fatuma,Dololo,Goats,[Abortions (Mimba Kutoka)],285,45,5
2026-08-05,0.0,0.0,Mandera,Mandera South,Shimbir Fatuma,Dòolo,Goats,[Abortions (Mimba Kutoka)],186,32,2
2026-08-05,0.0,0.0,Mandera,Mandera East,Arabia,Odhaa,Goats,"[Abortions (Mimba Kutoka), Discharge from the eyes (Machozi), Skin swellings (uvimbe wa ngozi)]",65,26,5
2026-08-05,0.0,0.0,Mandera,Mandera East,Arabia,Hegalow,Goats,"[Pouring Saliva (Kumwaga mate), Abortions (Mimba Kutoka)]",55,23,13
2026-08-04,0.0,0.0,Isiolo,Isiolo,Burat,Nkare Sirkoi ,Goats,"[Lameness (Kushindwa kutembea), Diarrhoea (Kuhara), Others]",123,3,0
2026-08-05,37.4177103,0.3304324,Isiolo,Isiolo,Burat,Nkare Sirkoi ,Goats,"[Abortions (Mimba Kutoka), Diarrhoea (Kuhara)]",135,5,0
2026-08-05,36.9858379,0.6222547,Isiolo,Isiolo,Oldo/Nyiro,Kambi ya juu,Dogs,[Others],3,2,0
2026-08-05,0.0,0.0,Mandera,Lafey,Sala,jabi,Goats,"[Abortions (Mimba Kutoka), Pouring Saliva (Kumwaga mate), Lameness (Kushindwa kutembea), Wounds on Legs & mouth, Difficulty breathing (Kushindwa Kupumua), Nasal discharges (Makamasi)]",100,15,3
2026-08-05,0.0,0.0,Mandera,Lafey,Sala,jabi,Sheep,"[Abortions (Mimba Kutoka), Lameness (Kushindwa kutembea), Wounds on Legs & mouth, Difficulty breathing (Kushindwa Kupumua), Nasal discharges (Makamasi), Diarrhoea (Kuhara)]",250,16,4
2026-08-05,0.0,0.0,Mandera,Lafey,Sala,jabi,Cattle,"[Abortions (Mimba Kutoka), Lameness (Kushindwa kutembea), Difficulty breathing (Kushindwa Kupumua), Wounds on Legs & mouth, Diarrhoea (Kuhara), Nasal discharges (Makamasi)]",150,20,5
2026-08-05,0.0,0.0,Mandera,Lafey,Lafey,jabi,Camel,"[Abortions (Mimba Kutoka), Pouring Saliva (Kumwaga mate), Lamess (Kushindwa kutembea), Wounds on Legs & mouth, Difficulty breathing (Kushindwa Kupumua), Skin swellings (uvimbe wa ngozi)]",50,8,1
2026-08-05,0.0,0.0,Mandera,Lafey,Sala,jabi,Goats,"[Abortions (Mimba Kutoka), Pouring Saliva (Kumwaga mate), Lameness (Kushindwa kutembea), Wounds on Legs & mouth, Difficulty breathing (Kushindwa Kupumua), Nasal discharges (Makamasi), Diarrhoea (Kuhara)]",120,8,3
2026-08-05,40.871381,4.1086856,Mandera,Banissa,Malkamari,Hullow,Goats,"[Lameness (Kushindwa kutembea), Nasal discharges (Makamasi), Discharge from the eyes (Machozi), Bloody Faeces]",44,25,8
2026-08-01,0.0,0.0,Mandera,Mandera West,Takaba South,Waigadahan,Cattle,"[Sudden Death (Kifo cha ghafla), Bleeding from openings (Kuvunja damu), Abortions (Mimba Kutoka), Pouring Saliva (Kumwaga mate), Aggressiveness (Ukali), Lameness (Kushindwa kutembea), Difficulty breathing (Kushindwa Kupumua), Wounds on Legs & mouth, Skin swellings (uvimbe wa ngozi), Diarrhoea (Kuhara), Swollen glands, Vomiting (kutapika), Bloody Faeces, Nasal discharges (Makamasi), Discharge from the eyes (Machozi), Others]",50,10,5
2026-08-02,0.0,0.0,Mandera,Mandera West,Takaba South,Waigadahan,Sheep,"[Sudden Death (Kifo cha ghafla), Bleeding from openings (Kuvunja damu), Abortions (Mimba Kutoka), Pouring Saliva (Kumwaga mate), Lameness (Kushindwa kutembea), Wounds on Legs & mouth, Difficulty breathing (Kushindwa Kupumua), Nasal discharges (Makamasi), Discharge from the eyes (Machozi), Skin swellings (uvimbe wa ngozi), Bloody Faeces, Diarrhoea (Kuhara), Loss of weight, Vomiting (kutapika), Others]",80,10,5
2026-08-03,0.0,0.0,Mandera,Mandera West,Takaba South,Waigadahan,Goats,"[Abortions (Mimba Kutoka), Sudden Death (Kifo cha ghafla), Bleeding from openings (Kuvunja damu), Pouring Saliva (Kumwaga mate), Difficulty breathing (Kushindwa Kupumua), Lameness (Kushindwa kutembea), Wounds on Legs & mouth, Nasal discharges (Makamasi), Swollen glands, Discharge from the eyes (Machozi), Diarrhoea (Kuhara), Bloody Faeces, Skin swellings (uvimbe wa ngozi), Others]",40,4,3
2026-08-04,0.0,0.0,Mandera,Mandera West,Takaba South,Waigadagan,Chicken,"[Sudden Death (Kifo cha ghafla), Nasal discharges (Makamasi), Discoloured Faeces, Loss of weight, Diarrhoea (Kuhara), Swollen wattles and comb, Soft shelled eggs, Purple discoloration of wattles and combs, Others]",40,5,10
2026-08-05,0.0,0.0,Mandera,Mandera West,Takaba South,Waigadahan,Camel,"[Abortions (Mimba Kutoka), Sudden Death (Kifo cha ghafla), Bleeding from openings (Kuvunja damu), Pouring Saliva (Kumwaga mate), Aggressiveness (Ukali), Lamess (Kushindwa kutembea), Wounds on Legs & mouth, Difficulty breathing (Kushindwa Kupumua), Skin swellings (uvimbe wa ngozi), Bloody Faeces, Diarrhoea (Kuhara), Swollen glands, Nasal discharges (Makamasi), Discharge from the eyes (Machozi), Others]",56,6,10
2026-08-05,40.871381,4.1086856,Mandera,Banissa,Malkamari,Hullow,Goats,"[Lameness (Kushindwa kutembea), Nasal discharges (Makamasi), Discharge from the eyes (Machozi), Bloody Faeces]",22,13,6
2026-08-05,40.871381,4.1086856,Mandera,Banissa,Malkamari,Hullow,Camel,"[Lamess (Kushindwa kutembea), Wounds on Legs & mouth, Discharge from the eyes (Machozi), Swollen glands]",18,11,2
2026-08-05,40.871381,4.1086856,Mandera,Banissa,Malkamari,Hullow,Sheep,"[Lameness (Kushindwa kutembea), Nasal discharges (Makamasi), Discharge from the eyes (Machozi), Diarrhoea (Kuhara)]",15,9,3
2026-07-30,0.0,0.0,Mandera,Mandera West,Takaba South,Waigadahan,Cattle,"[Abortions (Mimba Kutoka), Sudden Death (Kifo cha ghafla), Bleeding from openings (Kuvunja damu), Pouring Saliva (Kumwaga mate), Lameness (Kushindwa kutembea), Aggressiveness (Ukali), Difficulty breathing (Kushindwa Kupumua), Wounds on Legs & mouth, Skin swellings (uvimbe wa ngozi), Bloody Faeces, Vomiting (kutapika), Diarrhoea (Kuhara), Swollen glands, Nasal discharges (Makamasi), Discharge from the eyes (Machozi), Others]",50,5,1
2026-07-29,0.0,0.0,Mandera,Mandera West,Takaba South,Waigadahan,Goats,"[Abortions (Mimba Kutoka), Sudden Death (Kifo cha ghafla), Bleeding from openings (Kuvunja damu), Pouring Saliva (Kumwaga mate), Lameness (Kushindwa kutembea), Wounds on Legs & mouth, Difficulty breathing (Kushindwa Kupumua), Nasal discharges (Makamasi), Discharge from the eyes (Machozi), Swollen glands, Diarrhoea (Kuhara), Skin swellings (uvimbe wa ngozi), Bloody Faeces, Others]",80,10,5
2026-07-28,0.0,0.0,Mandera,Mandera West,Takaba South,Waigadahan,Camel,"[Abortions (Mimba Kutoka), Sudden Death (Kifo cha ghafla), Bleeding from openings (Kuvunja damu), Pouring Saliva (Kumwaga mate), Aggressiveness (Ukali), Lamess (Kushindwa kutembea), Wounds on Legs & mouth, Difficulty breathing (Kushindwa Kupumua), Skin swellings (uvimbe wa ngozi), Bloody Faeces, Diarrhoea (Kuhara), Nasal discharges (Makamasi), Swollen glands, Discharge from the eyes (Machozi), Others]",50,10,5
2026-08-05,0.0,0.0,Mandera,Mandera West,Takaba South,Waigadahan,Goats,"[Abortions (Mimba Kutoka), Sudden Death (Kifo cha ghafla), Bleeding from openings (Kuvunja damu), Pouring Saliva (Kumwaga mate), Lameness (Kushindwa kutembea), Wounds on Legs & mouth, Difficulty breathing (Kushindwa Kupumua), Nasal discharges (Makamasi), Discharge from the eyes (Machozi), Diarrhoea (Kuhara), Swollen glands, Bloody Faeces, Skin swellings (uvimbe wa ngozi), Others]",50,10,5
2026-08-05,0.0,0.0,Mandera,Mandera South,Elwak South,Mukutano ,Cattle,"[Diarrhoea (Kuhara), Discharge from the eyes (Machozi)]",563,25,4
2026-08-05,0.0,0.0,Mandera,Mandera South,Elwak South,Mukutano,Cattle,"[Lameness (Kushindwa kutembea), Vomiting (kutapika)]",263,18,3
2026-08-03,0.0,0.0,Mandera,Mandera South,Elwak South,Mukutano ,Cattle,"[Nasal discharges (Makamasi), Discharge from the eyes (Machozi)]",186,5,0
2026-07-26,0.0,0.0,Mandera,Mandera South,Elwak South,Mukutano ,Cattle,"[Difficulty breathing (Kushindwa Kupumua), Lameness (Kushindwa kutembea)]",347,15,2
2026-08-05,0.0,0.0,Mandera,Mandera South,Elwak South,Mukutano ,Cattle,"[Lameness (Kushindwa kutembea), Diarrhoea (Kuhara), Nasal discharges (Makamasi)]",455,19,8
2026-08-05,0.0,0.0,Mandera,Mandera South,Elwak South,Mukutano ,Sheep,"[Lameness (Kushindwa kutembea), Difficulty breathing (Kushindwa Kupumua)]",635,26,9
2026-08-05,0.0,0.0,Mandera,Mandera South,Elwak South,Mukutano ,Sheep,"[Nasal discharges (Makamasi), Discharge from the eyes (Machozi)]",363,15,6
2026-08-05,0.0,0.0,Mandera,Mandera South,Elwak South,Mukutano ,Sheep,"[Nasal discharges (Makamasi), Discharge from the eyes (Machozi)]",187,9,0
2026-08-05,0.0,0.0,Mandera,Mandera South,Elwak South,Mukutano ,Goats,"[Lameness (Kushindwa kutembea), Difficulty breathing (Kushindwa Kupumua), Nasal discharges (Makamasi)]",739,29,11
2026-08-05,0.0,0.0,Mandera,Mandera South,Elwak South,Mukutano ,Goats,"[Lameness (Kushindwa kutembea), Discharge from the eyes (Machozi)]",862,27,9
2026-08-05,0.0,0.0,Mandera,Mandera South,Elwak South,Mukutano ,Goats,"[Nasal discharges (Makamasi), Discharge from the eyes (Machozi)]",308,15,6
2026-08-05,0.0,0.0,Mandera,Mandera South,Elwak South,Mukutano ,Camel,"[Difficulty breathing (Kushindwa Kupumua), Diarrhoea (Kuhara), Swollen glands]",287,18,5
2026-08-05,0.0,0.0,Mandera,Mandera South,Elwak South,Hada Qalo,Cattle,"[Diarrhoea (Kuhara), Nasal discharges (Makamasi)]",189,15,6
2026-08-05,0.0,0.0,Mandera,Mandera South,Elwak South,Hadaqalo,Cattle,"[Lameness (Kushindwa kutembea), Difficulty breathing (Kushindwa Kupumua)]",247,18,0
2026-08-05,0.0,0.0,Mandera,Mandera South,Elwak South,Hadaqalo,Cattle,"[Diarrhoea (Kuhara), Nasal discharges (Makamasi)]",87,4,0
2026-08-05,0.0,0.0,Mandera,Mandera South,Elwak South,Hadaqalo,Sheep,"[Lameness (Kushindwa kutembea), Difficulty breathing (Kushindwa Kupumua)]",257,7,2
2026-08-05,0.0,0.0,Mandera,Mandera South,Elwak South,Hadaqalo,Sheep,"[Nasal discharges (Makamasi), Discharge from the eyes (Machozi), Diarrhoea (Kuhara)]",210,18,9
2026-08-05,0.0,0.0,Mandera,Mandera South,Elwak South,Hadaqalo,Goats,"[Difficulty breathing (Kushindwa Kupumua), Nasal discharges (Makamasi)]",369,25,8
2026-08-05,0.0,0.0,Mandera,Mandera South,Elwak South,Hadaqalo,Goats,"[Nasal discharges (Makamasi), Discharge from the eyes (Machozi), Diarrhoea (Kuhara)]",521,35,11
2026-08-05,40.9291796,2.799887,Mandera,Mandera South,Elwak South,Hada Qalo ,Goats,"[Lameness (Kushindwa kutembea), Difficulty breathing (Kushindwa Kupumua), Nasal discharges (Makamasi)]",189,13,0
2026-08-05,0.0,0.0,Mandera,Mandera South,Elwak South,Hadaqalo,Goats,"[Lameness (Kushindwa kutembea), Nasal discharges (Makamasi)]",382,19,10
2026-08-05,0.0,0.0,Mandera,Mandera South,Elwak South,Hadaqalo,Goats,"[Nasal discharges (Makamasi), Swollen glands]",136,5,0
2026-08-05,0.0,0.0,Mandera,Mandera South,Elwak South,Hadaqalo,Camel,"[Lamess (Kushindwa kutembea), Diarrhoea (Kuhara)]",325,23,7
2026-08-05,0.0,0.0,Mandera,Mandera South,Elwak South,Bula Wajir,Cattle,"[Diarrhoea (Kuhara), Discharge from the eyes (Machozi)]",171,19,5
2026-08-05,0.0,0.0,Mandera,Mandera South,Elwak South,Bula Wajir,Cattle,"[Lameness (Kushindwa kutembea), Diarrhoea (Kuhara)]",231,15,7
2026-08-05,0.0,0.0,Mandera,Mandera South,Elwak South,Bula Wajir,Cattle,"[Diarrhoea (Kuhara), Discharge from the eyes (Machozi)]",122,9,0
2026-08-05,0.0,0.0,Mandera,Mandera South,Elwak South,Bula Wajir,Cattle,"[Diarrhoea (Kuhara), Nasal discharges (Makamasi)]",321,19,3
2026-08-05,0.0,0.0,Mandera,Mandera South,Elwak South,Bula Wajir,Sheep,"[Nasal discharges (Makamasi), Discharge from the eyes (Machozi)]",151,16,5
2026-08-05,0.0,0.0,Mandera,Mandera South,Elwak South,Bula Wajir,Goats,"[Lameness (Kushindwa kutembea), Difficulty breathing (Kushindwa Kupumua)]",231,23,6
2026-08-05,0.0,0.0,Mandera,Mandera South,Elwak South,Bula wajir ,Goats,"[Difficulty breathing (Kushindwa Kupumua), Nasal discharges (Makamasi)]",508,15,3
2026-08-05,0.0,0.0,Mandera,Mandera South,Elwak South,Bula wajir ,Goats,"[Lameness (Kushindwa kutembea), Difficulty breathing (Kushindwa Kupumua)]",363,19,7
2026-08-05,0.0,0.0,Mandera,Mandera South,Elwak South,Bula Wajir ,Camel,"[Difficulty breathing (Kushindwa Kupumua), Diarrhoea (Kuhara), Nasal discharges (Makamasi)]",238,16,9
2026-08-05,0.0,0.0,Mandera,Mandera South,Elwak South,Bula wajir ,Camel,"[Lamess (Kushindwa kutembea), Diarrhoea (Kuhara), Nasal discharges (Makamasi)]",59,6,0
2026-08-05,0.0,0.0,Mandera,Mandera South,Elwak South,El Hache,Cattle,"[Lameness (Kushindwa kutembea), Diarrhoea (Kuhara), Nasal discharges (Makamasi)]",163,15,4
2026-08-05,0.0,0.0,Mandera,Mandera South,Elwak South,Bula wajir ,Cattle,"[Lameness (Kushindwa kutembea), Diarrhoea (Kuhara)]",631,23,11
2026-08-05,0.0,0.0,Mandera,Mandera South,Elwak South,Elhache,Cattle,"[Lameness (Kushindwa kutembea), Diarrhoea (Kuhara)]",163,17,6
2026-08-05,0.0,0.0,Mandera,Mandera South,Elwak South,Elhache ,Cattle,"[Lameness (Kushindwa kutembea), Difficulty breathing (Kushindwa Kupumua)]",133,19,6
2026-08-05,0.0,0.0,Mandera,Mandera South,Elwak South,Elhache ,Cattle,"[Discharge from the eyes (Machozi), Nasal discharges (Makamasi)]",235,18,9
2026-08-05,0.0,0.0,Mandera,Mandera South,Elwak South,Elhache ,Sheep,"[Loss of weight, Diarrhoea (Kuhara), Discharge from the eyes (Machozi)]",169,26,9
2026-08-05,0.0,0.0,Mandera,Mandera South,Elwak South,Elhache ,Sheep,"[Lameness (Kushindwa kutembea), Nasal discharges (Makamasi)]",413,26,7
2026-08-05,0.0,0.0,Mandera,Mandera South,Elwak South,Elhache ,Goats,"[Nasal discharges (Makamasi), Discharge from the eyes (Machozi)]",132,14,3
2026-08-05,0.0,0.0,Mandera,Mandera South,Elwak South,Elhache ,Goats,"[Nasal discharges (Makamasi), Diarrhoea (Kuhara)]",321,19,5
2026-08-05,0.0,0.0,Mandera,Mandera South,Elwak South,Elhache ,Camel,"[Diarrhoea (Kuhara), Swollen glands, Nasal discharges (Makamasi), Discharge from the eyes (Machozi)]",169,18,0
2026-08-05,0.0,0.0,Mandera,Mandera South,Elwak South,Elhache ,Goats,"[Difficulty breathing (Kushindwa Kupumua), Nasal discharges (Makamasi)]",531,13,5
2026-08-05,0.0,0.0,Mandera,Mandera South,Elwak South,Elhache ,Goats,"[Lameness (Kushindwa kutembea), Nasal discharges (Makamasi)]",352,16,6
2026-08-05,41.3130046,3.2050447,Mandera,Lafey,Lafey,Damasa ,Goats,"[Abortions (Mimba Kutoka), Difficulty breathing (Kushindwa Kupumua), Nasal discharges (Makamasi), Diarrhoea (Kuhara)]",63,5,1
2026-08-05,0.0,0.0,Mandera,Mandera East,Township,BP1,Goats,[Wounds on Legs & mouth],41,3,0
2026-08-05,0.0,0.0,Mandera,Mandera South,Elwak South,Elhache,Sheep,"[Lameness (Kushindwa kutembea), Diarrhoea (Kuhara)]",163,6,2
2026-08-05,41.012458,3.4083789,Mandera,Lafey,Warankara,Unknown,Goats,[Diarrhoea (Kuhara)],36,2,0
2026-08-05,0.0,0.0,Mandera,Mandera East,Township,BP1,Cattle,[Nasal discharges (Makamasi)],27,2,0
2026-08-05,41.2197996,3.9332606,Mandera,Mandera North,Rhamu,Rhamu ,Goats,"[Lameness (Kushindwa kutembea), Nasal discharges (Makamasi), Discharge from the eyes (Machozi), Swollen glands, Skin swellings (uvimbe wa ngozi)]",182,16,2
2026-08-05,0.0,0.0,Mandera,Mandera South,Elwak South,Elhache ,Goats,"[Lameness (Kushindwa kutembea), Nasal discharges (Makamasi)]",352,11,6
2026-08-05,41.2197996,3.9332606,Mandera,Mandera North,Rhamu,Rhamu ,Camel,"[Pouring Saliva (Kumwaga mate), Wounds on Legs & mouth, Skin swellings (uvimbe wa ngozi), Nasal discharges (Makamasi)]",63,9,0
2026-08-05,0.0,0.0,Mandera,Mandera South,Elwak South,Elhache ,Goats,"[Nasal discharges (Makamasi), Discharge from the eyes (Machozi), Diarrhoea (Kuhara)]",163,9,4
2026-08-05,41.2197996,3.9332606,Mandera,Mandera North,Rhamu,Rhamu ,Cattle,"[Aggressiveness (Ukali), Lameness (Kushindwa kutembea), Skin swellings (uvimbe wa ngozi), Nasal discharges (Makamasi)]",43,6,1
2026-08-05,0.0,0.0,Mandera,Mandera South,Elwak South,Bula wajir ,Camel,"[Lamess (Kushindwa kutembea), Nasal discharges (Makamasi), Discharge from the eyes (Machozi)]",117,25,8
2026-08-05,41.2197996,3.9332606,Mandera,Mandera North,Rhamu,Rhamu ,Sheep,"[Pouring Saliva (Kumwaga mate), Nasal discharges (Makamasi), Discharge from the eyes (Machozi)]",39,8,0
2026-08-05,0.0,0.0,Mandera,Mandera South,Elwak South,Bula wajir ,Camel,"[Difficulty breathing (Kushindwa Kupumua), Discharge from the eyes (Machozi), Nasal discharges (Makamasi)]",117,16,6
2026-08-04,40.8609521,4.1185282,Mandera,Banissa,Malkamari,Artagarbaja ,Sheep,"[Lameness (Kushindwa kutembea), Nasal discharges (Makamasi), Discharge from the eyes (Machozi), Diarrhoea (Kuhara)]",66,9,2
2026-08-05,37.5869163,0.3657793,Isiolo,Isiolo,Burat,Alamach ,Goats,[Abortions (Mimba Kutoka)],50,2,0
2026-08-04,0.0,0.0,Mandera,Banissa,Malkamari,Artagarbaja ,Sheep,"[Lameness (Kushindwa kutembea), Nasal discharges (Makamasi), Discharge from the eyes (Machozi), Diarrhoea (Kuhara)]",29,6,3
2026-08-05,41.012458,3.4088663,Mandera,Lafey,Warankara,Unknown,Camel,[Skin swellings (uvimbe wa ngozi)],29,8,0
2026-08-05,40.8656927,4.1137599,Mandera,Banissa,Malkamari,Malkamari,Goats,"[Lameness (Kushindwa kutembea), Nasal discharges (Makamasi), Discharge from the eyes (Machozi), Bloody Faeces]",56,9,3
2026-08-05,0.0,0.0,Garissa,Dadaab,Dadaab,Ifo-2 ,Goats,"[Abortions (Mimba Kutoka), Difficulty breathing (Kushindwa Kupumua), Nasal discharges (Makamasi), Others]",6,1,1
2026-08-04,37.3535048,0.3598913,Isiolo,Isiolo,Burat,Leparua/Lchurai ,Goats,"[Abortions (Mimba Kutoka), Nasal discharges (Makamasi), Others]",179,9,0
2026-08-05,40.8656927,4.1137599,Mandera,Banissa,Malkamari,Malkamari ,Sheep,"[Lameness (Kushindwa kutembea), Nasal discharges (Makamasi), Discharge from the eyes (Machozi), Diarrhoea (Kuhara)]",39,6,2
2026-08-05,37.0985469,0.7591457,Isiolo,Isiolo,Oldo/Nyiro,Nkutuk elumuget,Goats,"[Difficulty breathing (Kushindwa Kupumua), Swollen glands, Diarrhoea (Kuhara)]",78,6,1
2026-08-05,40.8656927,4.1137599,Mandera,Banissa,Malkamari,Malkamari ,Goats,"[Lameness (Kushindwa kutembea), Nasal discharges (Makamasi), Discharge from the eyes (Machozi), Bloody Faeces]",92,11,4
2026-08-03,0.0,0.0,Isiolo,Merti,Chari,Dololoqote,Goats,"[Lameness (Kushindwa kutembea), Wounds on Legs & mouth, Nasal discharges (Makamasi)]",72,7,0
2026-08-05,40.8656927,4.1137599,Mandera,Banissa,Malkamari,Malkamari ,Goats,"[Lameness (Kushindwa kutembea), Nasal discharges (Makamasi), Discharge from the eyes (Machozi), Bloody Faeces]",51,5,2
2026-08-06,38.786708,1.2114406,Isiolo,Merti,Cherub,Shauri Yako A,Goats,"[Skin swellings (uvimbe wa ngozi), Others]",25,4,0
2026-08-05,0.0,0.0,Garissa,Fafi,Fafi,Fafihajin ,Goats,[Abortions (Mimba Kutoka)],150,5,0
2026-08-06,41.2197701,3.9332503,Mandera,Mandera North,Rhamu,Rhamu ,Goats,"[Abortions (Mimba Kutoka), Nasal discharges (Makamasi), Discharge from the eyes (Machozi), Skin swellings (uvimbe wa ngozi)]",206,19,3
2026-08-06,41.4166894,3.3821027,Mandera,Lafey,Fino,Fino,Camel,"[Pouring Saliva (Kumwaga mate), Skin swellings (uvimbe wa ngozi), Swollen glands]",50,30,20
2026-08-06,41.2197701,3.9332503,Mandera,Mandera North,Rhamu,Rhamu ,Camel,"[Aggressiveness (Ukali), Skin swellings (uvimbe wa ngozi), Discharge from the eyes (Machozi)]",43,4,0
2026-08-06,41.4166894,3.3821027,Mandera,Lafey,Fino,Bulla Maalim,Goats,"[Nasal discharges (Makamasi), Difficulty breathing (Kushindwa Kupumua)]",50,30,20
2026-08-06,41.2197701,3.9332503,Mandera,Mandera North,Rhamu,Rhamu ,Chicken,"[Diarrhoea (Kuhara), Swollen wattles and comb, Loss of weight]",22,8,1
2026-08-06,41.4166894,3.3821027,Mandera,Lafey,Fino,Sheikh Barrow,Sheep,"[Nasal discharges (Makamasi), Difficulty breathing (Kushindwa Kupumua)]",50,30,20
2026-08-01,0.0,0.0,Mandera,Mandera West,Gither,Hardimtu,Camel,"[Abortions (Mimba Kutoka), Difficulty breathing (Kushindwa Kupumua), Bloody Faeces]",23,20,2
2026-08-06,41.2197701,3.9332503,Mandera,Mandera North,Rhamu,Rhamu ,Sheep,"[Pouring Saliva (Kumwaga mate), Lameness (Kushindwa kutembea), Nasal discharges (Makamasi), Discharge from the eyes (Machozi)]",59,8,0
2026-08-05,40.3527184,3.9437228,Mandera,Mandera West,Gither,Gither,Camel,"[Abortions (Mimba Kutoka), Pouring Saliva (Kumwaga mate), Difficulty breathing (Kushindwa Kupumua)]",25,2,1
2026-08-06,38.1987499,0.5706745,Isiolo,Garbatulla,Kinna,Bankare,Sheep,"[Nasal discharges (Makamasi), Diarrhoea (Kuhara)]",125,2,0
2026-08-06,0.0,0.0,Mandera,Lafey,Sala,jabi,Goats,"[Abortions (Mimba Kutoka), Lameness (Kushindwa kutembea), Wounds on Legs & mouth, Difficulty breathing (Kushindwa Kupumua), Nasal discharges (Makamasi), Diarrhoea (Kuhara)]",250,15,3
2026-08-06,41.8585312,3.9369727,Mandera,Mandera West,Takaba,Bulla barak,Goats,"[Abortions (Mimba Kutoka), Sudden Death (Kifo cha ghafla), Lameness (Kushindwa kutembea), Difficulty breathing (Kushindwa Kupumua), Nasal discharges (Makamasi), Discharge from the eyes (Machozi), Diarrhoea (Kuhara), Swollen glands, Skin swellings (uvimbe wa ngozi)]",97,35,8
2026-08-06,0.0,0.0,Mandera,Lafey,Sala,jabi,Sheep,"[Abortions (Mimba Kutoka), Bleeding from openings (Kuvunja damu), Pouring Saliva (Kumwaga mate), Lameness (Kushindwa kutembea), Wounds on Legs & mouth, Difficulty breathing (Kushindwa Kupumua)]",100,20,4
2026-08-06,41.012458,3.4083789,Mandera,Lafey,Warankara,Unknown,Sheep,[Diarrhoea (Kuhara)],21,1,0
2026-08-06,0.0,0.0,Mandera,Lafey,Sala,jabi,Camel,"[Abortions (Mimba Kutoka), Pouring Saliva (Kumwaga mate), Lamess (Kushindwa kutembea), Wounds on Legs & mouth, Difficulty breathing (Kushindwa Kupumua), Skin swellings (uvimbe wa ngozi), Nasal discharges (Makamasi)]",200,11,3
2026-08-06,41.012458,3.4083789,Mandera,Lafey,Warankara,Warankara To ,Camel,[Lamess (Kushindwa kutembea)],33,1,1
2026-08-06,0.0,0.0,Mandera,Lafey,Sala,jabi,Cattle,"[Abortions (Mimba Kutoka), Bleeding from openings (Kuvunja damu), Aggressiveness (Ukali), Lameness (Kushindwa kutembea), Difficulty breathing (Kushindwa Kupumua), Wounds on Legs & mouth]",80,12,2
2026-08-06,41.0584612,3.0564674,Mandera,Lafey,Alango Gof,Alungo ,Goats,"[Nasal discharges (Makamasi), Difficulty breathing (Kushindwa Kupumua)]",80,20,3
2026-08-06,0.0,0.0,Mandera,Lafey,Sala,jabi,Goats,"[Abortions (Mimba Kutoka), Pouring Saliva (Kumwaga mate), Lameness (Kushindwa kutembea), Wounds on Legs & mouth, Difficulty breathing (Kushindwa Kupumua), Nasal discharges (Makamasi), Diarrhoea (Kuhara)]",120,10,3
2026-08-06,40.8637965,3.5555031,Mandera,Mandera North,Morothile,Marothile ,Goats,"[Abortions (Mimba Kutoka), Difficulty breathing (Kushindwa Kupumua), Nasal discharges (Makamasi), Diarrhoea (Kuhara)]",215,18,6
2026-08-06,40.8679049,3.5506265,Mandera,Mandera North,Morothile,Marothile ,Goats,"[Abortions (Mimba Kutoka), Difficulty breathing (Kushindwa Kupumua), Nasal discharges (Makamasi), Diarrhoea (Kuhara)]",185,21,6
2026-08-06,41.0584612,3.0564674,Mandera,Lafey,Alango Gof,Alungo ,Goats,"[Difficulty breathing (Kushindwa Kupumua), Nasal discharges (Makamasi)]",90,20,2
2026-08-06,40.8679049,3.5506265,Mandera,Mandera North,Morothile,Marothile ,Sheep,"[Abortions (Mimba Kutoka), Difficulty breathing (Kushindwa Kupumua), Nasal discharges (Makamasi), Diarrhoea (Kuhara)]",152,12,3
2026-08-06,39.6615598,-0.4884591,Garissa,Garissa Township,Iftin,Bouralgy ,Goats,"[Difficulty breathing (Kushindwa Kupumua), Nasal discharges (Makamasi), Discharge from the eyes (Machozi)]",82,26,4
2026-08-06,0.0,0.0,Mandera,Mandera East,Arabia,Hegalow,Goats,"[Sudden Death (Kifo cha ghafla), Lameness (Kushindwa kutembea), Abortions (Mimba Kutoka)]",280,75,22
2026-08-06,40.8679049,3.5506265,Mandera,Mandera North,Morothile,Marothile ,Goats,"[Abortions (Mimba Kutoka), Difficulty breathing (Kushindwa Kupumua), Nasal discharges (Makamasi), Diarrhoea (Kuhara)]",147,12,0
2026-08-03,37.6511353,0.5039978,Isiolo,Isiolo,Ngare Mara,Ngare Mara Kijito,Cattle,"[Abortions (Mimba Kutoka), Others]",32,4,0
2026-08-06,38.666245,1.06694,Isiolo,Merti,Cherub,Town A,Goats,"[Abortions (Mimba Kutoka), Others]",30,2,0
2026-08-06,41.012458,3.4083789,Mandera,Lafey,Warankara,Warankara To ,Camel,[Skin swellings (uvimbe wa ngozi)],63,10,0
2026-08-06,41.0584612,3.0564674,Mandera,Lafey,Alango Gof,Alungo ,Goats,"[Discharge from the eyes (Machozi), Nasal discharges (Makamasi)]",80,15,0
2026-08-06,40.871381,4.1086856,Mandera,Banissa,Malkamari,Hullow,Camel,"[Lamess (Kushindwa kutembea), Wounds on Legs & mouth, Discharge from the eyes (Machozi), Swollen glands]",12,8,1
2026-08-06,41.0584612,3.0564674,Mandera,Lafey,Alango Gof,Alungo ,Goats,"[Difficulty breathing (Kushindwa Kupumua), Nasal discharges (Makamasi)]",90,20,1
2026-08-06,41.0584612,3.0564674,Mandera,Lafey,Alango Gof,Alungo ,Sheep,"[Nasal discharges (Makamasi), Discharge from the eyes (Machozi)]",60,20,1
2026-08-06,41.0584612,3.0564674,Mandera,Lafey,Alango Gof,Alungo ,Goats,"[Nasal discharges (Makamasi), Discharge from the eyes (Machozi)]",70,40,2
2026-08-06,41.0584612,3.0564674,Mandera,Lafey,Alango Gof,Alungo ,Goats,"[Discharge from the eyes (Machozi), Nasal discharges (Makamasi)]",70,20,1
2026-08-06,41.0584612,3.0564674,Mandera,Lafey,Alango Gof,Alungo ,Sheep,[Nasal discharges (Makamasi)],20,11,0
2026-08-06,40.871381,4.1086856,Mandera,Banissa,Malkamari,Hullow,Sheep,"[Lameness (Kushindwa kutembea), Nasal discharges (Makamasi), Discharge from the eyes (Machozi), Diarrhoea (Kuhara)]",4,3,1
2026-08-06,40.871381,4.1086856,Mandera,Banissa,Malkamari,Hullow,Goats,"[Lameness (Kushindwa kutembea), Nasal discharges (Makamasi), Discharge from the eyes (Machozi), Bloody Faeces]",11,6,2
2026-08-06,40.871381,4.1086856,Mandera,Banissa,Malkamari,Hullow,Sheep,"[Lameness (Kushindwa kutembea), Nasal discharges (Makamasi), Discharge from the eyes (Machozi), Diarrhoea (Kuhara)]",9,5,2
2026-08-08,0.0,0.0,Mandera,Mandera East,Arabia,Hegalow,Camel,"[Wounds on Legs & mouth, Bleeding from openings (Kuvunja damu)]",235,43,21
2026-08-06,40.871381,4.1086856,Mandera,Banissa,Malkamari,Hullow,Goats,"[Lameness (Kushindwa kutembea), Nasal discharges (Makamasi), Discharge from the eyes (Machozi), Bloody Faeces]",21,13,3
2026-08-06,40.871381,4.1086856,Mandera,Banissa,Malkamari,Hullow,Sheep,"[Lameness (Kushindwa kutembea), Nasal discharges (Makamasi), Discharge from the eyes (Machozi), Diarrhoea (Kuhara)]",11,9,2
2026-08-06,40.871381,4.1086856,Mandera,Banissa,Malkamari,Hullow,Camel,"[Lamess (Kushindwa kutembea), Wounds on Legs & mouth, Discharge from the eyes (Machozi), Swollen glands]",15,8,2
2026-08-02,40.871381,4.1086856,Mandera,Banissa,Malkamari,Hullow,Camel,"[Lamess (Kushindwa kutembea), Wounds on Legs & mouth, Discharge from the eyes (Machozi), Swollen glands]",5,4,1
2026-08-06,40.871381,4.1086856,Mandera,Banissa,Malkamari,Hullow,Goats,"[Lameness (Kushindwa kutembea), Nasal discharges (Makamasi), Discharge from the eyes (Machozi), Bloody Faeces]",39,21,5
2026-08-09,0.0,0.0,Isiolo,Isiolo,Burat,Attan,Goats,[Swollen glands],272,2,0
2026-08-05,40.871381,4.1086856,Mandera,Banissa,Malkamari,Hullow,Sheep,"[Lameness (Kushindwa kutembea), Nasal discharges (Makamasi), Discharge from the eyes (Machozi), Diarrhoea (Kuhara)]",7,4,1
2026-08-06,40.871381,4.1086856,Mandera,Banissa,Malkamari,Hullow,Goats,"[Lameness (Kushindwa kutembea), Nasal discharges (Makamasi), Discharge from the eyes (Machozi), Bloody Faeces]",30,16,3
2026-08-03,40.871381,4.1086856,Mandera,Banissa,Malkamari,Hullow,Goats,"[Lameness (Kushindwa kutembea), Nasal discharges (Makamasi), Discharge from the eyes (Machozi), Bloody Faeces]",36,18,7
2026-08-06,40.871381,4.1086856,Mandera,Banissa,Malkamari,Hullow,Camel,"[Lamess (Kushindwa kutembea), Wounds on Legs & mouth, Discharge from the eyes (Machozi), Swollen glands]",18,11,2
2026-08-09,0.0,0.0,Mandera,Lafey,Sala,Sala ,Cattle,[Diarrhoea (Kuhara)],6,3,0
2026-08-06,40.8656927,4.1137599,Mandera,Banissa,Malkamari,Malkamari ,Sheep,"[Lameness (Kushindwa kutembea), Nasal discharges (Makamasi), Discharge from the eyes (Machozi), Diarrhoea (Kuhara)]",42,7,2
2026-08-06,0.0,0.0,Mandera,Lafey,Sala,meygag,Cattle,"[Abortions (Mimba Kutoka), Sudden Death (Kifo cha ghafla), Nasal discharges (Makamasi), Diarrhoea (Kuhara), Difficulty breathing (Kushindwa Kupumua)]",250,15,5
2026-08-05,40.871381,4.1086856,Mandera,Banissa,Malkamari,Hullow,Camel,"[Lamess (Kushindwa kutembea), Wounds on Legs & mouth, Discharge from the eyes (Machozi), Swollen glands]",19,9,1
2026-08-04,40.871381,4.1086856,Mandera,Banissa,Malkamari,Huloow,Sheep,"[Lameness (Kushindwa kutembea), Nasal discharges (Makamasi), Discharge from the eyes (Machozi), Diarrhoea (Kuhara)]",13,9,4
2026-08-06,0.0,0.0,Mandera,Lafey,Sala,meygag,Chicken,"[Sudden Death (Kifo cha ghafla), Nasal discharges (Makamasi), Diarrhoea (Kuhara)]",20,2,1
2026-08-06,40.8656927,4.1137599,Mandera,Banissa,Malkamari,Malkamari ,Camel,"[Lamess (Kushindwa kutembea), Wounds on Legs & mouth, Swollen glands, Discharge from the eyes (Machozi)]",21,3,1
2026-08-04,40.871381,4.1086856,Mandera,Banissa,Malkamari,Hullow,Camel,"[Lamess (Kushindwa kutembea), Wounds on Legs & mouth, Discharge from the eyes (Machozi), Swollen glands]",10,8,1
2026-08-06,0.0,0.0,Mandera,Lafey,Sala,meygag,Goats,"[Abortions (Mimba Kutoka), Sudden Death (Kifo cha ghafla), Diarrhoea (Kuhara), Nasal discharges (Makamasi), Difficulty breathing (Kushindwa Kupumua)]",100,5,0
2026-08-06,40.8656927,4.1137599,Mandera,Banissa,Malkamari,Malkamari ,Goats,"[Lameness (Kushindwa kutembea), Nasal discharges (Makamasi), Discharge from the eyes (Machozi), Bloody Faeces]",52,6,1
2026-08-06,0.0,0.0,Mandera,Lafey,Sala,meygag,Sheep,"[Abortions (Mimba Kutoka), Sudden Death (Kifo cha ghafla), Diarrhoea (Kuhara), Nasal discharges (Makamasi), Wounds on Legs & mouth]",25,5,2
2026-08-06,40.8656927,4.1137599,Mandera,Banissa,Malkamari,Malkamari ,Goats,"[Lameness (Kushindwa kutembea), Nasal discharges (Makamasi), Discharge from the eyes (Machozi), Bloody Faeces]",23,2,0
2026-08-06,41.2945028,3.92738,Mandera,Lafey,Sala,meygag,Cattle,"[Abortions (Mimba Kutoka), Sudden Death (Kifo cha ghafla), Diarrhoea (Kuhara), Nasal discharges (Makamasi), Difficulty breathing (Kushindwa Kupumua)]",100,5,0
2026-08-06,40.8656927,4.1137599,Mandera,Banissa,Malkamari,Artagarbaja ,Camel,"[Lamess (Kushindwa kutembea), Wounds on Legs & mouth, Swollen glands, Discharge from the eyes (Machozi)]",63,2,0
2026-08-06,0.0,0.0,Mandera,Lafey,Sala,meygag,Cattle,"[Abortions (Mimba Kutoka), Sudden Death (Kifo cha ghafla), Nasal discharges (Makamasi), Diarrhoea (Kuhara)]",200,50,5
2026-08-06,40.8656927,4.1137599,Mandera,Banissa,Malkamari,Artagarbaja ,Goats,"[Lameness (Kushindwa kutembea), Nasal discharges (Makamasi), Discharge from the eyes (Machozi), Bloody Faeces]",63,5,1
2026-08-06,40.8679049,3.5506265,Mandera,Mandera North,Morothile,Marothile ,Goats,"[Abortions (Mimba Kutoka), Difficulty breathing (Kushindwa Kupumua), Nasal discharges (Makamasi), Diarrhoea (Kuhara)]",185,12,0
2026-08-06,40.8656927,4.1137599,Mandera,Banissa,Malkamari,Malkamari ,Goats,"[Lameness (Kushindwa kutembea), Nasal discharges (Makamasi), Discharge from the eyes (Machozi), Bloody Faeces]",86,8,3
2026-08-06,40.8679049,3.5506265,Mandera,Mandera North,Morothile,Marothile ,Goats,"[Abortions (Mimba Kutoka), Difficulty breathing (Kushindwa Kupumua), Nasal discharges (Makamasi), Diarrhoea (Kuhara)]",147,12,2
2026-08-06,37.3535048,0.3598913,Isiolo,Isiolo,Burat,Leparua/Lchurai ,Goats,"[Difficulty breathing (Kushindwa Kupumua), Others]",80,9,0
2026-08-04,37.2709602,3.9972975,Marsabit,North Horr,Dukana,Dukana ,Goats,"[Abortions (Mimba Kutoka), Difficulty breathing (Kushindwa Kupumua), Nasal discharges (Makamasi), Discharge from the eyes (Machozi), Diarrhoea (Kuhara), Skin swellings (uvimbe wa ngozi)]",500,89,28
2026-08-07,41.2182356,3.9341705,Mandera,Mandera North,Rhamu,Rhamu ,Camel,"[Aggressiveness (Ukali), Skin swellings (uvimbe wa ngozi), Nasal discharges (Makamasi)]",56,9,0
2026-08-06,40.8637965,3.5555031,Mandera,Mandera North,Morothile,Marothile ,Goats,"[Abortions (Mimba Kutoka), Difficulty breathing (Kushindwa Kupumua), Nasal discharges (Makamasi), Diarrhoea (Kuhara)]",168,16,6
2026-08-06,40.8679049,3.5506265,Mandera,Mandera North,Morothile,Marothile ,Goats,"[Abortions (Mimba Kutoka), Difficulty breathing (Kushindwa Kupumua), Nasal discharges (Makamasi), Diarrhoea (Kuhara)]",158,12,3
2026-08-06,40.8637965,3.5555031,Mandera,Mandera North,Morothile,Marothile ,Goats,"[Abortions (Mimba Kutoka), Difficulty breathing (Kushindwa Kupumua), Nasal discharges (Makamasi), Diarrhoea (Kuhara)]",185,15,3
2026-08-06,39.0836087,3.5272851,Marsabit,Moyale,Heillu/Manyatta,Musa Ali,Goats,"[Sudden Death (Kifo cha ghafla), Difficulty breathing (Kushindwa Kupumua)]",37,5,1
2026-08-07,40.8068809,2.6009855,Mandera,Mandera South,Kutulo,Unknown,Camel,[Abortions (Mimba Kutoka)],163,2,1
2026-08-07,40.8068809,2.6009855,Mandera,Mandera South,Kutulo,Unknown,Camel,[Abortions (Mimba Kutoka)],154,1,2
2026-08-07,40.871381,4.1086856,Mandera,Banissa,Malkamari,Hullow,Goats,"[Lameness (Kushindwa kutembea), Nasal discharges (Makamasi), Discharge from the eyes (Machozi), Bloody Faeces]",43,23,8
2026-08-06,0.0,0.0,Mandera,Mandera East,Township,BP1,Sheep,[Diarrhoea (Kuhara)],14,2,0
2026-08-06,40.8679049,3.5506265,Mandera,Mandera North,Morothile,Marothile ,Goats,"[Abortions (Mimba Kutoka), Difficulty breathing (Kushindwa Kupumua), Nasal discharges (Makamasi), Diarrhoea (Kuhara)]",200,19,8
2026-08-07,0.0,0.0,Mandera,Lafey,Sala,jabi,Goats,"[Abortions (Mimba Kutoka), Lameness (Kushindwa kutembea), Wounds on Legs & mouth, Difficulty breathing (Kushindwa Kupumua), Nasal discharges (Makamasi), Diarrhoea (Kuhara)]",150,12,2
2026-08-05,37.3909024,0.122614,Isiolo,Isiolo,Burat,Leronko,Camel,"[Discharge from the eyes (Machozi), Nasal discharges (Makamasi), Skin swellings (uvimbe wa ngozi)]",40,7,0
2026-08-07,0.0,0.0,Mandera,Lafey,Sala,jabi,Sheep,"[Abortions (Mimba Kutoka), Bleeding from openings (Kuvunja damu), Lameness (Kushindwa kutembea), Wounds on Legs & mouth, Difficulty breathing (Kushindwa Kupumua), Nasal discharges (Makamasi), Diarrhoea (Kuhara)]",200,15,3
2026-08-07,40.8068809,2.6009855,Mandera,Mandera South,Kutulo,Unknown,Camel,[Abortions (Mimba Kutoka)],53,2,1
2026-08-07,0.0,0.0,Mandera,Lafey,Sala,jabi,Cattle,"[Abortions (Mimba Kutoka), Pouring Saliva (Kumwaga mate), Lameness (Kushindwa kutembea), Difficulty breathing (Kushindwa Kupumua), Wounds on Legs & mouth, Skin swellings (uvimbe wa ngozi)]",100,10,2
2026-08-07,0.0,0.0,Mandera,Lafey,Sala,jabi,Camel,"[Abortions (Mimba Kutoka), Pouring Saliva (Kumwaga mate), Lamess (Kushindwa kutembea), Wounds on Legs & mouth, Difficulty breathing (Kushindwa Kupumua), Skin swellings (uvimbe wa ngozi)]",80,5,1
2026-08-07,0.0,0.0,Marsabit,North Horr,Dukana,Shada ,Goats,"[Abortions (Mimba Kutoka), Lameness (Kushindwa kutembea), Nasal discharges (Makamasi), Discharge from the eyes (Machozi), Swollen glands, Diarrhoea (Kuhara), Bloody Faeces, Skin swellings (uvimbe wa ngozi)]",200,85,16
2026-08-07,0.0,0.0,Marsabit,North Horr,Dukana,Garwole ,Goats,"[Abortions (Mimba Kutoka), Nasal discharges (Makamasi), Discharge from the eyes (Machozi), Swollen glands, Diarrhoea (Kuhara), Bloody Faeces, Skin swellings (uvimbe wa ngozi)]",358,86,23
2026-08-07,0.0,0.0,Marsabit,North Horr,Dukana,Golfa Dukana ,Camel,"[Aggressiveness (Ukali), Difficulty breathing (Kushindwa Kupumua), Skin swellings (uvimbe wa ngozi), Swollen glands, Nasal discharges (Makamasi), Discharge from the eyes (Machozi)]",89,38,9
2026-08-06,37.3909024,0.122614,Isiolo,Isiolo,Burat,Leparua C,Sheep,"[Abortions (Mimba Kutoka), Pouring Saliva (Kumwaga mate), Lameness (Kushindwa kutembea), Wounds on Legs & mouth, Loss of weight, Others]",10,4,1
2026-08-07,0.0,0.0,Marsabit,North Horr,Dukana,Dukana ,Camel,"[Aggressiveness (Ukali), Skin swellings (uvimbe wa ngozi), Difficulty breathing (Kushindwa Kupumua), Swollen glands, Nasal discharges (Makamasi), Discharge from the eyes (Machozi)]",54,23,8
2026-08-07,40.871381,4.1086856,Mandera,Banissa,Malkamari,Hullow,Camel,"[Lamess (Kushindwa kutembea), Wounds on Legs & mouth, Discharge from the eyes (Machozi), Swollen glands]",24,14,8
2026-08-05,37.3909024,0.122614,Isiolo,Isiolo,Burat,Leparua C,Cattle,"[Lameness (Kushindwa kutembea), Pouring Saliva (Kumwaga mate), Wounds on Legs & mouth, Others]",130,40,2
2026-08-07,36.9982578,0.5732826,Isiolo,Isiolo,Oldo/Nyiro,Loosira ,Goats,"[Abortions (Mimba Kutoka), Sudden Death (Kifo cha ghafla), Difficulty breathing (Kushindwa Kupumua), Diarrhoea (Kuhara)]",100,10,2
2026-08-07,36.9982578,0.5732826,Isiolo,Isiolo,Oldo/Nyiro,Loosira ,Dogs,"[Sudden Death (Kifo cha ghafla), Vomiting (kutapika), Biting (Kuuma), Diarrhoea (Kuhara)]",3,2,2
2026-08-07,38.789651,1.2106823,Isiolo,Merti,Cherub,Shauri Yako,Sheep,"[Lameness (Kushindwa kutembea), Others]",32,2,0
2026-08-07,41.2181676,3.9355346,Mandera,Mandera North,Guticha,Guticha,Goats,[Nasal discharges (Makamasi)],21,1,0
2026-08-07,41.2181679,3.9355357,Mandera,Mandera North,Guticha,Guticha,Goats,[Others],55,6,0
2026-08-07,41.2181895,3.9355582,Mandera,Mandera North,Guticha,Guticha,Cattle,[Others],11,3,0
2026-08-07,41.2182356,3.9341705,Mandera,Mandera North,Rhamu,Rhamu ,Goats,"[Lameness (Kushindwa kutembea), Nasal discharges (Makamasi), Swollen glands, Discharge from the eyes (Machozi), Diarrhoea (Kuhara)]",203,14,2
2026-08-07,41.2182356,3.9341705,Mandera,Mandera North,Rhamu,Rhamu ,Sheep,"[Skin swellings (uvimbe wa ngozi), Discharge from the eyes (Machozi), Diarrhoea (Kuhara)]",73,23,1
2026-08-07,40.8068809,2.6009855,Mandera,Mandera South,Kutulo,Unknown,Camel,[Sudden Death (Kifo cha ghafla)],185,2,6
2026-08-07,0.0,0.0,Mandera,Mandera South,Kutulo,Kutulo ,Goats,[Nasal discharges (Makamasi)],230,20,2
2026-08-07,40.871381,4.1086856,Mandera,Banissa,Malkamari,Hullow,Camel,"[Lamess (Kushindwa kutembea), Wounds on Legs & mouth, Discharge from the eyes (Machozi), Swollen glands]",19,12,2
2026-08-04,0.0,0.0,Isiolo,Garbatulla,Sericho,komorbulla,Cattle,"[Pouring Saliva (Kumwaga mate), Aggressiveness (Ukali), Lameness (Kushindwa kutembea), Wounds on Legs & mouth, Discharge from the eyes (Machozi)]",120,6,0
2026-08-07,40.871381,4.1086856,Mandera,Banissa,Malkamari,Hullow,Sheep,"[Lameness (Kushindwa kutembea), Nasal discharges (Makamasi), Discharge from the eyes (Machozi), Diarrhoea (Kuhara)]",15,7,2
2026-08-07,40.871381,4.1086856,Mandera,Banissa,Malkamari,Hullow,Sheep,"[Lameness (Kushindwa kutembea), Nasal discharges (Makamasi), Discharge from the eyes (Machozi), Diarrhoea (Kuhara)]",18,11,8
2026-08-07,40.871381,4.1086856,Mandera,Banissa,Malkamari,Hullow,Goats,"[Lameness (Kushindwa kutembea), Nasal discharges (Makamasi), Discharge from the eyes (Machozi), Bloody Faeces]",38,21,7
2026-08-07,38.789651,1.2111545,Isiolo,Merti,Cherub,KORBESA ,Cattle,"[Lameness (Kushindwa kutembea), Pouring Saliva (Kumwaga mate), Wounds on Legs & mouth, Others]",73,4,0
2026-08-07,0.0,0.0,Mandera,Mandera East,Township,BP1,Cattle,[Difficulty breathing (Kushindwa Kupumua)],16,1,0
2026-08-08,0.0,0.0,Mandera,Mandera South,Kutulo,Harwale ,Goats,[Nasal discharges (Makamasi)],120,15,1
2026-08-04,41.8471922,3.9259907,Mandera,Banissa,Banissa,Soroba ,Goats,[Difficulty breathing (Kushindwa Kupumua)],255,11,1
2026-08-07,40.8068809,2.6009855,Mandera,Mandera South,Kutulo,Unknown,Camel,[Abortions (Mimba Kutoka)],154,2,2
2026-08-08,0.0,0.0,Mandera,Banissa,Malkamari,Hullow,Goats,"[Lameness (Kushindwa kutembea), Nasal discharges (Makamasi), Discharge from the eyes (Machozi), Bloody Faeces]",31,24,6
2026-07-27,0.0,0.0,Mandera,Mandera South,Kutulo,Kutulo ,Chicken,[Sudden Death (Kifo cha ghafla)],20,15,14
2026-08-07,38.1991312,0.5703422,Isiolo,Garbatulla,Kinna,Kulamawe ,Sheep,"[Lameness (Kushindwa kutembea), Diarrhoea (Kuhara)]",50,2,0
2026-08-04,41.8467028,3.9242419,Mandera,Banissa,Banissa,Danich ,Goats,[Diarrhoea (Kuhara)],255,6,2
2026-08-04,41.8471922,3.9259907,Mandera,Banissa,Banissa,Shobtoy ,Goats,[Discharge from the eyes (Machozi)],260,11,1
2026-08-08,0.0,0.0,Mandera,Banissa,Malkamari,Hullow,Camel,"[Lamess (Kushindwa kutembea), Wounds on Legs & mouth, Discharge from the eyes (Machozi), Swollen glands]",8,6,1
2026-08-07,41.8456397,3.9255975,Mandera,Banissa,Banissa,Handrak ,Goats,[Nasal discharges (Makamasi)],260,11,2
2026-08-07,38.786708,1.2114406,Isiolo,Merti,Cherub,Shauri Yako,Goats,"[Difficulty breathing (Kushindwa Kupumua), Nasal discharges (Makamasi), Others]",20,2,0
2026-08-08,0.0,0.0,Mandera,Banissa,Malkamari,Hullow,Camel,"[Lamess (Kushindwa kutembea), Wounds on Legs & mouth, Discharge from the eyes (Machozi), Swollen glands]",12,7,1
2026-08-02,37.5833029,0.3523245,Isiolo,Merti,Cherub,Biliqi,Goats,"[Others, Skin swellings (uvimbe wa ngozi)]",64,2,0
2026-08-07,40.3361367,3.9387068,Mandera,Banissa,Kiliwehiri,Kiliwehiri,Goats,"[Lameness (Kushindwa kutembea), Nasal discharges (Makamasi), Difficulty breathing (Kushindwa Kupumua)]",30,5,2
2026-08-07,40.3361367,3.9387068,Mandera,Banissa,Kiliwehiri,Funan Teso,Goats,"[Lameness (Kushindwa kutembea), Nasal discharges (Makamasi), Difficulty breathing (Kushindwa Kupumua)]",50,3,1
2026-08-07,40.45781333333333,-0.0303383333333333,Garissa,Fafi,Jarajila,Alinjugur,Goats,"[Abortions (Mimba Kutoka), Discharge from the eyes (Machozi), Skin swellings (uvimbe wa ngozi), Diarrhoea (Kuhara)]",130,12,6
2026-08-08,0.0,0.0,Mandera,Banissa,Malkamari,Hullow,Sheep,"[Lameness (Kushindwa kutembea), Nasal discharges (Makamasi), Discharge from the eyes (Machozi), Diarrhoea (Kuhara)]",3,3,1
2026-08-07,38.66408666666667,1.05994,Isiolo,Merti,Cherub,Manyatta DUBA,Goats,"[Abortions (Mimba Kutoka), Nasal discharges (Makamasi)]",55,3,1
2026-08-07,40.3361367,3.9387068,Mandera,Banissa,Kiliwehiri,Bulla Fulay,Goats,"[Lameness (Kushindwa kutembea), Difficulty breathing (Kushindwa Kupumua), Nasal discharges (Makamasi)]",40,5,2
2026-08-08,0.0,0.0,Mandera,Banissa,Malkamari,Hullow,Goats,"[Lameness (Kushindwa kutembea), Nasal discharges (Makamasi), Discharge from the eyes (Machozi), Bloody Faeces]",9,6,2
2026-08-07,40.3361367,3.9387068,Mandera,Banissa,Kiliwehiri,Umur,Goats,"[Difficulty breathing (Kushindwa Kupumua), Nasal discharges (Makamasi), Lameness (Kushindwa kutembea)]",50,3,2
2026-08-08,0.0,0.0,Mandera,Banissa,Malkamari,Hullow,Sheep,"[Lameness (Kushindwa kutembea), Nasal discharges (Makamasi), Discharge from the eyes (Machozi), Diarrhoea (Kuhara)]",11,7,2
2026-08-07,40.3361367,3.9387068,Mandera,Banissa,Kiliwehiri,Umur,Chicken,"[Nasal discharges (Makamasi), Loss of weight, Diarrhoea (Kuhara)]",5,2,1
2026-08-08,36.984495,0.6075466,Isiolo,Isiolo,Oldo/Nyiro,Loosira,Sheep,"[Abortions (Mimba Kutoka), Sudden Death (Kifo cha ghafla), Bloody Faeces, Diarrhoea (Kuhara)]",30,5,1
2026-08-03,0.0,0.0,Isiolo,Garbatulla,Sericho,modogashe,Cattle,"[Pouring Saliva (Kumwaga mate), Aggressiveness (Ukali), Lameness (Kushindwa kutembea), Discharge from the eyes (Machozi), Others, Wounds on Legs & mouth, Vomiting (kutapika)]",120,11,0
2026-08-08,0.0,0.0,Mandera,Mandera South,Kutulo,Chalbi,Goats,[Difficulty breathing (Kushindwa Kupumua)],142,8,3
2026-08-07,41.3126911,3.1811711,Mandera,Lafey,Lafey,Damasa ,Goats,"[Difficulty breathing (Kushindwa Kupumua), Diarrhoea (Kuhara)]",23,2,1
2026-08-08,38.7753069,1.1985558,Isiolo,Merti,Cherub,Korbesa ,Sheep,[Skin swellings (uvimbe wa ngozi)],100,10,0
2026-08-08,41.3126911,3.1811711,Mandera,Lafey,Lafey,Damasa 7,Goats,"[Abortions (Mimba Kutoka), Nasal discharges (Makamasi), Diarrhoea (Kuhara)]",85,5,1
2026-08-08,0.0,0.0,Mandera,Banissa,Malkamari,Hullow,Goats,"[Lameness (Kushindwa kutembea), Nasal discharges (Makamasi), Discharge from the eyes (Machozi), Bloody Faeces]",14,9,2
2026-08-08,0.0,0.0,Mandera,Banissa,Malkamari,Hullow,Camel,"[Lamess (Kushindwa kutembea), Wounds on Legs & mouth, Discharge from the eyes (Machozi), Swollen glands]",3,3,0
2026-08-08,41.8589051,3.9371555,Mandera,Mandera West,Takaba,Hawacho Sambur,Camel,"[Abortions (Mimba Kutoka), Sudden Death (Kifo cha ghafla), Lamess (Kushindwa kutembea), Difficulty breathing (Kushindwa Kupumua), Skin swellings (uvimbe wa ngozi), Diarrhoea (Kuhara), Swollen glands, Nasal discharges (Makamasi), Discharge from the eyes (Machozi)]",68,11,3
2026-08-08,36.984495,0.6075466,Isiolo,Isiolo,Oldo/Nyiro,Loosira,Goats,"[Abortions (Mimba Kutoka), Sudden Death (Kifo cha ghafla), Difficulty breathing (Kushindwa Kupumua), Discharge from the eyes (Machozi)]",150,10,4
2026-08-08,41.8589051,3.9371555,Mandera,Mandera West,Takaba,Bullabarak,Goats,"[Abortions (Mimba Kutoka), Sudden Death (Kifo cha ghafla), Pouring Saliva (Kumwaga mate), Lameness (Kushindwa kutembea), Difficulty breathing (Kushindwa Kupumua), Nasal discharges (Makamasi), Discharge from the eyes (Machozi), Diarrhoea (Kuhara), Skin swellings (uvimbe wa ngozi)]",112,35,7
2026-08-08,0.0,0.0,Mandera,Banissa,Malkamari,Hullow,Camel,"[Lamess (Kushindwa kutembea), Wounds on Legs & mouth, Discharge from the eyes (Machozi), Swollen glands]",22,13,2
2026-08-08,36.984495,0.6075466,Isiolo,Isiolo,Oldo/Nyiro,Loosira,Dogs,"[Sudden Death (Kifo cha ghafla), Aggressiveness (Ukali), Staggering (kutembea Kombo), Diarrhoea (Kuhara)]",2,1,1
2026-08-08,0.0,0.0,Mandera,Banissa,Malkamari,Hullow,Sheep,"[Lameness (Kushindwa kutembea), Nasal discharges (Makamasi), Discharge from the eyes (Machozi), Diarrhoea (Kuhara)]",7,5,1
2026-08-08,38.1969873,0.5705901,Isiolo,Garbatulla,Kinna,Kulamawe ,Sheep,"[Nasal discharges (Makamasi), Diarrhoea (Kuhara)]",128,6,1
2026-07-31,37.626035,0.4743881,Isiolo,Isiolo,Ngare Mara,Trakta ,Goats,"[Nasal discharges (Makamasi), Discharge from the eyes (Machozi), Diarrhoea (Kuhara), Others]",32,18,0
2026-08-08,0.0,0.0,Mandera,Mandera East,Township,BP1,Goats,[Abortions (Mimba Kutoka)],45,1,0
2026-08-08,0.0,0.0,Mandera,Mandera East,Township,BP1,Chicken,[Diarrhoea (Kuhara)],18,2,1
2026-08-08,0.0,0.0,Mandera,Banissa,Malkamari,Hullow,Goats,"[Lameness (Kushindwa kutembea), Nasal discharges (Makamasi), Discharge from the eyes (Machozi), Bloody Faeces]",23,14,3
2026-08-08,0.0,0.0,Mandera,Banissa,Malkamari,Hullow,Sheep,"[Lameness (Kushindwa kutembea), Nasal discharges (Makamasi), Discharge from the eyes (Machozi), Diarrhoea (Kuhara)]",6,5,1
2026-08-01,37.6351692,0.4909725,Isiolo,Isiolo,Ngare Mara,Trakta ,Goats,[Others],25,1,0
2026-08-08,0.0,0.0,Mandera,Banissa,Malkamari,Hullow,Goats,"[Lameness (Kushindwa kutembea), Nasal discharges (Makamasi), Discharge from the eyes (Machozi), Bloody Faeces]",20,9,2
2026-08-08,0.0,0.0,Mandera,Banissa,Malkamari,Hullow,Sheep,"[Lameness (Kushindwa kutembea), Nasal discharges (Makamasi), Discharge from the eyes (Machozi), Diarrhoea (Kuhara)]",7,5,2
2026-08-08,41.2203711,3.9329562,Mandera,Mandera North,Rhamu,Rhamu ,Goats,"[Nasal discharges (Makamasi), Discharge from the eyes (Machozi), Diarrhoea (Kuhara)]",196,22,0
2026-08-08,41.2203711,3.9329562,Mandera,Mandera North,Rhamu,Rhamu ,Camel,"[Aggressiveness (Ukali), Lamess (Kushindwa kutembea), Skin swellings (uvimbe wa ngozi), Nasal discharges (Makamasi)]",52,6,0
2026-08-07,0.0,0.0,Mandera,Mandera South,Shimbir Fatuma,Dololo,Goats,[Abortions (Mimba Kutoka)],240,18,0
2026-08-08,37.6311771,0.4844338,Isiolo,Isiolo,Ngare Mara,Tractor ,Goats,[Diarrhoea (Kuhara)],16,4,0
2026-08-08,37.8921748,0.2933714,Isiolo,Isiolo,Ngare Mara,Attan,Goats,[Abortions (Mimba Kutoka)],273,2,0
2026-08-07,0.0,0.0,Mandera,Mandera South,Shimbir Fatuma,Eltul,Camel,[Swollen glands],65,25,7
2026-08-08,0.0,0.0,Mandera,Mandera East,Arabia,Othaa,Camel,"[Swollen glands, Abortions (Mimba Kutoka), Bleeding from openings (Kuvunja damu)]",55,25,9
2026-08-02,0.0,0.0,Isiolo,Isiolo,Ngare Mara,Tractor,Goats,[Others],36,8,0
2026-08-07,0.0,0.0,Mandera,Mandera South,Shimbir Fatuma,Guba Chaptho,Goats,[Skin swellings (uvimbe wa ngozi)],290,45,7
2026-08-09,0.0,0.0,Mandera,Lafey,Sala,Sala ,Goats,[Nasal discharges (Makamasi)],9,3,1
2026-08-13,0.0,0.0,Mandera,Mandera East,Arabia,Hhegalow,Cattle,"[Sudden Death (Kifo cha ghafla), Abortions (Mimba Kutoka)]",35,11,8
2026-08-07,0.0,0.0,Mandera,Mandera South,Shimbir Fatuma,Ano,Goats,[Skin swellings (uvimbe wa ngozi)],180,25,1
2026-08-08,41.0584612,3.0564674,Mandera,Lafey,Alango Gof,Alungo ,Goats,"[Difficulty breathing (Kushindwa Kupumua), Nasal discharges (Makamasi)]",70,10,1
2026-08-07,0.0,0.0,Mandera,Mandera South,Shimbir Fatuma,Dololo,Camel,[Swollen glands],32,12,4
2026-08-08,41.0584612,3.0564674,Mandera,Lafey,Alango Gof,Alungo ,Goats,[Discharge from the eyes (Machozi)],80,28,1
2026-08-09,37.6228596,0.4107166,Isiolo,Isiolo,Ngare Mara,Attan,Sheep,[Skin swellings (uvimbe wa ngozi)],46,5,0
2026-08-07,0.0,0.0,Mandera,Mandera South,Shimbir Fatuma,Dololo,Camel,[Swollen glands],45,15,3
2026-08-09,37.6188668,0.4608402,Isiolo,Isiolo,Ngare Mara,Attan,Sheep,[Others],28,1,0
2026-08-08,41.0584612,3.0564674,Mandera,Lafey,Alango Gof,Alungo ,Goats,[Nasal discharges (Makamasi)],90,10,1
2026-08-08,41.0581462,3.0567233,Mandera,Lafey,Alango Gof,Alungo ,Sheep,"[Discharge from the eyes (Machozi), Nasal discharges (Makamasi)]",60,10,2
2026-08-07,0.0,0.0,Mandera,Mandera South,Shimbir Fatuma,Dololo,Camel,[Swollen glands],65,21,5
2026-08-08,41.0581462,3.0567233,Mandera,Lafey,Alango Gof,Alungo ,Goats,[Diarrhoea (Kuhara)],50,10,0
2026-08-09,41.8584914,3.93698,Mandera,Mandera West,Takaba,Sukela Qalqalacha,Sheep,"[Abortions (Mimba Kutoka), Sudden Death (Kifo cha ghafla), Lameness (Kushindwa kutembea), Wounds on Legs & mouth, Difficulty breathing (Kushindwa Kupumua), Nasal discharges (Makamasi), Discharge from the eyes (Machozi), Skin swellings (uvimbe wa ngozi), Diarrhoea (Kuhara), Loss of weight]",101,35,8
2026-08-07,0.0,0.0,Mandera,Mandera South,Shimbir Fatuma,Ano,Goats,[Skin swellings (uvimbe wa ngozi)],320,85,5
2026-08-09,37.6228596,0.4107166,Isiolo,Isiolo,Ngare Mara,Attan,Sheep,[Diarrhoea (Kuhara)],67,4,0
2026-08-08,41.0581462,3.0567233,Mandera,Lafey,Alango Gof,Alungo ,Chicken,[Soft shelled eggs],30,10,0
2026-08-07,0.0,0.0,Mandera,Mandera South,Shimbir Fatuma,Dololo,Goats,[Skin swellings (uvimbe wa ngozi)],258,45,7
2026-08-08,41.0581462,3.0567233,Mandera,Lafey,Alango Gof,Alungo ,Goats,"[Discharge from the eyes (Machozi), Nasal discharges (Makamasi)]",50,15,1
2026-08-09,39.9220132,3.6795829,Mandera,Mandera West,Gither,Gither,Camel,"[Abortions (Mimba Kutoka), Bleeding from openings (Kuvunja damu), Wounds on Legs & mouth]",23,19,1
2026-08-09,0.0,0.0,Isiolo,Garbatulla,Kinna,Handhad,Goats,"[Lameness (Kushindwa kutembea), Wounds on Legs & mouth]",105,2,0
2026-08-09,0.0,0.0,Mandera,Banissa,Malkamari,Hullow,Goats,"[Lameness (Kushindwa kutembea), Nasal discharges (Makamasi), Discharge from the eyes (Machozi), Bloody Faeces]",13,6,1
2026-08-07,0.0,0.0,Mandera,Mandera South,Shimbir Fatuma,Dololo,Sheep,[Diarrhoea (Kuhara)],52,12,1
2026-08-09,0.0,0.0,Mandera,Banissa,Malkamari,Hullow,Camel,"[Lamess (Kushindwa kutembea), Wounds on Legs & mouth, Discharge from the eyes (Machozi), Swollen glands]",4,4,0
2026-08-09,37.6311771,0.4844338,Isiolo,Isiolo,Ngare Mara,Aukot,Goats,[Diarrhoea (Kuhara)],49,11,0
2026-08-08,38.66668333333334,1.05771,Isiolo,Merti,Cherub,KAMBI JUU,Goats,"[Difficulty breathing (Kushindwa Kupumua), Diarrhoea (Kuhara)]",26,4,0
2026-08-09,0.0,0.0,Mandera,Mandera East,Township,BP1,Sheep,[Wounds on Legs & mouth],13,1,0
2026-08-09,0.0,0.0,Mandera,Banissa,Malkamari,Hullow,Camel,"[Lamess (Kushindwa kutembea), Wounds on Legs & mouth, Discharge from the eyes (Machozi), Swollen glands]",14,8,2
2026-08-09,38.1969898,0.5707103,Isiolo,Garbatulla,Kinna,Handhadh,Goats,"[Lameness (Kushindwa kutembea), Diarrhoea (Kuhara)]",250,10,0
2026-08-09,0.0,0.0,Mandera,Banissa,Malkamari,Hullow,Sheep,"[Lameness (Kushindwa kutembea), Nasal discharges (Makamasi), Discharge from the eyes (Machozi), Diarrhoea (Kuhara)]",9,5,0
2026-08-09,0.0,0.0,Mandera,Banissa,Malkamari,Hullow,Sheep,"[Lameness (Kushindwa kutembea), Nasal discharges (Makamasi), Discharge from the eyes (Machozi), Diarrhoea (Kuhara)]",5,3,1
2026-08-09,38.66408833333333,1.0597666666666667,Isiolo,Merti,Cherub,M . DUBA,Goats,"[Discharge from the eyes (Machozi), Diarrhoea (Kuhara)]",40,6,1
2026-08-09,38.66407166666667,1.05965,Isiolo,Merti,Cherub, M DUBA,Goats,"[Diarrhoea (Kuhara), Abortions (Mimba Kutoka)]",36,5,0
2026-08-09,0.0,0.0,Isiolo,Merti,Cherub,Biliqi,Cattle,[Others],63,1,0
2026-08-08,37.3217682,0.4083819,Isiolo,Isiolo,Burat,Leparua/Lchurai ,Goats,"[Nasal discharges (Makamasi), Others]",108,5,0
2026-08-10,36.98301166666667,0.6395483333333334,Isiolo,Isiolo,Oldo/Nyiro,Nkorika ,Goats,"[Lameness (Kushindwa kutembea), Wounds on Legs & mouth, Nasal discharges (Makamasi)]",250,9,0
2026-08-09,0.0,0.0,Mandera,Banissa,Malkamari,Hullow,Goats,"[Lameness (Kushindwa kutembea), Nasal discharges (Makamasi), Discharge from the eyes (Machozi), Bloody Faeces]",28,15,8
2026-08-10,0.0,0.0,Mandera,Lafey,Sala,jabi,Goats,"[Abortions (Mimba Kutoka), Lameness (Kushindwa kutembea), Wounds on Legs & mouth, Difficulty breathing (Kushindwa Kupumua), Nasal discharges (Makamasi), Discharge from the eyes (Machozi)]",150,12,3
2026-08-10,0.0,0.0,Mandera,Banissa,Malkamari,Hullow,Goats,"[Lameness (Kushindwa kutembea), Nasal discharges (Makamasi), Discharge from the eyes (Machozi), Bloody Faeces]",34,22,6
2026-08-10,0.0,0.0,Mandera,Banissa,Malkamari,Hullow,Camel,"[Lamess (Kushindwa kutembea), Wounds on Legs & mouth, Discharge from the eyes (Machozi), Swollen glands]",11,7,1
2026-08-10,0.0,0.0,Mandera,Lafey,Sala,jabi,Sheep,"[Abortions (Mimba Kutoka), Pouring Saliva (Kumwaga mate), Lameness (Kushindwa kutembea), Wounds on Legs & mouth, Difficulty breathing (Kushindwa Kupumua), Nasal discharges (Makamasi), Skin swellings (uvimbe wa ngozi)]",250,15,3
2026-08-10,0.0,0.0,Mandera,Banissa,Malkamari,Hullow,Camel,"[Lamess (Kushindwa kutembea), Wounds on Legs & mouth, Discharge from the eyes (Machozi), Swollen glands]",7,5,1
2026-08-10,0.0,0.0,Mandera,Mandera South,Elwak South,Eladi,Sheep,"[Lameness (Kushindwa kutembea), Nasal discharges (Makamasi)]",189,23,5
2026-08-10,0.0,0.0,Mandera,Mandera South,Elwak South,Eladi,Sheep,"[Lameness (Kushindwa kutembea), Nasal discharges (Makamasi), Difficulty breathing (Kushindwa Kupumua)]",241,29,4
2026-08-10,0.0,0.0,Mandera,Lafey,Sala,jabi,Cattle,"[Abortions (Mimba Kutoka), Pouring Saliva (Kumwaga mate), Aggressiveness (Ukali), Lameness (Kushindwa kutembea), Difficulty breathing (Kushindwa Kupumua), Wounds on Legs & mouth, Skin swellings (uvimbe wa ngozi)]",200,16,4
2026-08-05,40.8034009,2.5590582,Mandera,Mandera South,Kutulo,Unknown,Camel,[Abortions (Mimba Kutoka)],145,2,1
2026-08-10,0.0,0.0,Mandera,Banissa,Malkamari,Hullow,Sheep,"[Lameness (Kushindwa kutembea), Nasal discharges (Makamasi), Discharge from the eyes (Machozi), Diarrhoea (Kuhara)]",5,3,1
2026-08-10,37.5869163,0.366013,Isiolo,Isiolo,Burat,Alamach ,Goats,[Abortions (Mimba Kutoka)],80,3,0
2026-08-10,0.0,0.0,Mandera,Banissa,Malkamari,Hullow,Goats,"[Lameness (Kushindwa kutembea), Nasal discharges (Makamasi), Discharge from the eyes (Machozi), Bloody Faeces]",14,8,2
2026-08-10,0.0,0.0,Mandera,Banissa,Malkamari,Hullow,Sheep,"[Lameness (Kushindwa kutembea), Nasal discharges (Makamasi), Discharge from the eyes (Machozi), Diarrhoea (Kuhara)]",11,6,4
2026-08-05,40.8034009,2.5590582,Mandera,Mandera South,Kutulo,Unknown,Goats,[Abortions (Mimba Kutoka)],152,2,9
2026-08-10,0.0,0.0,Mandera,Lafey,Sala,jabi,Camel,"[Abortions (Mimba Kutoka), Aggressiveness (Ukali), Lamess (Kushindwa kutembea), Wounds on Legs & mouth, Difficulty breathing (Kushindwa Kupumua), Skin swellings (uvimbe wa ngozi), Nasal discharges (Makamasi)]",300,17,6
2026-08-07,40.8068809,2.6009855,Mandera,Mandera South,Kutulo,Unknown,Camel,[Abortions (Mimba Kutoka)],154,2,3
2026-08-10,0.0,0.0,Mandera,Lafey,Sala,jabi,Goats,"[Abortions (Mimba Kutoka), Pouring Saliva (Kumwaga mate), Lameness (Kushindwa kutembea), Wounds on Legs & mouth, Difficulty breathing (Kushindwa Kupumua), Nasal discharges (Makamasi), Diarrhoea (Kuhara)]",100,11,3
2026-08-07,40.8068809,2.6009855,Mandera,Mandera South,Kutulo,Unknown,Camel,[Abortions (Mimba Kutoka)],154,2,3
2026-08-05,40.8034009,2.5590582,Mandera,Mandera South,Kutulo,Unknown,Camel,[Sudden Death (Kifo cha ghafla)],145,2,3
2026-08-10,41.8584975,3.9369721,Mandera,Mandera West,Takaba,Bamba Taka,Camel,"[Abortions (Mimba Kutoka), Sudden Death (Kifo cha ghafla), Lamess (Kushindwa kutembea), Skin swellings (uvimbe wa ngozi), Diarrhoea (Kuhara), Swollen glands, Nasal discharges (Makamasi), Discharge from the eyes (Machozi)]",78,15,4
2026-08-10,0.0,0.0,Garissa,Fafi,Fafi,Fafihajin ,Camel,[Abortions (Mimba Kutoka)],36,2,0
2026-08-05,40.8034009,2.5590582,Mandera,Mandera South,Kutulo,Unknown,Camel,[Abortions (Mimba Kutoka)],125,4,5
2026-08-10,0.0,0.0,Mandera,Lafey,Sala,jabi,Goats,"[Abortions (Mimba Kutoka), Pouring Saliva (Kumwaga mate), Lameness (Kushindwa kutembea), Wounds on Legs & mouth, Difficulty breathing (Kushindwa Kupumua), Nasal discharges (Makamasi)]",120,10,3
2026-08-05,40.8034009,2.5590582,Mandera,Mandera South,Kutulo,Unknown,Camel,[Abortions (Mimba Kutoka)],192,2,3
2026-08-10,0.0,0.0,Mandera,Mandera South,Elwak South,Eladi,Cattle,"[Difficulty breathing (Kushindwa Kupumua), Nasal discharges (Makamasi)]",124,25,9
2026-08-10,0.0,0.0,Mandera,Mandera South,Elwak South,Eladi,Cattle,"[Difficulty breathing (Kushindwa Kupumua), Lameness (Kushindwa kutembea)]",105,16,0
2026-08-10,0.0,0.0,Mandera,Lafey,Sala,jabi,Sheep,"[Abortions (Mimba Kutoka), Pouring Saliva (Kumwaga mate), Lameness (Kushindwa kutembea), Wounds on Legs & mouth, Nasal discharges (Makamasi)]",130,9,3
2026-08-10,0.0,0.0,Mandera,Mandera South,Elwak South,Eladi,Cattle,"[Lameness (Kushindwa kutembea), Difficulty breathing (Kushindwa Kupumua)]",97,8,1
2026-08-05,40.8034009,2.5590582,Mandera,Mandera South,Kutulo,Unknown,Camel,[Abortions (Mimba Kutoka)],123,2,3
2026-08-10,0.0,0.0,Mandera,Lafey,Sala,jabi,Goats,"[Abortions (Mimba Kutoka), Bleeding from openings (Kuvunja damu), Lameness (Kushindwa kutembea), Wounds on Legs & mouth, Difficulty breathing (Kushindwa Kupumua), Nasal discharges (Makamasi)]",150,12,2
2026-08-05,40.8034009,2.5590582,Mandera,Mandera South,Kutulo,Unknown,Camel,[Sudden Death (Kifo cha ghafla)],124,53,5
2026-08-10,0.0,0.0,Mandera,Mandera South,Elwak South,Eladi,Sheep,"[Lameness (Kushindwa kutembea), Difficulty breathing (Kushindwa Kupumua), Nasal discharges (Makamasi)]",145,16,5
2026-08-10,0.0,0.0,Mandera,Mandera South,Elwak South,Eladi,Cattle,"[Difficulty breathing (Kushindwa Kupumua), Diarrhoea (Kuhara)]",187,15,11
2026-08-10,40.8471659,2.6079346,Mandera,Mandera South,Kutulo,Unknown,Camel,[Sudden Death (Kifo cha ghafla)],125,3,6
2026-08-10,0.0,0.0,Mandera,Mandera South,Elwak South,Unknown,Cattle,"[Difficulty breathing (Kushindwa Kupumua), Lameness (Kushindwa kutembea)]",89,15,6
2026-08-10,0.0,0.0,Mandera,Mandera South,Elwak South,IDP Lafey,Sheep,"[Lameness (Kushindwa kutembea), Nasal discharges (Makamasi), Discharge from the eyes (Machozi)]",93,6,0
2026-08-10,40.8471659,2.6079346,Mandera,Mandera South,Kutulo,Unknown,Camel,[Sudden Death (Kifo cha ghafla)],158,1,2
2026-08-10,40.8471659,2.6079346,Mandera,Mandera South,Kutulo,Unknown,Camel,[Abortions (Mimba Kutoka)],145,2,3
2026-08-10,0.0,0.0,Mandera,Mandera South,Elwak South,Qorobo Shanan ,Goats,"[Difficulty breathing (Kushindwa Kupumua), Nasal discharges (Makamasi), Discharge from the eyes (Machozi)]",325,19,6
2026-08-10,0.0,0.0,Mandera,Mandera South,Elwak South,IDP Lafey,Sheep,"[Lameness (Kushindwa kutembea), Nasal discharges (Makamasi), Discharge from the eyes (Machozi)]",136,5,1
2026-08-10,0.0,0.0,Mandera,Mandera South,Elwak South,Qorobo Shanan ,Sheep,"[Lameness (Kushindwa kutembea), Nasal discharges (Makamasi)]",259,36,13
2026-08-10,40.8030845,2.5590704,Mandera,Mandera South,Kutulo,Unknown,Camel,[Abortions (Mimba Kutoka)],154,3,1
2026-08-10,0.0,0.0,Mandera,Mandera South,Elwak South,Qorobo Shanan ,Goats,"[Lameness (Kushindwa kutembea), Nasal discharges (Makamasi), Discharge from the eyes (Machozi)]",329,12,7
2026-08-10,0.0,0.0,Mandera,Mandera South,Elwak South,IDP Lafey,Goats,"[Difficulty breathing (Kushindwa Kupumua), Nasal discharges (Makamasi), Diarrhoea (Kuhara)]",263,25,9
2026-08-10,0.0,0.0,Mandera,Mandera South,Elwak South,IDP Lafey,Goats,"[Nasal discharges (Makamasi), Discharge from the eyes (Machozi), Diarrhoea (Kuhara)]",235,35,12
2026-08-10,40.8030845,2.5590704,Mandera,Mandera South,Kutulo,Unknown,Camel,[Sudden Death (Kifo cha ghafla)],142,4,2
2026-08-10,0.0,0.0,Mandera,Mandera South,Elwak South,IDP Lafey,Goats,"[Lameness (Kushindwa kutembea), Difficulty breathing (Kushindwa Kupumua), Nasal discharges (Makamasi)]",351,43,15
2026-08-10,0.0,0.0,Mandera,Mandera South,Elwak South,Bula Dana,Sheep,"[Lameness (Kushindwa kutembea), Nasal discharges (Makamasi)]",159,15,5
2026-08-10,40.8030845,2.5590704,Mandera,Mandera South,Kutulo,Unknown,Camel,[Abortions (Mimba Kutoka)],154,2,3
2026-08-10,0.0,0.0,Mandera,Mandera South,Elwak South,Qorobo Shanan ,Goats,"[Lameness (Kushindwa kutembea), Difficulty breathing (Kushindwa Kupumua), Nasal discharges (Makamasi)]",219,35,18
2026-08-10,0.0,0.0,Mandera,Mandera South,Elwak South,Qorobo Shanan ,Sheep,"[Lameness (Kushindwa kutembea), Nasal discharges (Makamasi), Discharge from the eyes (Machozi)]",321,15,5
2026-08-10,0.0,0.0,Mandera,Mandera South,Elwak South,Unknown,Goats,"[Lameness (Kushindwa kutembea), Nasal discharges (Makamasi), Discharge from the eyes (Machozi)]",321,16,4
2026-08-10,0.0,0.0,Mandera,Mandera South,Elwak South,Eladi,Goats,"[Lameness (Kushindwa kutembea), Nasal discharges (Makamasi), Discharge from the eyes (Machozi)]",187,19,5
2026-08-10,0.0,0.0,Mandera,Mandera East,Township,BP1,Cattle,[Discharge from the eyes (Machozi)],26,2,0
2026-08-10,0.0,0.0,Mandera,Mandera South,Elwak South,Qorobo Shanan ,Cattle,"[Lameness (Kushindwa kutembea), Diarrhoea (Kuhara), Nasal discharges (Makamasi)]",135,16,9
2026-08-10,0.0,0.0,Mandera,Mandera South,Elwak South,Bula Dana,Cattle,"[Lameness (Kushindwa kutembea), Diarrhoea (Kuhara)]",126,57,21
2026-08-10,0.0,0.0,Mandera,Mandera South,Elwak South,Qorobo Shanan ,Goats,"[Lameness (Kushindwa kutembea), Nasal discharges (Makamasi), Discharge from the eyes (Machozi)]",282,13,4
2026-08-10,0.0,0.0,Mandera,Mandera South,Elwak South,Qorobo Shanan ,Cattle,"[Difficulty breathing (Kushindwa Kupumua), Diarrhoea (Kuhara), Nasal discharges (Makamasi)]",158,26,8
2026-08-10,0.0,0.0,Mandera,Mandera South,Elwak South,Qorobo Shanan ,Goats,"[Nasal discharges (Makamasi), Diarrhoea (Kuhara)]",235,18,3
2026-08-10,0.0,0.0,Mandera,Mandera South,Elwak South,Qorobo Shanan ,Goats,"[Nasal discharges (Makamasi), Swollen glands, Diarrhoea (Kuhara)]",321,51,12
2026-08-10,0.0,0.0,Mandera,Mandera South,Elwak South,Bula Dana,Goats,"[Nasal discharges (Makamasi), Bloody Faeces, Swollen glands]",59,13,0
2026-08-10,0.0,0.0,Mandera,Mandera South,Elwak South,Bula Dana,Goats,"[Lameness (Kushindwa kutembea), Difficulty breathing (Kushindwa Kupumua)]",123,15,5
2026-08-10,0.0,0.0,Mandera,Mandera South,Elwak South,Bula Dana,Goats,"[Lameness (Kushindwa kutembea), Difficulty breathing (Kushindwa Kupumua), Nasal discharges (Makamasi)]",258,12,3
2026-08-10,0.0,0.0,Mandera,Mandera South,Elwak South,Qorobo Shanan ,Goats,"[Lameness (Kushindwa kutembea), Difficulty breathing (Kushindwa Kupumua), Nasal discharges (Makamasi)]",325,21,6
2026-08-10,0.0,0.0,Mandera,Mandera South,Elwak South,Qorobo Shanan ,Cattle,"[Lameness (Kushindwa kutembea), Diarrhoea (Kuhara), Nasal discharges (Makamasi)]",963,12,3
2026-08-10,0.0,0.0,Mandera,Mandera South,Elwak South,Qorobo Shanan ,Goats,"[Lameness (Kushindwa kutembea), Nasal discharges (Makamasi), Discharge from the eyes (Machozi)]",369,21,9
2026-08-10,0.0,0.0,Mandera,Mandera South,Elwak South,Bula Dana,Chicken,"[Nasal discharges (Makamasi), Discoloured Faeces]",59,15,8
2026-08-10,0.0,0.0,Mandera,Mandera South,Elwak South,Bula Dana,Goats,"[Difficulty breathing (Kushindwa Kupumua), Nasal discharges (Makamasi), Discharge from the eyes (Machozi)]",359,28,6
2026-08-10,0.0,0.0,Mandera,Mandera South,Elwak South,Bula   Afya,Cattle,"[Lameness (Kushindwa kutembea), Difficulty breathing (Kushindwa Kupumua)]",251,15,5
2026-08-10,0.0,0.0,Mandera,Mandera South,Elwak South,Bula Afya,Sheep,"[Nasal discharges (Makamasi), Discharge from the eyes (Machozi), Diarrhoea (Kuhara)]",185,19,6
2026-08-10,0.0,0.0,Mandera,Mandera South,Elwak South,Bula Dana,Chicken,"[Nasal discharges (Makamasi), Loss of weight, Diarrhoea (Kuhara)]",231,50,18
2026-08-10,0.0,0.0,Mandera,Mandera South,Elwak South,Eladi,Goats,"[Difficulty breathing (Kushindwa Kupumua), Nasal discharges (Makamasi), Discharge from the eyes (Machozi)]",284,18,7
2026-08-10,0.0,0.0,Mandera,Mandera South,Elwak South,Qorobo Shanan ,Cattle,"[Lameness (Kushindwa kutembea), Diarrhoea (Kuhara)]",111,31,3
2026-08-10,0.0,0.0,Mandera,Mandera South,Elwak South,Bula Dana ,Goats,"[Nasal discharges (Makamasi), Discharge from the eyes (Machozi)]",259,16,3
2026-08-10,0.0,0.0,Mandera,Mandera South,Elwak South,Bula  Afya,Cattle,"[Lameness (Kushindwa kutembea), Difficulty breathing (Kushindwa Kupumua)]",156,52,18
2026-08-10,0.0,0.0,Mandera,Mandera South,Elwak South,Bula Afya,Goats,"[Lameness (Kushindwa kutembea), Nasal discharges (Makamasi), Discharge from the eyes (Machozi)]",128,19,5
2026-08-10,0.0,0.0,Mandera,Mandera South,Elwak South,Unknown,Goats,"[Difficulty breathing (Kushindwa Kupumua), Nasal discharges (Makamasi), Discharge from the eyes (Machozi)]",321,40,15
2026-08-10,0.0,0.0,Mandera,Mandera South,Elwak South,Bula Afya,Chicken,"[Diarrhoea (Kuhara), Loss of weight, Purple discoloration of wattles and combs, Sudden Death (Kifo cha ghafla)]",89,18,5
2026-08-10,0.0,0.0,Mandera,Mandera South,Elwak South,Qorobo Shanan ,Goats,"[Nasal discharges (Makamasi), Discharge from the eyes (Machozi)]",239,12,5
2026-08-10,0.0,0.0,Mandera,Mandera South,Elwak South,Bula Afya,Sheep,"[Lameness (Kushindwa kutembea), Nasal discharges (Makamasi), Discharge from the eyes (Machozi)]",123,18,9
2026-08-10,0.0,0.0,Mandera,Mandera South,Elwak South,Bula Dana ,Chicken,"[Loss of weight, Nasal discharges (Makamasi), Diarrhoea (Kuhara)]",235,52,15
2026-08-10,0.0,0.0,Mandera,Mandera South,Elwak South,Eladi,Goats,"[Lameness (Kushindwa kutembea), Difficulty breathing (Kushindwa Kupumua), Nasal discharges (Makamasi)]",418,19,8
2026-08-10,0.0,0.0,Mandera,Mandera South,Elwak South,Bula Dana,Goats,"[Difficulty breathing (Kushindwa Kupumua), Nasal discharges (Makamasi), Discharge from the eyes (Machozi)]",252,12,0
2026-08-10,0.0,0.0,Mandera,Mandera South,Elwak South,Bula Afya,Sheep,"[Lameness (Kushindwa kutembea), Difficulty breathing (Kushindwa Kupumua), Nasal discharges (Makamasi)]",163,25,9
2026-08-10,0.0,0.0,Mandera,Mandera South,Elwak South,IDP Lafey ,Cattle,"[Difficulty breathing (Kushindwa Kupumua), Diarrhoea (Kuhara), Nasal discharges (Makamasi)]",104,15,3
2026-08-10,0.0,0.0,Mandera,Mandera South,Elwak South,Bula Afya,Sheep,"[Difficulty breathing (Kushindwa Kupumua), Nasal discharges (Makamasi), Discharge from the eyes (Machozi)]",158,18,8
2026-08-10,0.0,0.0,Mandera,Mandera South,Elwak South,Bula Dana,Goats,"[Lameness (Kushindwa kutembea), Nasal discharges (Makamasi)]",582,18,6
2026-08-10,0.0,0.0,Mandera,Mandera South,Elwak South,Bula Afya,Goats,"[Difficulty breathing (Kushindwa Kupumua), Nasal discharges (Makamasi)]",187,29,8
2026-08-10,0.0,0.0,Mandera,Mandera South,Elwak South,Bula Dana,Goats,"[Lameness (Kushindwa kutembea), Nasal discharges (Makamasi), Diarrhoea (Kuhara)]",136,5,1
2026-08-10,0.0,0.0,Mandera,Mandera South,Elwak South,Eladi,Cattle,"[Lameness (Kushindwa kutembea), Difficulty breathing (Kushindwa Kupumua), Diarrhoea (Kuhara), Nasal discharges (Makamasi)]",321,19,7
2026-08-10,0.0,0.0,Mandera,Mandera South,Elwak South,Bula Dana,Goats,"[Lameness (Kushindwa kutembea), Nasal discharges (Makamasi)]",367,29,13
2026-08-10,0.0,0.0,Mandera,Mandera South,Elwak South,Bula Afya,Goats,"[Nasal discharges (Makamasi), Discharge from the eyes (Machozi), Diarrhoea (Kuhara)]",59,8,0
2026-08-10,0.0,0.0,Mandera,Mandera South,Elwak South,IDPLAFEY,Cattle,"[Diarrhoea (Kuhara), Nasal discharges (Makamasi), Discharge from the eyes (Machozi)]",163,12,6
2026-08-10,0.0,0.0,Garissa,Garissa Township,Galbet,Soko Ngombe,Goats,[Lameness (Kushindwa kutembea)],12,1,0
2026-08-10,0.0,0.0,Mandera,Mandera South,Elwak South,Bula Dana ,Goats,"[Lameness (Kushindwa kutembea), Nasal discharges (Makamasi)]",528,32,15
2026-08-10,0.0,0.0,Mandera,Mandera South,Elwak South,IDP Lafey,Sheep,"[Lameness (Kushindwa kutembea), Difficulty breathing (Kushindwa Kupumua), Nasal discharges (Makamasi), Discharge from the eyes (Machozi)]",235,26,10
2026-08-10,38.1986351,0.5688296,Isiolo,Garbatulla,Kinna,Kulamawe ,Sheep,"[Nasal discharges (Makamasi), Difficulty breathing (Kushindwa Kupumua)]",236,10,0
2026-08-11,37.5935739,0.3881874,Isiolo,Isiolo,Ngare Mara,Attan,Cattle,[Abortions (Mimba Kutoka)],54,2,0
2026-08-09,40.1953244,4.0364039,Mandera,Banissa,Kiliwehiri,Birkan,Sheep,[Difficulty breathing (Kushindwa Kupumua)],45,20,9
2026-08-10,40.45672,-0.0292533333333333,Garissa,Fafi,Jarajila,Alinjugur,Goats,"[Discharge from the eyes (Machozi), Diarrhoea (Kuhara), Abortions (Mimba Kutoka)]",200,100,20
2026-08-11,0.0,0.0,Mandera,Banissa,Malkamari,Hullow,Goats,"[Lameness (Kushindwa kutembea), Nasal discharges (Makamasi), Discharge from the eyes (Machozi), Bloody Faeces]",13,8,2
2026-08-08,40.1953244,4.0364039,Mandera,Banissa,Kiliwehiri,Achini,Camel,[Sudden Death (Kifo cha ghafla)],45,22,10
2026-08-10,41.8539148,3.9257028,Mandera,Mandera West,Takaba,Ardahalo,Sheep,"[Abortions (Mimba Kutoka), Sudden Death (Kifo cha ghafla), Pouring Saliva (Kumwaga mate), Lameness (Kushindwa kutembea), Difficulty breathing (Kushindwa Kupumua), Wounds on Legs & mouth, Nasal discharges (Makamasi), Discharge from the eyes (Machozi), Skin swellings (uvimbe wa ngozi), Diarrhoea (Kuhara), Vomiting (kutapika), Loss of weight]",99,25,7
2026-08-11,0.0,0.0,Mandera,Banissa,Malkamari,Hullow,Camel,"[Lamess (Kushindwa kutembea), Wounds on Legs & mouth, Discharge from the eyes (Machozi), Swollen glands]",11,6,1
2026-08-11,41.4166894,3.3821027,Mandera,Lafey,Fino,Fino,Goats,"[Difficulty breathing (Kushindwa Kupumua), Nasal discharges (Makamasi)]",50,30,20
2026-08-08,40.1953244,4.0364039,Mandera,Banissa,Kiliwehiri,Birkan,Camel,[Sudden Death (Kifo cha ghafla)],35,15,9
2026-08-08,0.0,0.0,Mandera,Banissa,Kiliwehiri,Bojigarse,Camel,[Sudden Death (Kifo cha ghafla)],50,27,14
2026-08-11,41.4166894,3.3821027,Mandera,Lafey,Fino,Fino,Camel,"[Pouring Saliva (Kumwaga mate), Skin swellings (uvimbe wa ngozi), Swollen glands]",50,30,20
2026-08-11,0.0,0.0,Mandera,Banissa,Malkamari,Hullow,Camel,"[Lamess (Kushindwa kutembea), Wounds on Legs & mouth, Discharge from the eyes (Machozi), Swollen glands]",15,9,1
2026-08-11,41.4166894,3.3821027,Mandera,Lafey,Fino,Shiekh Barrow,Sheep,"[Difficulty breathing (Kushindwa Kupumua), Nasal discharges (Makamasi)]",50,30,20
2026-08-07,0.0,0.0,Mandera,Mandera East,Arabia,Farey,Cattle,[Lameness (Kushindwa kutembea)],52,9,5
2026-08-11,0.0,0.0,Mandera,Banissa,Malkamari,Hullow,Sheep,"[Lameness (Kushindwa kutembea), Nasal discharges (Makamasi), Discharge from the eyes (Machozi), Diarrhoea (Kuhara)]",12,8,2
2026-08-09,40.1953244,4.0364039,Mandera,Banissa,Kiliwehiri,Birkan,Goats,[Difficulty breathing (Kushindwa Kupumua)],130,40,22
2026-08-11,41.21722666666666,3.933088333333333,Mandera,Mandera North,Rhamu-Dimtu,Yabicho ,Goats,"[Difficulty breathing (Kushindwa Kupumua), Nasal discharges (Makamasi)]",103,23,7
2026-08-11,0.0,0.0,Mandera,Banissa,Malkamari,Hullow,Goats,"[Lameness (Kushindwa kutembea), Nasal discharges (Makamasi), Discharge from the eyes (Machozi), Bloody Faeces]",34,21,6
2026-08-11,37.6172031,0.4645997,Isiolo,Isiolo,Ngare Mara,Tractor ,Goats,[Diarrhoea (Kuhara)],66,4,0
2026-08-09,40.1953244,4.0364039,Mandera,Banissa,Kiliwehiri,Achini,Cattle,[Sudden Death (Kifo cha ghafla)],15,7,4
2026-08-11,38.7890786,1.2106292,Isiolo,Merti,Cherub,Shauri Yako,Goats,"[Abortions (Mimba Kutoka), Difficulty breathing (Kushindwa Kupumua), Diarrhoea (Kuhara)]",18,4,2
2026-08-11,0.0,0.0,Mandera,Banissa,Malkamari,Hullow,Sheep,"[Lameness (Kushindwa kutembea), Nasal discharges (Makamasi), Discharge from the eyes (Machozi), Diarrhoea (Kuhara)]",4,3,1
2026-08-09,38.7890956,1.2106329,Isiolo,Merti,Cherub,Yato,Sheep,"[Lameness (Kushindwa kutembea), Loss of weight, Others]",13,5,2
2026-08-11,41.220011,3.9331366,Mandera,Mandera North,Rhamu,Rhamu ,Goats,"[Abortions (Mimba Kutoka), Lameness (Kushindwa kutembea), Nasal discharges (Makamasi), Swollen glands, Discharge from the eyes (Machozi), Skin swellings (uvimbe wa ngozi)]",203,14,2
2026-08-11,41.220011,3.9331366,Mandera,Mandera North,Rhamu,Rhamu ,Sheep,"[Pouring Saliva (Kumwaga mate), Nasal discharges (Makamasi), Diarrhoea (Kuhara), Discharge from the eyes (Machozi)]",63,16,1
2026-08-11,41.0581462,3.056482,Mandera,Lafey,Alango Gof,Alungo ,Goats,[Nasal discharges (Makamasi)],70,30,1
2026-08-11,41.220011,3.9331366,Mandera,Mandera North,Rhamu,Rhamu ,Camel,"[Lamess (Kushindwa kutembea), Skin swellings (uvimbe wa ngozi), Nasal discharges (Makamasi), Discharge from the eyes (Machozi)]",56,4,0
2026-08-11,38.7890788,1.2106315,Isiolo,Merti,Cherub,Biyedimtu,Cattle,"[Lameness (Kushindwa kutembea), Wounds on Legs & mouth, Skin swellings (uvimbe wa ngozi)]",17,3,0
2026-08-11,41.0581462,3.056482,Mandera,Lafey,Alango Gof,Alungo ,Goats,[Diarrhoea (Kuhara)],90,20,0
2026-08-11,37.9736585,0.3150891,Isiolo,Garbatulla,Kinna,Kochi,Cattle,"[Bloody Faeces, Swollen glands, Nasal discharges (Makamasi), Others]",62,2,0
2026-08-11,41.220011,3.9331366,Mandera,Mandera North,Rhamu,Rhamu ,Chicken,"[Diarrhoea (Kuhara), Sudden Death (Kifo cha ghafla)]",29,11,3
2026-08-11,41.0581462,3.056482,Mandera,Lafey,Alango Gof,Alungo ,Goats,"[Nasal discharges (Makamasi), Discharge from the eyes (Machozi)]",60,25,1
2026-08-11,0.0,0.0,Mandera,Mandera West,Takaba,Ardahalo ,Goats,"[Abortions (Mimba Kutoka), Difficulty breathing (Kushindwa Kupumua), Nasal discharges (Makamasi), Discharge from the eyes (Machozi)]",60,6,1
2026-08-02,0.0,0.0,Mandera,Mandera East,Arabia,Farey ,Goats,[Abortions (Mimba Kutoka)],100,10,2
2026-08-11,40.456561666666666,-0.0313633333333333,Garissa,Fafi,Jarajila,Almjugur,Goats,"[Abortions (Mimba Kutoka), Diarrhoea (Kuhara), Discharge from the eyes (Machozi)]",180,60,10
2026-08-11,41.8639597,3.9387298,Mandera,Banissa,Banissa,Domal ,Goats,[Nasal discharges (Makamasi)],300,6,1
2026-08-09,0.0,0.0,Mandera,Mandera East,Arabia,Farey ,Cattle,[Sudden Death (Kifo cha ghafla)],36,5,4
2026-08-11,41.8640528,3.9386536,Mandera,Banissa,Banissa,Handrak ,Goats,[Diarrhoea (Kuhara)],350,11,2
2026-08-10,0.0,0.0,Mandera,Mandera East,Arabia,Farey,Cattle,[Lameness (Kushindwa kutembea)],26,5,2
2026-08-10,0.0,0.0,Mandera,Mandera South,Kutulo,Kutulo ,Goats,[Difficulty breathing (Kushindwa Kupumua)],132,23,3
2026-08-08,0.0,0.0,Mandera,Mandera East,Arabia,Farey,Goats,[Difficulty breathing (Kushindwa Kupumua)],25,5,5
2026-08-11,36.9069049,0.5580728,Isiolo,Isiolo,Oldo/Nyiro,Parkuruk ,Dogs,"[Sudden Death (Kifo cha ghafla), Biting (Kuuma)]",3,2,1
2026-08-05,0.0,0.0,Mandera,Mandera East,Arabia,Farey ,Sheep,[Abortions (Mimba Kutoka)],50,2,1
2026-08-05,0.0,0.0,Mandera,Mandera East,Arabia,Farey ,Sheep,[Abortions (Mimba Kutoka)],13,0,0
2026-08-11,0.0,0.0,Mandera,Banissa,Malkamari,Hullow,Goats,"[Lameness (Kushindwa kutembea), Nasal discharges (Makamasi), Discharge from the eyes (Machozi), Bloody Faeces]",14,8,2
2026-08-04,0.0,0.0,Mandera,Mandera East,Arabia,Farey,Sheep,[Abortions (Mimba Kutoka)],115,15,5
2026-08-05,0.0,0.0,Mandera,Mandera East,Arabia,Farey ,Goats,[Abortions (Mimba Kutoka)],12,0,0
2026-08-12,0.0,0.0,Mandera,Mandera East,Arabia,Hegalow,Goats,"[Sudden Death (Kifo cha ghafla), Lameness (Kushindwa kutembea)]",180,90,35
2026-08-11,0.0,0.0,Mandera,Banissa,Malkamari,Hullow,Sheep,"[Lameness (Kushindwa kutembea), Nasal discharges (Makamasi), Discharge from the eyes (Machozi), Diarrhoea (Kuhara)]",5,3,1
2026-08-12,0.0,0.0,Mandera,Mandera South,Kutulo,Kutulo ,Goats,[Abortions (Mimba Kutoka)],83,6,0
2026-08-12,41.8585041,3.9370612,Mandera,Mandera West,Takaba,Bamba Taka,Camel,"[Abortions (Mimba Kutoka), Lamess (Kushindwa kutembea), Aggressiveness (Ukali), Difficulty breathing (Kushindwa Kupumua), Wounds on Legs & mouth, Skin swellings (uvimbe wa ngozi), Swollen glands, Nasal discharges (Makamasi), Discharge from the eyes (Machozi)]",78,28,6
2026-08-12,0.0,0.0,Mandera,Mandera South,Kutulo,Malbe ,Sheep,[Diarrhoea (Kuhara)],37,4,1
2026-08-11,41.0581462,3.056482,Mandera,Lafey,Alango Gof,Alungo ,Camel,[Aggressiveness (Ukali)],18,5,1
2026-08-12,36.8646127,1.3380089,Samburu,Samburu North,Angata Nanyokie,Barsaloi ,Goats,[Diarrhoea (Kuhara)],135,2,0
2026-08-07,0.0,0.0,Mandera,Mandera West,Takaba South,Waigadahan,Sheep,"[Abortions (Mimba Kutoka), Sudden Death (Kifo cha ghafla), Bleeding from openings (Kuvunja damu), Pouring Saliva (Kumwaga mate), Lameness (Kushindwa kutembea), Wounds on Legs & mouth, Difficulty breathing (Kushindwa Kupumua), Nasal discharges (Makamasi), Discharge from the eyes (Machozi), Skin swellings (uvimbe wa ngozi), Bloody Faeces, Diarrhoea (Kuhara), Vomiting (kutapika), Loss of weight, Others]",80,20,10
2026-08-11,0.0,0.0,Isiolo,Garbatulla,Sericho,badana,Goats,"[Abortions (Mimba Kutoka), Lameness (Kushindwa kutembea), Difficulty breathing (Kushindwa Kupumua), Discharge from the eyes (Machozi), Others]",230,5,0
2026-08-11,0.0,0.0,Mandera,Mandera West,Dandu,Dandu,Goats,"[Abortions (Mimba Kutoka), Wounds on Legs & mouth, Lameness (Kushindwa kutembea)]",125,85,30
2026-08-12,0.0,0.0,Mandera,Banissa,Malkamari,Hullow,Goats,"[Lameness (Kushindwa kutembea), Nasal discharges (Makamasi), Discharge from the eyes (Machozi), Bloody Faeces]",50,28,3
2026-08-11,0.0,0.0,Isiolo,Garbatulla,Sericho,badana,Cattle,"[Pouring Saliva (Kumwaga mate), Aggressiveness (Ukali), Lameness (Kushindwa kutembea), Wounds on Legs & mouth, Nasal discharges (Makamasi), Others]",150,20,0
2026-08-12,0.0,0.0,Mandera,Banissa,Malkamari,Hullow,Goats,"[Lameness (Kushindwa kutembea), Nasal discharges (Makamasi), Discharge from the eyes (Machozi), Bloody Faeces]",26,11,3
2026-08-05,0.0,0.0,Mandera,Mandera West,Dandu,Dandu,Cattle,"[Abortions (Mimba Kutoka), Lameness (Kushindwa kutembea), Wounds on Legs & mouth]",85,25,9
2026-08-12,0.0,0.0,Mandera,Mandera South,Elwak South,Elwak,Goats,"[Others, Sudden Death (Kifo cha ghafla)]",300,25,17
2026-08-12,0.0,0.0,Mandera,Banissa,Malkamari,Hullow,Sheep,"[Lameness (Kushindwa kutembea), Nasal discharges (Makamasi), Discharge from the eyes (Machozi), Diarrhoea (Kuhara)]",18,12,2
2026-08-11,0.0,0.0,Isiolo,Garbatulla,Sericho,badana,Cattle,"[Sudden Death (Kifo cha ghafla), Bleeding from openings (Kuvunja damu), Others]",60,1,0
2026-08-12,0.0,0.0,Mandera,Banissa,Malkamari,Hullow,Goats,"[Lameness (Kushindwa kutembea), Nasal discharges (Makamasi), Discharge from the eyes (Machozi), Bloody Faeces]",20,11,2
2026-08-12,0.0,0.0,Mandera,Mandera South,Elwak South,Elwak,Goats,[Sudden Death (Kifo cha ghafla)],420,32,15
2026-07-24,0.0,0.0,Marsabit,Moyale,Sololo,Halske,Cattle,[Difficulty breathing (Kushindwa Kupumua)],8,1,0
2026-07-27,0.0,0.0,Mandera,Mandera West,Takaba South,Ayan,Camel,[Swollen glands],25,6,1
2026-08-12,0.0,0.0,Mandera,Banissa,Malkamari,Hullow,Camel,"[Lamess (Kushindwa kutembea), Wounds on Legs & mouth, Discharge from the eyes (Machozi), Swollen glands]",11,8,1
2026-08-12,0.0,0.0,Mandera,Mandera South,Elwak South,Elwak ,Goats,[Sudden Death (Kifo cha ghafla)],400,36,20
2026-08-12,0.0,0.0,Mandera,Banissa,Malkamari,Hullow,Camel,"[Lamess (Kushindwa kutembea), Wounds on Legs & mouth, Discharge from the eyes (Machozi), Swollen glands]",9,9,1
2026-08-12,0.0,0.0,Mandera,Banissa,Malkamari,Hullow,Sheep,"[Lameness (Kushindwa kutembea), Nasal discharges (Makamasi), Discharge from the eyes (Machozi), Diarrhoea (Kuhara)]",8,5,1
2026-08-11,41.8584881,3.9369685,Mandera,Mandera West,Takaba,Ayan Abkuia,Chicken,"[Sudden Death (Kifo cha ghafla), Nasal discharges (Makamasi), Diarrhoea (Kuhara), Loss of weight, Soft shelled eggs, Swollen wattles and comb, Purple discoloration of wattles and combs, Discoloured Faeces]",111,58,19
2026-08-12,40.2249727,3.3950071,Mandera,Mandera West,Takaba South,Didkuro ,Sheep,[Diarrhoea (Kuhara)],20,6,0
2026-08-12,0.0,0.0,Mandera,Mandera South,Elwak South,Elwak ,Goats,[Sudden Death (Kifo cha ghafla)],580,52,42
2026-08-12,0.0,0.0,Mandera,Mandera South,Elwak South,Elwak ,Goats,[Sudden Death (Kifo cha ghafla)],320,42,18
2026-08-12,40.2249896,3.3950478,Mandera,Mandera West,Takaba South,Didkuro ,Goats,[Diarrhoea (Kuhara)],34,13,3
2026-08-12,40.2250008,3.395039,Mandera,Mandera West,Takaba South,Didkuro ,Sheep,[Vomiting (kutapika)],34,12,3
2026-08-12,40.2250736,3.3950391,Mandera,Mandera West,Takaba South,Didkuro ,Cattle,[Diarrhoea (Kuhara)],25,3,0
2026-08-12,40.2250008,3.395039,Mandera,Mandera West,Takaba South,Didkuro ,Goats,[Nasal discharges (Makamasi)],123,12,3
2026-08-12,0.0,0.0,Mandera,Mandera South,Elwak South,Elwak,Goats,[Sudden Death (Kifo cha ghafla)],590,96,42
2026-08-12,0.0,0.0,Mandera,Mandera South,Elwak South,Elwak,Goats,[Sudden Death (Kifo cha ghafla)],56,39,18
2026-08-12,40.2249766,3.3950655,Mandera,Mandera West,Takaba South,Didkuro ,Goats,[Skin swellings (uvimbe wa ngozi)],65,13,3
2026-08-12,40.2250719,3.3949637,Mandera,Mandera West,Takaba South,Didkuro ,Camel,[Discharge from the eyes (Machozi)],23,3,0
2026-08-12,40.2249688,3.3950412,Mandera,Mandera West,Takaba South,Didkuro ,Goats,[Nasal discharges (Makamasi)],123,15,3
2026-08-12,0.0,0.0,Mandera,Mandera South,Elwak South,Elwak,Goats,[Sudden Death (Kifo cha ghafla)],429,86,15
2026-08-12,0.0,0.0,Mandera,Mandera South,Elwak South,Elwak ,Goats,[Sudden Death (Kifo cha ghafla)],520,36,19
2026-08-12,40.2249809,3.395049,Mandera,Mandera West,Takaba South,Didkuro ,Goats,[Pouring Saliva (Kumwaga mate)],123,15,3
2026-08-12,40.2250037,3.3950456,Mandera,Mandera West,Takaba South,Didkuro ,Goats,[Wounds on Legs & mouth],158,13,4
2026-08-12,41.2208763,3.9323777,Mandera,Mandera North,Rhamu,Rhamu ,Cattle,"[Skin swellings (uvimbe wa ngozi), Vomiting (kutapika), Nasal discharges (Makamasi), Discharge from the eyes (Machozi)]",29,4,0
2026-08-12,40.45915,-0.0331033333333333,Garissa,Fafi,Jarajila,Alinjugur,Cattle,"[Abortions (Mimba Kutoka), Sudden Death (Kifo cha ghafla), Bleeding from openings (Kuvunja damu)]",100,35,3
2026-08-12,40.2295205,3.3935288,Mandera,Mandera West,Takaba,Bulla Elwka ,Goats,"[Lameness (Kushindwa kutembea), Wounds on Legs & mouth, Difficulty breathing (Kushindwa Kupumua), Nasal discharges (Makamasi), Discharge from the eyes (Machozi), Diarrhoea (Kuhara), Bloody Faeces, Skin swellings (uvimbe wa ngozi)]",45,8,2
2026-08-12,0.0,0.0,Mandera,Mandera South,Elwak South,Elwak,Goats,[Sudden Death (Kifo cha ghafla)],680,52,14
2026-08-12,40.2250285,3.3950289,Mandera,Mandera West,Takaba South,Didkuro ,Cattle,[Bloody Faeces],13,2,0
2026-08-12,41.2208763,3.9323777,Mandera,Mandera North,Rhamu,Rhamu ,Chicken,"[Nasal discharges (Makamasi), Sudden Death (Kifo cha ghafla), Diarrhoea (Kuhara), Loss of weight]",32,7,2
2026-08-12,40.22503,3.3950253,Mandera,Mandera West,Takaba South,Didkuro ,Cattle,[Wounds on Legs & mouth],26,13,3
2026-08-09,40.2307135,3.3922941,Mandera,Mandera West,Takaba,Bulla Qohoti ,Cattle,"[Lameness (Kushindwa kutembea), Difficulty breathing (Kushindwa Kupumua), Wounds on Legs & mouth, Skin swellings (uvimbe wa ngozi), Nasal discharges (Makamasi), Abortions (Mimba Kutoka)]",60,20,3
2026-08-04,40.2307135,3.3922941,Mandera,Mandera West,Takaba,Bulla Milimani ,Chicken,"[Sudden Death (Kifo cha ghafla), Discoloured Faeces, Loss of weight, Purple discoloration of wattles and combs]",30,9,4
2026-08-12,40.2250137,3.395024,Mandera,Mandera West,Takaba South,Didkuro ,Camel,[Diarrhoea (Kuhara)],23,3,0
2026-08-06,40.8685369,3.5508378,Mandera,Mandera North,Morothile,Marothile ,Goats,"[Abortions (Mimba Kutoka), Difficulty breathing (Kushindwa Kupumua), Nasal discharges (Makamasi), Diarrhoea (Kuhara)]",201,12,6
2026-08-12,40.2250008,3.395039,Mandera,Mandera West,Takaba South,Didkuro ,Camel,[Nasal discharges (Makamasi)],13,3,0
2026-08-12,0.0,0.0,Mandera,Mandera South,Kutulo,Kutulo ,Camel,[Swollen glands],105,44,8
2026-08-12,40.8653767,3.5522322,Mandera,Mandera North,Morothile,Marothile ,Goats,"[Abortions (Mimba Kutoka), Difficulty breathing (Kushindwa Kupumua), Nasal discharges (Makamasi), Diarrhoea (Kuhara)]",158,12,4
2026-08-12,41.2208763,3.9323777,Mandera,Mandera North,Rhamu,Rhamu ,Camel,"[Aggressiveness (Ukali), Lamess (Kushindwa kutembea), Nasal discharges (Makamasi), Discharge from the eyes (Machozi)]",48,5,0
2026-08-12,40.2250008,3.395039,Mandera,Mandera West,Takaba South,Didkuro ,Camel,[Skin swellings (uvimbe wa ngozi)],35,6,2
2026-08-12,40.8688529,3.551066,Mandera,Mandera North,Morothile,Marothile ,Goats,"[Abortions (Mimba Kutoka), Difficulty breathing (Kushindwa Kupumua), Nasal discharges (Makamasi), Diarrhoea (Kuhara)]",165,13,3
2026-08-12,41.2208763,3.9323777,Mandera,Mandera North,Rhamu,Rhamu ,Goats,"[Nasal discharges (Makamasi), Discharge from the eyes (Machozi), Skin swellings (uvimbe wa ngozi), Diarrhoea (Kuhara)]",98,11,0
2026-08-12,40.8688529,3.551066,Mandera,Mandera North,Morothile,Marothile ,Sheep,"[Abortions (Mimba Kutoka), Difficulty breathing (Kushindwa Kupumua), Nasal discharges (Makamasi), Diarrhoea (Kuhara)]",196,19,6
2026-08-12,40.8688529,3.551066,Mandera,Mandera North,Morothile,Marothile ,Sheep,"[Abortions (Mimba Kutoka), Difficulty breathing (Kushindwa Kupumua), Nasal discharges (Makamasi), Diarrhoea (Kuhara), Loss of weight]",68,5,1
2026-08-12,40.8688529,3.551066,Mandera,Mandera North,Morothile,Marothile ,Goats,"[Abortions (Mimba Kutoka), Difficulty breathing (Kushindwa Kupumua), Nasal discharges (Makamasi), Diarrhoea (Kuhara)]",101,9,3
2026-08-12,0.0,0.0,Mandera,Mandera East,Township,BP1,Goats,[Difficulty breathing (Kushindwa Kupumua)],48,3,0
2026-07-28,38.9725133,1.3066279,Isiolo,Merti,Cherub,Basa,Sheep,"[Loss of weight, Difficulty breathing (Kushindwa Kupumua), Lameness (Kushindwa kutembea)]",32,1,0
2026-08-12,40.8688529,3.551066,Mandera,Mandera North,Morothile,Marothile ,Camel,"[Skin swellings (uvimbe wa ngozi), Swollen glands, Discharge from the eyes (Machozi)]",65,6,1
2026-08-12,36.2286723,4.3118065,Marsabit,North Horr,Illeret,Nangolei ,Goats,[Abortions (Mimba Kutoka)],81,3,2
2026-08-06,0.0,0.0,Mandera,Lafey,Lafey,Damasa ,Camel,"[Nasal discharges (Makamasi), Diarrhoea (Kuhara)]",23,2,0
2026-08-12,40.8688529,3.551066,Mandera,Mandera North,Morothile,Marothile ,Goats,"[Abortions (Mimba Kutoka), Difficulty breathing (Kushindwa Kupumua), Nasal discharges (Makamasi), Swollen glands, Diarrhoea (Kuhara)]",182,11,2
2026-08-12,36.2286723,4.3118065,Marsabit,North Horr,Illeret,Nangolei ,Goats,[Abortions (Mimba Kutoka)],94,4,3
2026-08-12,40.8688529,3.551066,Mandera,Mandera North,Morothile,Marothile ,Goats,"[Abortions (Mimba Kutoka), Difficulty breathing (Kushindwa Kupumua), Nasal discharges (Makamasi), Diarrhoea (Kuhara)]",106,3,1
2026-08-12,41.218156666666665,3.9329266666666665,Mandera,Mandera North,Rhamu-Dimtu,Yabicho ,Goats,"[Difficulty breathing (Kushindwa Kupumua), Nasal discharges (Makamasi)]",105,23,12
2026-08-12,40.8688529,3.551066,Mandera,Mandera North,Morothile,Marothile ,Goats,"[Abortions (Mimba Kutoka), Difficulty breathing (Kushindwa Kupumua), Nasal discharges (Makamasi), Diarrhoea (Kuhara)]",117,6,2
2026-08-12,0.0,0.0,Mandera,Banissa,Malkamari,Hullow,Goats,"[Lameness (Kushindwa kutembea), Nasal discharges (Makamasi), Discharge from the eyes (Machozi), Bloody Faeces]",25,11,3
2026-08-12,0.0,0.0,Mandera,Banissa,Malkamari,Hullow,Camel,"[Lamess (Kushindwa kutembea), Wounds on Legs & mouth, Discharge from the eyes (Machozi), Swollen glands]",5,5,1
2026-08-12,0.0,0.0,Mandera,Banissa,Malkamari,Hullow,Sheep,"[Lameness (Kushindwa kutembea), Nasal discharges (Makamasi), Discharge from the eyes (Machozi), Diarrhoea (Kuhara)]",7,5,1
2026-08-13,0.0,0.0,Mandera,Mandera West,Dandu,Dandu,Goats,"[Abortions (Mimba Kutoka), Wounds on Legs & mouth, Lameness (Kushindwa kutembea), Discharge from the eyes (Machozi)]",235,56,21
2026-07-28,0.0,0.0,Marsabit,Moyale,Uran,Tadi,Goats,"[Abortions (Mimba Kutoka), Difficulty breathing (Kushindwa Kupumua)]",80,5,2
2026-08-13,0.0,0.0,Mandera,Mandera West,Dandu,Mansho,Sheep,"[Abortions (Mimba Kutoka), Wounds on Legs & mouth, Lameness (Kushindwa kutembea)]",56,19,8
2026-07-24,0.0,0.0,Marsabit,Moyale,Sololo,Abroba,Goats,"[Abortions (Mimba Kutoka), Swollen glands]",12,2,0
2026-08-13,0.0,0.0,Marsabit,Moyale,Sololo,Adan,Camel,[Sudden Death (Kifo cha ghafla)],8,1,1
2026-08-13,36.9864234,0.6232826,Isiolo,Isiolo,Oldo/Nyiro,Kambi ya juu,Chicken,"[Loss of weight, Diarrhoea (Kuhara), Swollen wattles and comb]",14,4,1
2026-08-13,39.8805719,3.4217975,Mandera,Mandera West,Dandu,Dandu,Camel,"[Abortions (Mimba Kutoka), Aggressiveness (Ukali)]",124,50,10
2026-08-13,0.0,0.0,Mandera,Mandera West,Dandu,Dandu,Cattle,"[Abortions (Mimba Kutoka), Wounds on Legs & mouth, Difficulty breathing (Kushindwa Kupumua)]",85,16,2
2026-08-13,0.0,0.0,Marsabit,Moyale,Uran,Mollu,Goats,[Abortions (Mimba Kutoka)],80,5,2
2026-08-13,0.0,0.0,Mandera,Mandera West,Dandu,Dandu,Goats,"[Abortions (Mimba Kutoka), Wounds on Legs & mouth, Lameness (Kushindwa kutembea), Difficulty breathing (Kushindwa Kupumua)]",235,65,29
2026-08-04,40.353356,3.9441841,Mandera,Banissa,Banissa,Andaraka,Cattle,"[Nasal discharges (Makamasi), Bloody Faeces, Wounds on Legs & mouth]",25,5,2
2026-08-13,0.0,0.0,Mandera,Mandera South,Kutulo,Lehele ,Cattle,[Lameness (Kushindwa kutembea)],42,6,3
2026-08-08,40.353356,3.9441841,Mandera,Banissa,Banissa,Lulis,Goats,[Nasal discharges (Makamasi)],135,8,3
2026-08-12,40.3510265,3.9413655,Mandera,Banissa,Banissa,Sigirso,Goats,[Nasal discharges (Makamasi)],85,6,3
2026-08-13,0.0,0.0,Mandera,Banissa,Malkamari,Hullow,Goats,"[Lameness (Kushindwa kutembea), Nasal discharges (Makamasi), Discharge from the eyes (Machozi), Bloody Faeces]",34,14,2
2026-08-13,0.0,0.0,Mandera,Banissa,Malkamari,Hullow,Camel,"[Lamess (Kushindwa kutembea), Wounds on Legs & mouth, Discharge from the eyes (Machozi), Swollen glands]",10,8,1
2026-08-13,0.0,0.0,Mandera,Banissa,Malkamari,Hullow,Sheep,"[Lameness (Kushindwa kutembea), Nasal discharges (Makamasi), Discharge from the eyes (Machozi), Diarrhoea (Kuhara)]",9,6,2
2026-08-13,0.0,0.0,Mandera,Banissa,Malkamari,Hullow,Goats,"[Lameness (Kushindwa kutembea), Nasal discharges (Makamasi), Discharge from the eyes (Machozi), Bloody Faeces]",38,17,3
2026-08-13,0.0,0.0,Mandera,Banissa,Malkamari,Hullow,Camel,"[Lamess (Kushindwa kutembea), Wounds on Legs & mouth, Discharge from the eyes (Machozi), Swollen glands]",22,19,2
2026-08-13,0.0,0.0,Mandera,Banissa,Malkamari,Hullow,Sheep,"[Lameness (Kushindwa kutembea), Nasal discharges (Makamasi), Discharge from the eyes (Machozi), Diarrhoea (Kuhara)]",13,7,3
2026-08-13,0.0,0.0,Mandera,Mandera West,Dandu,Dandu,Sheep,"[Abortions (Mimba Kutoka), Wounds on Legs & mouth, Lameness (Kushindwa kutembea), Discharge from the eyes (Machozi)]",25,6,3
2026-07-23,0.0,0.0,Marsabit,Moyale,Sololo,Adan,Camel,"[Abortions (Mimba Kutoka), Nasal discharges (Makamasi)]",52,6,1
2026-07-24,0.0,0.0,Marsabit,Moyale,Sololo,Bonaya,Goats,[Abortions (Mimba Kutoka)],56,2,0
2026-08-09,0.0,0.0,Marsabit,Moyale,Sololo,Qalicha,Sheep,"[Abortions (Mimba Kutoka), Loss of weight]",56,8,0
2026-08-08,0.0,0.0,Marsabit,Moyale,Sololo,Adan,Camel,"[Abortions (Mimba Kutoka), Swollen glands]",25,5,0
2026-08-01,0.0,0.0,Marsabit,Moyale,Sololo,Adan,Camel,[Abortions (Mimba Kutoka)],56,2,0
2026-07-24,0.0,0.0,Marsabit,Moyale,Sololo,Qalicha,Sheep,"[Abortions (Mimba Kutoka), Difficulty breathing (Kushindwa Kupumua)]",56,5,0
2026-08-13,37.4217271,0.3287154,Isiolo,Isiolo,Burat,Nkare Sirkoi ,Goats,"[Abortions (Mimba Kutoka), Pouring Saliva (Kumwaga mate), Diarrhoea (Kuhara)]",56,3,0
2026-08-13,36.2286723,4.3118065,Marsabit,North Horr,Illeret,Nangolei ,Goats,[Abortions (Mimba Kutoka)],53,2,1
2026-08-13,37.4173737,0.3300122,Isiolo,Isiolo,Burat,Nkare Sirkoi ,Goats,[Abortions (Mimba Kutoka)],155,8,0
2026-08-12,36.986167,0.6233572,Isiolo,Isiolo,Oldo/Nyiro,Parkuruk ,Goats,[Swollen glands],15,2,0
2026-08-13,38.9705568,1.3028849,Isiolo,Merti,Cherub,Taqwa,Sheep,"[Pouring Saliva (Kumwaga mate), Difficulty breathing (Kushindwa Kupumua), Diarrhoea (Kuhara), Loss of weight]",130,1,0
2026-08-13,0.0,0.0,Mandera,Mandera East,Arabia,Hegalow ,Sheep,"[Diarrhoea (Kuhara), Abortions (Mimba Kutoka), Wounds on Legs & mouth, Difficulty breathing (Kushindwa Kupumua)]",35,4,3
2026-08-13,36.9062328,0.5578405,Isiolo,Isiolo,Oldo/Nyiro,Parkuruk ,Chicken,"[Sudden Death (Kifo cha ghafla), Others]",12,2,1
2026-08-09,0.0,0.0,Isiolo,Merti,Cherub,Basa/Taffi,Goats,"[Skin swellings (uvimbe wa ngozi), Others]",250,5,0
2026-08-13,0.0,0.0,Mandera,Mandera East,Township,BP1,Cattle,[Nasal discharges (Makamasi)],14,1,0
2026-08-13,41.0127733,3.4083626,Mandera,Lafey,Warankara,Unknown,Camel,[Skin swellings (uvimbe wa ngozi)],85,14,0
2026-08-13,38.1964949,0.568731,Isiolo,Garbatulla,Kinna,Kulamawe ,Sheep,"[Lameness (Kushindwa kutembea), Skin swellings (uvimbe wa ngozi)]",120,1,0
2026-08-13,41.8585367,3.9370672,Mandera,Mandera West,Takaba,Bamba Taka,Sheep,"[Abortions (Mimba Kutoka), Sudden Death (Kifo cha ghafla), Lameness (Kushindwa kutembea), Difficulty breathing (Kushindwa Kupumua), Nasal discharges (Makamasi), Discharge from the eyes (Machozi), Skin swellings (uvimbe wa ngozi), Diarrhoea (Kuhara), Vomiting (kutapika), Loss of weight]",59,15,6
2026-08-13,41.8480898,3.926899,Mandera,Banissa,Banissa,Domal ,Goats,[Nasal discharges (Makamasi)],350,11,1
2026-08-13,0.0,0.0,Turkana,Turkana Central,Kalokol,Kapokor Unit ,Goats,[Abortions (Mimba Kutoka)],8,3,1
2026-08-13,41.2203662,3.9330624,Mandera,Mandera North,Rhamu,Rhamu ,Camel,"[Aggressiveness (Ukali), Lamess (Kushindwa kutembea), Discharge from the eyes (Machozi)]",32,4,0
2026-08-12,0.0,0.0,Mandera,Mandera South,Shimbir Fatuma,Dololo,Camel,[Swollen glands],35,12,3
2026-08-13,41.8480693,3.9269061,Mandera,Banissa,Banissa,Handrak ,Goats,[Diarrhoea (Kuhara)],365,15,2
2026-08-13,41.2203662,3.9330624,Mandera,Mandera North,Rhamu,Rhamu ,Goats,"[Discharge from the eyes (Machozi), Diarrhoea (Kuhara), Nasal discharges (Makamasi)]",86,11,1
2026-08-13,41.8480766,3.9268952,Mandera,Banissa,Banissa,Shobtoy ,Goats,[Discharge from the eyes (Machozi)],255,9,2
2026-08-13,41.8480845,3.9269001,Mandera,Banissa,Banissa,Soroba ,Goats,[Diarrhoea (Kuhara)],285,11,2
2026-08-12,0.0,0.0,Mandera,Mandera South,Shimbir Fatuma,Dololo,Goats,[Bloody Faeces],65,12,1
2026-08-12,0.0,0.0,Mandera,Mandera South,Shimbir Fatuma,Dololo,Goats,[Skin swellings (uvimbe wa ngozi)],168,45,8
2026-08-13,41.2203662,3.9330624,Mandera,Mandera North,Rhamu,Rhamu ,Chicken,"[Sudden Death (Kifo cha ghafla), Diarrhoea (Kuhara), Discoloured Faeces]",37,6,4
2026-08-12,0.0,0.0,Mandera,Mandera South,Shimbir Fatuma,Dololo,Goats,[Skin swellings (uvimbe wa ngozi)],180,65,3
2026-08-13,5.0,5.0,Kisumu,Seme,Central Seme,diemo,Cattle,"[Bloody Faeces, Diarrhoea (Kuhara), Others]",3,1,0
2026-08-13,41.2203662,3.9330624,Mandera,Mandera North,Rhamu,Rhamu ,Cattle,"[Aggressiveness (Ukali), Pouring Saliva (Kumwaga mate), Skin swellings (uvimbe wa ngozi), Discharge from the eyes (Machozi)]",49,4,0
2026-08-13,0.0,0.0,Mandera,Mandera East,Arabia,Burgubud8,Goats,"[Abortions (Mimba Kutoka), Swollen glands, Lameness (Kushindwa kutembea)]",253,23,16
2026-08-12,0.0,0.0,Mandera,Mandera South,Shimbir Fatuma,Dololo,Camel,[Swollen glands],45,7,1
2026-08-13,0.0,0.0,Mandera,Mandera South,Kutulo,Unknown,Goats,[Nasal discharges (Makamasi)],168,11,1
2026-08-12,0.0,0.0,Mandera,Mandera South,Shimbir Fatuma,Gubachaptho,Goats,[Skin swellings (uvimbe wa ngozi)],260,65,12
2026-08-13,0.0,0.0,Mandera,Mandera East,Arabia,0tha,Goats,"[Abortions (Mimba Kutoka), Diarrhoea (Kuhara)]",153,16,15
2026-08-12,0.0,0.0,Mandera,Mandera South,Shimbir Fatuma,Ano,Goats,[Skin swellings (uvimbe wa ngozi)],240,45,7
2026-08-14,0.0,0.0,Mandera,Banissa,Malkamari,Hullow,Sheep,"[Lameness (Kushindwa kutembea), Nasal discharges (Makamasi), Discharge from the eyes (Machozi), Diarrhoea (Kuhara)]",7,5,1
2026-08-12,0.0,0.0,Mandera,Mandera South,Shimbir Fatuma,Dololo,Goats,[Skin swellings (uvimbe wa ngozi)],180,65,5
2026-08-12,0.0,0.0,Mandera,Mandera South,Shimbir Fatuma,Dololo,Camel,[Bloody Faeces],65,15,0
2026-08-14,0.0,0.0,Mandera,Mandera South,Shimbir Fatuma,Dololo,Goats,[Abortions (Mimba Kutoka)],350,59,3
2026-08-14,0.0,0.0,Mandera,Mandera South,Shimbir Fatuma,Dololo,Goats,[Abortions (Mimba Kutoka)],270,65,4
2026-08-14,0.0,0.0,Mandera,Mandera South,Shimbir Fatuma,Ano,Goats,[Abortions (Mimba Kutoka)],370,95,5
2026-08-14,0.0,0.0,Mandera,Banissa,Malkamari,Hullow,Camel,"[Lamess (Kushindwa kutembea), Wounds on Legs & mouth, Discharge from the eyes (Machozi), Swollen glands]",13,5,1
2026-08-14,0.0,0.0,Mandera,Mandera South,Shimbir Fatuma,Ano,Goats,[Abortions (Mimba Kutoka)],190,45,5
2026-08-12,0.0,0.0,Mandera,Mandera South,Shimbir Fatuma,Ano,Goats,[Skin swellings (uvimbe wa ngozi)],250,55,4
2026-08-14,38.2006401,0.5637235,Isiolo,Garbatulla,Kinna,Kulamawe ,Sheep,"[Lameness (Kushindwa kutembea), Diarrhoea (Kuhara)]",64,10,0
2026-08-14,0.0,0.0,Mandera,Mandera South,Shimbir Fatuma,Dololo,Goats,[Abortions (Mimba Kutoka)],250,65,0
2026-08-14,0.0,0.0,Mandera,Mandera South,Shimbir Fatuma,Dololo,Goats,[Abortions (Mimba Kutoka)],180,45,2
2026-08-14,37.6328405,2.9326128,Marsabit,North Horr,Maikona,Arangesa,Goats,"[Nasal discharges (Makamasi), Diarrhoea (Kuhara)]",18,1,0
2026-08-14,0.0,0.0,Mandera,Mandera South,Shimbir Fatuma,Ano,Goats,[Abortions (Mimba Kutoka)],280,54,0
2026-08-14,0.0,0.0,Mandera,Mandera South,Shimbir Fatuma,Dololo,Camel,[Swollen glands],65,17,3
2026-08-14,0.0,0.0,Mandera,Banissa,Malkamari,Hullow,Goats,"[Lameness (Kushindwa kutembea), Discharge from the eyes (Machozi), Nasal discharges (Makamasi), Bloody Faeces]",25,13,3
2026-08-14,0.0,0.0,Mandera,Banissa,Malkamari,Hullow,Sheep,"[Lameness (Kushindwa kutembea), Nasal discharges (Makamasi), Discharge from the eyes (Machozi), Diarrhoea (Kuhara)]",11,8,2
2026-08-14,0.0,0.0,Mandera,Banissa,Malkamari,Hullow,Camel,"[Lamess (Kushindwa kutembea), Wounds on Legs & mouth, Discharge from the eyes (Machozi), Swollen glands]",7,5,2
2026-08-12,0.0,0.0,Mandera,Mandera South,Kutulo,Borehole 11,Cattle,"[Sudden Death (Kifo cha ghafla), Lameness (Kushindwa kutembea), Difficulty breathing (Kushindwa Kupumua), Skin swellings (uvimbe wa ngozi)]",5977,7,3
2026-08-14,40.45789333333333,-0.0302216666666666,Garissa,Fafi,Jarajila,Alinjugur,Goats,"[Abortions (Mimba Kutoka), Diarrhoea (Kuhara), Discharge from the eyes (Machozi)]",140,60,13
2026-08-14,0.0,0.0,Mandera,Mandera South,Shimbir Fatuma,Eltul,Goats,[Abortions (Mimba Kutoka)],210,45,5
2026-08-12,0.0,0.0,Mandera,Mandera South,Kutulo,Borehol11,Goats,"[Abortions (Mimba Kutoka), Lameness (Kushindwa kutembea), Difficulty breathing (Kushindwa Kupumua)]",234,27,11
2026-08-14,0.0,0.0,Mandera,Mandera South,Shimbir Fatuma,Gubachaptho,Goats,[Abortions (Mimba Kutoka)],260,65,7
2026-08-14,0.0,0.0,Mandera,Banissa,Malkamari,Hullow,Goats,"[Lameness (Kushindwa kutembea), Nasal discharges (Makamasi), Discharge from the eyes (Machozi), Bloody Faeces]",21,14,3
2026-08-14,5.0,5.0,Kisumu,Seme,East Seme,oruga school,Cattle,[Others],5,1,0
2026-08-04,37.6328405,2.9326128,Marsabit,North Horr,Maikona,Kutur,Goats,"[Lameness (Kushindwa kutembea), Nasal discharges (Makamasi), Diarrhoea (Kuhara)]",23,3,0
2026-08-14,0.0,0.0,Mandera,Mandera South,Elwak South,Bula  Al Uteibi ,Cattle,"[Lameness (Kushindwa kutembea), Diarrhoea (Kuhara), Nasal discharges (Makamasi)]",187,26,8
2026-08-14,0.0,0.0,Mandera,Mandera South,Elwak South,Bula Al Uteibi ,Cattle,"[Lameness (Kushindwa kutembea), Difficulty breathing (Kushindwa Kupumua)]",231,22,9
2026-08-14,0.0,0.0,Mandera,Banissa,Malkamari,Hullow,Goats,"[Lameness (Kushindwa kutembea), Nasal discharges (Makamasi), Discharge from the eyes (Machozi), Bloody Faeces]",27,13,4
2026-08-07,37.6328405,2.9326128,Marsabit,North Horr,Maikona,Rage,Camel,[Discharge from the eyes (Machozi)],5,2,0
2026-08-14,0.0,0.0,Mandera,Banissa,Malkamari,Hullow,Sheep,"[Lameness (Kushindwa kutembea), Nasal discharges (Makamasi), Discharge from the eyes (Machozi), Diarrhoea (Kuhara)]",9,6,2
2026-08-14,0.0,0.0,Mandera,Mandera South,Elwak South,Bula Aluteibi,Cattle,"[Lameness (Kushindwa kutembea), Diarrhoea (Kuhara), Nasal discharges (Makamasi)]",89,9,1
2026-08-14,0.0,0.0,Mandera,Banissa,Malkamari,Hullow,Camel,"[Lamess (Kushindwa kutembea), Wounds on Legs & mouth, Discharge from the eyes (Machozi), Swollen glands]",10,6,1
2026-08-14,0.0,0.0,Mandera,Mandera West,Dandu,Dandu  East,Goats,"[Abortions (Mimba Kutoka), Wounds on Legs & mouth, Lameness (Kushindwa kutembea)]",235,80,23
2026-08-16,0.0,0.0,Mandera,Mandera West,Dandu,El  Danaba,Goats,"[Abortions (Mimba Kutoka), Lameness (Kushindwa kutembea), Wounds on Legs & mouth]",235,59,40
2026-08-14,0.0,0.0,Mandera,Mandera South,Elwak South,Bula Al Uteibi,Cattle,"[Lameness (Kushindwa kutembea), Diarrhoea (Kuhara), Discharge from the eyes (Machozi), Nasal discharges (Makamasi)]",111,12,3
2026-08-14,0.0,0.0,Mandera,Mandera South,Elwak South,Bula Al Uteibi ,Cattle,"[Lameness (Kushindwa kutembea), Diarrhoea (Kuhara), Nasal discharges (Makamasi)]",52,13,0
2026-08-14,0.0,0.0,Mandera,Mandera West,Dandu,Mansho,Sheep,"[Abortions (Mimba Kutoka), Wounds on Legs & mouth, Discharge from the eyes (Machozi), Loss of weight]",59,23,12
2026-08-14,0.0,0.0,Mandera,Mandera South,Elwak South,Bulla Al Uteibi ,Sheep,"[Discharge from the eyes (Machozi), Loss of weight, Diarrhoea (Kuhara)]",123,36,10
2026-08-14,0.0,0.0,Mandera,Mandera East,Township,BP1,Goats,[Diarrhoea (Kuhara)],35,3,0
2026-08-14,0.0,0.0,Mandera,Mandera South,Elwak South,Bula Al Uteibi ,Sheep,"[Lameness (Kushindwa kutembea), Discharge from the eyes (Machozi), Diarrhoea (Kuhara)]",147,19,7
2026-08-15,0.0,0.0,Mandera,Banissa,Kiliwehiri,Birkan ,Goats,[Abortions (Mimba Kutoka)],130,37,15
2026-08-14,0.0,0.0,Mandera,Mandera South,Elwak South,Bula  Al Uteibi ,Goats,"[Difficulty breathing (Kushindwa Kupumua), Discharge from the eyes (Machozi), Diarrhoea (Kuhara)]",253,16,4
2026-08-15,38.204022,0.309397,Isiolo,Garbatulla,Kinna,Charabdicha Kinna,Goats,"[Nasal discharges (Makamasi), Others]",14,12,0
2026-08-14,0.0,0.0,Mandera,Mandera South,Elwak South,Bulla Al Uteibi ,Goats,"[Lameness (Kushindwa kutembea), Difficulty breathing (Kushindwa Kupumua), Nasal discharges (Makamasi)]",280,19,9
2026-08-15,41.2204405,3.9329191,Mandera,Mandera North,Rhamu,Rhamu ,Cattle,"[Abortions (Mimba Kutoka), Aggressiveness (Ukali), Lameness (Kushindwa kutembea), Skin swellings (uvimbe wa ngozi)]",37,3,0
2026-08-15,41.8585036,3.9370492,Mandera,Mandera West,Takaba,Ayan Abkula,Chicken,"[Sudden Death (Kifo cha ghafla), Discoloured Faeces, Nasal discharges (Makamasi), Loss of weight, Diarrhoea (Kuhara), Swollen wattles and comb, Purple discoloration of wattles and combs, Soft shelled eggs]",118,51,12
2026-08-15,41.2204405,3.9329191,Mandera,Mandera North,Rhamu,Rhamu ,Goats,"[Lameness (Kushindwa kutembea), Nasal discharges (Makamasi), Swollen glands, Skin swellings (uvimbe wa ngozi)]",82,11,0
2026-08-14,0.0,0.0,Mandera,Mandera South,Elwak South,Bula Al Uteibi ,Goats,"[Nasal discharges (Makamasi), Diarrhoea (Kuhara)]",215,45,10
2026-08-13,40.8030845,2.5590704,Mandera,Mandera South,Kutulo,Unknown,Camel,[Sudden Death (Kifo cha ghafla)],152,5,3
2026-08-14,38.7890785,1.2106322,Isiolo,Merti,Cherub,Riga Town,Goats,"[Abortions (Mimba Kutoka), Diarrhoea (Kuhara), Others]",33,3,2
2026-08-14,38.7890786,1.2106317,Isiolo,Merti,Cherub,Riga,Sheep,"[Pouring Saliva (Kumwaga mate), Nasal discharges (Makamasi), Loss of weight]",14,3,0
2026-08-15,41.0849118,3.0726091,Mandera,Lafey,Fino,Alungo ,Goats,[Nasal discharges (Makamasi)],80,20,2
2026-08-13,40.8334485,2.5911023,Mandera,Mandera South,Kutulo,Unknown,Camel,[Sudden Death (Kifo cha ghafla)],169,2,3
2026-08-15,41.0849118,3.0726091,Mandera,Lafey,Alango Gof,Alungo ,Goats,[Nasal discharges (Makamasi)],60,20,0
2026-08-14,38.8014221,1.2402397,Isiolo,Merti,Cherub,Biliqi,Sheep,"[Bloody Faeces, Diarrhoea (Kuhara)]",203,2,1
2026-08-15,41.0849118,3.0726091,Mandera,Lafey,Alango Gof,Alungo ,Goats,"[Difficulty breathing (Kushindwa Kupumua), Nasal discharges (Makamasi)]",70,30,1
2026-08-13,40.8030845,2.5590704,Mandera,Mandera South,Kutulo,Unknown,Camel,[Abortions (Mimba Kutoka)],192,2,3
2026-08-15,41.0849118,3.0726091,Mandera,Lafey,Alango Gof,Alungo ,Goats,"[Discharge from the eyes (Machozi), Nasal discharges (Makamasi)]",80,30,2
2026-08-14,41.2285989,3.9286244,Mandera,Mandera North,Rhamu,Rhamu ,Goats,"[Abortions (Mimba Kutoka), Nasal discharges (Makamasi), Skin swellings (uvimbe wa ngozi)]",219,19,0
2026-08-13,40.8327892,2.5907959,Mandera,Mandera South,Kutulo,Unknown,Camel,[Sudden Death (Kifo cha ghafla)],125,2,3
2026-08-14,41.2285989,3.9286244,Mandera,Mandera North,Rhamu,Rhamu ,Camel,"[Lamess (Kushindwa kutembea), Aggressiveness (Ukali), Skin swellings (uvimbe wa ngozi), Discharge from the eyes (Machozi)]",49,5,0
2026-08-14,41.2285989,3.9286244,Mandera,Mandera North,Rhamu,Rhamu ,Cattle,"[Aggressiveness (Ukali), Skin swellings (uvimbe wa ngozi), Nasal discharges (Makamasi), Diarrhoea (Kuhara)]",38,4,0
2026-08-15,41.0584612,3.0564674,Mandera,Lafey,Alango Gof,Alungo ,Goats,[Abortions (Mimba Kutoka)],60,15,2
2026-08-13,40.8324999,2.5906614,Mandera,Mandera South,Kutulo,Unknown,Camel,[Abortions (Mimba Kutoka)],196,2,6
2026-08-15,41.0584612,3.0564674,Mandera,Lafey,Alango Gof,Alungo ,Goats,[Nasal discharges (Makamasi)],90,20,2
2026-08-14,41.2285989,3.9286244,Mandera,Mandera North,Rhamu,Rhamu ,Chicken,"[Sudden Death (Kifo cha ghafla), Diarrhoea (Kuhara), Nasal discharges (Makamasi)]",29,8,3
2026-08-15,37.6062215,0.589602,Isiolo,Isiolo,Ngare Mara,Attan,Sheep,[Diarrhoea (Kuhara)],76,5,1
2026-08-13,40.8030845,2.5590704,Mandera,Mandera South,Kutulo,Unknown,Camel,[Abortions (Mimba Kutoka)],163,2,8
2026-08-15,0.0,0.0,Mandera,Mandera East,Township,BP1,Goats,[Abortions (Mimba Kutoka)],38,2,0
2026-08-15,41.0127733,3.4083626,Mandera,Lafey,Warankara,Warankara To ,Goats,[Diarrhoea (Kuhara)],10,1,0
2026-08-15,41.0127733,3.4083626,Mandera,Lafey,Warankara,Warankara To ,Camel,[Skin swellings (uvimbe wa ngozi)],23,3,0
2026-08-13,40.8334485,2.5911023,Mandera,Mandera South,Kutulo,Unknown,Camel,[Abortions (Mimba Kutoka)],167,23,3
2026-08-15,38.9744697,1.3058833,Isiolo,Merti,Cherub,Basa,Sheep,"[Loss of weight, Difficulty breathing (Kushindwa Kupumua), Lameness (Kushindwa kutembea)]",25,1,0
2026-08-13,40.8324999,2.5906614,Mandera,Mandera South,Kutulo,Unknown,Camel,[Sudden Death (Kifo cha ghafla)],152,3,3
2026-08-06,0.0,0.0,Mandera,Mandera West,Takaba South,Waigadahan,Cattle,"[Abortions (Mimba Kutoka), Sudden Death (Kifo cha ghafla), Bleeding from openings (Kuvunja damu), Pouring Saliva (Kumwaga mate), Aggressiveness (Ukali), Lameness (Kushindwa kutembea), Difficulty breathing (Kushindwa Kupumua), Wounds on Legs & mouth, Skin swellings (uvimbe wa ngozi), Bloody Faeces, Diarrhoea (Kuhara), Vomiting (kutapika), Swollen glands, Nasal discharges (Makamasi), Discharge from the eyes (Machozi), Others]",50,10,5
2026-08-10,0.0,0.0,Mandera,Mandera West,Takaba South,Wagadahan,Sheep,"[Abortions (Mimba Kutoka), Bleeding from openings (Kuvunja damu), Sudden Death (Kifo cha ghafla), Pouring Saliva (Kumwaga mate), Lameness (Kushindwa kutembea), Wounds on Legs & mouth, Difficulty breathing (Kushindwa Kupumua), Nasal discharges (Makamasi), Skin swellings (uvimbe wa ngozi), Discharge from the eyes (Machozi), Bloody Faeces, Vomiting (kutapika), Diarrhoea (Kuhara), Loss of weight, Others]",50,5,10
2026-08-11,0.0,0.0,Mandera,Mandera West,Takaba South,Waigadahan,Goats,"[Abortions (Mimba Kutoka), Sudden Death (Kifo cha ghafla), Bleeding from openings (Kuvunja damu), Pouring Saliva (Kumwaga mate), Lameness (Kushindwa kutembea), Wounds on Legs & mouth, Difficulty breathing (Kushindwa Kupumua), Nasal discharges (Makamasi), Discharge from the eyes (Machozi), Swollen glands, Diarrhoea (Kuhara), Bloody Faeces, Skin swellings (uvimbe wa ngozi), Others]",50,10,5
2026-08-12,0.0,0.0,Mandera,Mandera West,Takaba South,Waigadahan,Camel,"[Abortions (Mimba Kutoka), Sudden Death (Kifo cha ghafla), Bleeding from openings (Kuvunja damu), Pouring Saliva (Kumwaga mate), Lamess (Kushindwa kutembea), Aggressiveness (Ukali), Wounds on Legs & mouth, Difficulty breathing (Kushindwa Kupumua), Skin swellings (uvimbe wa ngozi), Bloody Faeces, Diarrhoea (Kuhara), Swollen glands, Nasal discharges (Makamasi), Discharge from the eyes (Machozi), Others]",50,5,10
2026-08-16,0.0,0.0,Mandera,Mandera West,Dandu,Qofole,Goats,"[Abortions (Mimba Kutoka), Wounds on Legs & mouth, Lameness (Kushindwa kutembea), Discharge from the eyes (Machozi)]",236,56,20
2026-08-16,0.0,0.0,Mandera,Lafey,Sala,jabi,Goats,"[Abortions (Mimba Kutoka), Pouring Saliva (Kumwaga mate), Lameness (Kushindwa kutembea), Wounds on Legs & mouth, Difficulty breathing (Kushindwa Kupumua), Nasal discharges (Makamasi), Diarrhoea (Kuhara)]",150,13,4
2026-08-16,39.8805719,3.4217975,Mandera,Mandera West,Dandu,Dandu,Goats,"[Abortions (Mimba Kutoka), Wounds on Legs & mouth, Lameness (Kushindwa kutembea), Discharge from the eyes (Machozi)]",235,56,30
2026-08-16,0.0,0.0,Mandera,Lafey,Sala,jabi,Camel,"[Abortions (Mimba Kutoka), Lamess (Kushindwa kutembea), Wounds on Legs & mouth, Difficulty breathing (Kushindwa Kupumua), Diarrhoea (Kuhara)]",100,10,3
2026-08-09,0.0,0.0,Mandera,Mandera West,Takaba South,Waigadahan,Sheep,"[Abortions (Mimba Kutoka), Sudden Death (Kifo cha ghafla), Bleeding from openings (Kuvunja damu), Pouring Saliva (Kumwaga mate), Lameness (Kushindwa kutembea), Difficulty breathing (Kushindwa Kupumua), Wounds on Legs & mouth, Nasal discharges (Makamasi), Discharge from the eyes (Machozi), Skin swellings (uvimbe wa ngozi), Bloody Faeces, Diarrhoea (Kuhara), Vomiting (kutapika), Loss of weight, Others]",80,10,5
2026-08-16,0.0,0.0,Mandera,Mandera South,Kutulo,Adele ,Goats,[Nasal discharges (Makamasi)],221,23,3
2026-08-15,41.2180914,3.9354845,Mandera,Mandera North,Guticha,Guticha,Cattle,[Others],22,5,0
2026-08-15,41.2285211,3.9273967,Mandera,Mandera North,Rhamu,Rhamu ,Goats,"[Nasal discharges (Makamasi), Discharge from the eyes (Machozi), Diarrhoea (Kuhara)]",79,11,0
2026-08-16,0.0,0.0,Mandera,Lafey,Sala,jabi,Sheep,"[Abortions (Mimba Kutoka), Lameness (Kushindwa kutembea), Wounds on Legs & mouth, Difficulty breathing (Kushindwa Kupumua), Nasal discharges (Makamasi)]",160,13,3
2026-08-16,0.0,0.0,Mandera,Lafey,Sala,jabi,Cattle,"[Abortions (Mimba Kutoka), Pouring Saliva (Kumwaga mate), Lameness (Kushindwa kutembea), Difficulty breathing (Kushindwa Kupumua), Wounds on Legs & mouth, Skin swellings (uvimbe wa ngozi)]",200,11,4
2026-08-16,6.0,6.0,Kisumu,Kisumu West,West Kisumu,holo,Goats,[Diarrhoea (Kuhara)],19,8,0
2026-08-16,0.0,0.0,Mandera,Lafey,Sala,jabi,Camel,"[Abortions (Mimba Kutoka), Pouring Saliva (Kumwaga mate), Lamess (Kushindwa kutembea), Wounds on Legs & mouth, Difficulty breathing (Kushindwa Kupumua), Skin swellings (uvimbe wa ngozi)]",250,15,4
2026-08-15,41.2285211,3.9273967,Mandera,Mandera North,Rhamu,Rhamu ,Sheep,"[Lameness (Kushindwa kutembea), Nasal discharges (Makamasi), Pouring Saliva (Kumwaga mate)]",52,9,1
2026-08-16,0.0,0.0,Mandera,Mandera South,Kutulo,Sukela ,Camel,[Diarrhoea (Kuhara)],52,10,1
2026-08-16,0.0,0.0,Mandera,Mandera East,Township,BP1,Goats,[Diarrhoea (Kuhara)],46,3,0
2026-08-16,0.0,0.0,Mandera,Mandera West,Dandu,Dandu,Goats,"[Abortions (Mimba Kutoka), Wounds on Legs & mouth, Lameness (Kushindwa kutembea)]",235,56,7
2026-08-16,0.0,0.0,Mandera,Lafey,Sala,jabi,Sheep,"[Abortions (Mimba Kutoka), Bleeding from openings (Kuvunja damu), Lameness (Kushindwa kutembea), Wounds on Legs & mouth, Difficulty breathing (Kushindwa Kupumua), Nasal discharges (Makamasi)]",300,16,4
2026-08-16,0.0,0.0,Mandera,Lafey,Sala,jabi,Goats,"[Abortions (Mimba Kutoka), Lameness (Kushindwa kutembea), Wounds on Legs & mouth, Difficulty breathing (Kushindwa Kupumua), Nasal discharges (Makamasi), Diarrhoea (Kuhara)]",130,9,2
2026-08-16,41.21804999999999,3.9331716666666665,Mandera,Mandera North,Rhamu-Dimtu,Yabicho ,Goats,"[Difficulty breathing (Kushindwa Kupumua), Nasal discharges (Makamasi)]",98,18,4
2026-08-16,0.0,0.0,Mandera,Lafey,Sala,jabi,Sheep,"[Abortions (Mimba Kutoka), Pouring Saliva (Kumwaga mate), Lameness (Kushindwa kutembea), Wounds on Legs & mouth, Difficulty breathing (Kushindwa Kupumua), Nasal discharges (Makamasi), Diarrhoea (Kuhara)]",250,15,4
2026-08-16,39.8805719,3.4217975,Mandera,Mandera West,Dandu,Dandu,Sheep,"[Abortions (Mimba Kutoka), Sudden Death (Kifo cha ghafla), Wounds on Legs & mouth, Loss of weight]",152,58,19
2026-08-16,41.21829833333333,3.933175,Mandera,Mandera North,Rhamu-Dimtu,Yabicho ,Goats,"[Nasal discharges (Makamasi), Difficulty breathing (Kushindwa Kupumua)]",89,17,3
2026-08-16,37.4323196,0.5922919,Samburu,Samburu East,Waso,Westgate ,Dogs,"[Aggressiveness (Ukali), Staggering (kutembea Kombo), Biting (Kuuma), Vomiting (kutapika)]",5,3,0
2026-08-16,39.6748756,-0.5024946,Garissa,Garissa Township,Iftin,Bouralgy ,Goats,"[Abortions (Mimba Kutoka), Lameness (Kushindwa kutembea)]",35,2,2
2026-08-16,41.8585628,3.9370011,Mandera,Mandera West,Takaba,Hawacho Sambur,Goats,"[Abortions (Mimba Kutoka), Sudden Death (Kifo cha ghafla), Lameness (Kushindwa kutembea), Wounds on Legs & mouth, Difficulty breathing (Kushindwa Kupumua), Nasal discharges (Makamasi), Discharge from the eyes (Machozi), Diarrhoea (Kuhara), Skin swellings (uvimbe wa ngozi)]",68,12,4
2026-08-16,0.0,0.0,Mandera,Mandera South,Shimbir Fatuma,Etul,Camel,[Nasal discharges (Makamasi)],85,25,6
2026-08-16,41.2273429,3.927961,Mandera,Mandera North,Rhamu,Rhamu ,Goats,"[Abortions (Mimba Kutoka), Lameness (Kushindwa kutembea), Nasal discharges (Makamasi), Diarrhoea (Kuhara), Skin swellings (uvimbe wa ngozi)]",186,22,1
2026-08-16,0.0,0.0,Mandera,Mandera South,Shimbir Fatuma,Ano,Goats,[Abortions (Mimba Kutoka)],190,25,1
2026-08-16,0.0,0.0,Mandera,Mandera South,Shimbir Fatuma,Dololo,Goats,[Abortions (Mimba Kutoka)],320,65,4
2026-08-16,0.0,0.0,Mandera,Mandera South,Shimbir Fatuma,Ano,Goats,[Abortions (Mimba Kutoka)],150,32,0
2026-08-16,0.0,0.0,Mandera,Mandera South,Shimbir Fatuma,Ano,Goats,[Abortions (Mimba Kutoka)],350,45,3
2026-08-16,0.0,0.0,Mandera,Mandera South,Shimbir Fatuma,Ano,Goats,[Abortions (Mimba Kutoka)],320,65,5
2026-08-16,0.0,0.0,Mandera,Mandera South,Shimbir Fatuma,Ano,Goats,[Abortions (Mimba Kutoka)],310,65,9
2026-08-16,0.0,0.0,Mandera,Mandera South,Shimbir Fatuma,Eltul,Goats,[Abortions (Mimba Kutoka)],250,32,2
2026-08-16,0.0,0.0,Mandera,Mandera South,Shimbir Fatuma,Dololo,Camel,[Swollen glands],80,25,4
2026-08-16,0.0,0.0,Mandera,Mandera South,Shimbir Fatuma,Dololo,Goats,[Abortions (Mimba Kutoka)],270,45,4
2026-08-16,0.0,0.0,Mandera,Mandera South,Shimbir Fatuma,Dololo,Goats,[Abortions (Mimba Kutoka)],180,25,3
2026-08-16,0.0,0.0,Mandera,Mandera South,Shimbir Fatuma,Ano,Goats,[Abortions (Mimba Kutoka)],250,65,8
2026-08-16,0.0,0.0,Mandera,Mandera South,Shimbir Fatuma,Dololo,Goats,[Abortions (Mimba Kutoka)],180,35,3
2026-08-16,0.0,0.0,Mandera,Mandera South,Shimbir Fatuma,Eltul,Goats,[Abortions (Mimba Kutoka)],180,45,7
2026-08-16,0.0,0.0,Mandera,Mandera South,Shimbir Fatuma,Dololo,Goats,[Abortions (Mimba Kutoka)],240,32,2
2026-08-16,0.0,0.0,Mandera,Mandera South,Shimbir Fatuma,Ano,Camel,[Swollen glands],65,12,2
2026-08-11,38.66377833333333,1.059665,Isiolo,Merti,Cherub,M DUBA,Goats,"[Diarrhoea (Kuhara), Nasal discharges (Makamasi), Abortions (Mimba Kutoka)]",50,5,1
2026-08-16,0.0,0.0,Mandera,Mandera South,Shimbir Fatuma,Dololo,Camel,[Swollen glands],45,9,2
2026-08-14,0.0,0.0,Isiolo,Garbatulla,Sericho,badana,Sheep,"[Abortions (Mimba Kutoka), Bleeding from openings (Kuvunja damu), Discharge from the eyes (Machozi), Loss of weight, Others, Difficulty breathing (Kushindwa Kupumua)]",180,6,1
2026-08-16,0.0,0.0,Mandera,Mandera South,Shimbir Fatuma,Dololo,Goats,[Abortions (Mimba Kutoka)],290,45,0
2026-08-16,0.0,0.0,Isiolo,Garbatulla,Sericho,badana,Goats,"[Abortions (Mimba Kutoka), Pouring Saliva (Kumwaga mate), Wounds on Legs & mouth, Skin swellings (uvimbe wa ngozi), Others]",300,20,5
2026-08-14,0.0,0.0,Isiolo,Garbatulla,Sericho,badana,Cattle,"[Vomiting (kutapika), Nasal discharges (Makamasi), Others, Diarrhoea (Kuhara)]",60,1,0
2026-08-14,0.0,0.0,Isiolo,Garbatulla,Sericho,badana,Cattle,"[Pouring Saliva (Kumwaga mate), Aggressiveness (Ukali), Lameness (Kushindwa kutembea), Wounds on Legs & mouth, Others, Vomiting (kutapika)]",80,8,0
2026-08-16,41.217975,3.933,Mandera,Mandera North,Rhamu-Dimtu,Yabicho ,Goats,"[Difficulty breathing (Kushindwa Kupumua), Nasal discharges (Makamasi)]",98,18,4
2026-08-17,41.4148117,3.3715464,Mandera,Lafey,Fino,Fino,Goats,"[Difficulty breathing (Kushindwa Kupumua), Nasal discharges (Makamasi)]",50,30,20
2026-08-17,41.4148117,3.3715464,Mandera,Lafey,Fino,Bulla Maalim,Cattle,[Lameness (Kushindwa kutembea)],10,5,3
2026-08-17,41.4148117,3.3715464,Mandera,Lafey,Fino,Shiekh Barrow,Camel,"[Pouring Saliva (Kumwaga mate), Skin swellings (uvimbe wa ngozi), Swollen glands]",50,30,20
2026-08-16,0.0,0.0,Mandera,Mandera South,Shimbir Fatuma,Eltul,Goats,[Abortions (Mimba Kutoka)],180,24,1
2026-08-16,0.0,0.0,Mandera,Mandera South,Shimbir Fatuma,Dololo,Camel,[Swollen glands],35,13,1
2026-08-16,0.0,0.0,Mandera,Mandera South,Shimbir Fatuma,Eltul,Goats,[Abortions (Mimba Kutoka)],280,45,6
2026-08-16,0.0,0.0,Mandera,Mandera South,Shimbir Fatuma,Ano,Goats,[Abortions (Mimba Kutoka)],150,35,1
2026-08-16,0.0,0.0,Mandera,Mandera South,Shimbir Fatuma,Dololo,Camel,[Swollen glands],65,25,4
2026-08-16,0.0,0.0,Mandera,Mandera South,Shimbir Fatuma,Gubachaptho,Goats,[Abortions (Mimba Kutoka)],280,45,12
2026-08-15,0.0,0.0,Mandera,Banissa,Kiliwehiri,Achini,Camel,[Sudden Death (Kifo cha ghafla)],49,15,9
2026-08-15,0.0,0.0,Mandera,Banissa,Kiliwehiri,Achini,Goats,[Difficulty breathing (Kushindwa Kupumua)],153,30,17
2026-08-16,0.0,0.0,Mandera,Banissa,Kiliwehiri,Birkan ,Camel,"[Sudden Death (Kifo cha ghafla), Abortions (Mimba Kutoka)]",60,20,7
2026-08-16,0.0,0.0,Mandera,Banissa,Kiliwehiri,Birkan,Camel,[Difficulty breathing (Kushindwa Kupumua)],37,9,5
2026-08-16,0.0,0.0,Mandera,Mandera South,Shimbir Fatuma,Dololo,Camel,[Swollen glands],65,12,2
2026-08-16,0.0,0.0,Mandera,Banissa,Kiliwehiri,Birkan,Cattle,[Sudden Death (Kifo cha ghafla)],35,12,5
2026-08-17,40.3448269,3.9417533,Mandera,Banissa,Kiliwehiri,Achini,Goats,[Difficulty breathing (Kushindwa Kupumua)],98,22,15
2026-08-17,41.4148117,3.3715464,Mandera,Lafey,Fino,Duntow,Sheep,"[Difficulty breathing (Kushindwa Kupumua), Nasal discharges (Makamasi)]",50,30,20
2026-08-17,0.0,0.0,Mandera,Mandera West,Dandu,Dandu,Goats,"[Abortions (Mimba Kutoka), Wounds on Legs & mouth, Lameness (Kushindwa kutembea), Discharge from the eyes (Machozi)]",235,56,25
2026-08-17,37.5779277,0.4388304,Isiolo,Isiolo,Ngare Mara,Kiwanja,Goats,"[Diarrhoea (Kuhara), Others]",52,5,0
2026-08-17,40.3441092,3.9417321,Mandera,Banissa,Kiliwehiri,Bojigarse,Camel,[Sudden Death (Kifo cha ghafla)],77,28,13
2026-08-17,40.3441092,3.9417321,Mandera,Banissa,Kiliwehiri,Bojigarse,Goats,[Difficulty breathing (Kushindwa Kupumua)],205,40,22
2026-08-17,0.0,0.0,Mandera,Mandera West,Dandu,Kubi   All,Goats,"[Abortions (Mimba Kutoka), Wounds on Legs & mouth, Lameness (Kushindwa kutembea), Discharge from the eyes (Machozi), Nasal discharges (Makamasi)]",325,90,30
2026-08-17,40.344747,3.9409472,Mandera,Banissa,Kiliwehiri,Achini,Sheep,[Diarrhoea (Kuhara)],40,15,9
2026-08-17,41.0127733,3.4083626,Mandera,Lafey,Warankara,Warankara To ,Sheep,[Diarrhoea (Kuhara)],25,2,1
2026-08-17,40.3450659,3.9416764,Mandera,Banissa,Kiliwehiri,Bojigarse ,Cattle,[Difficulty breathing (Kushindwa Kupumua)],25,11,4
2026-08-17,41.0127733,3.4083626,Mandera,Lafey,Warankara,Unknown,Camel,[Difficulty breathing (Kushindwa Kupumua)],32,2,0
2026-08-17,0.0,0.0,Mandera,Mandera West,Dandu,Dandu,Sheep,"[Abortions (Mimba Kutoka), Wounds on Legs & mouth, Lameness (Kushindwa kutembea)]",250,35,18
2026-08-17,37.5964267,0.43153,Isiolo,Isiolo,Ngare Mara,Kiwanja,Sheep,"[Difficulty breathing (Kushindwa Kupumua), Diarrhoea (Kuhara), Others]",52,3,0
2026-08-17,40.3448226,3.9417514,Mandera,Banissa,Kiliwehiri,Achin,Goats,[Abortions (Mimba Kutoka)],165,27,18
2026-08-17,0.0,0.0,Mandera,Mandera West,Dandu,Mansho,Goats,"[Abortions (Mimba Kutoka), Wounds on Legs & mouth, Lameness (Kushindwa kutembea), Discharge from the eyes (Machozi), Nasal discharges (Makamasi)]",321,150,39
2026-08-17,40.3441092,3.9417321,Mandera,Banissa,Kiliwehiri,Birkan,Goats,[Bloody Faeces],158,35,20
2026-08-17,41.8585111,3.9368015,Mandera,Mandera West,Takaba,Ayan Abkula,Chicken,"[Sudden Death (Kifo cha ghafla), Nasal discharges (Makamasi), Diarrhoea (Kuhara), Loss of weight, Soft shelled eggs, Purple discoloration of wattles and combs, Discoloured Faeces]",78,31,12
2026-08-17,0.0,0.0,Mandera,Mandera West,Dandu,Dandu,Cattle,"[Abortions (Mimba Kutoka), Wounds on Legs & mouth, Difficulty breathing (Kushindwa Kupumua)]",59,23,8
2026-08-02,0.0,0.0,Mandera,Banissa,Derkhale,Derkale,Sheep,"[Abortions (Mimba Kutoka), Pouring Saliva (Kumwaga mate), Bleeding from openings (Kuvunja damu), Lameness (Kushindwa kutembea), Discharge from the eyes (Machozi)]",63,12,0
2026-08-17,41.858588,3.9369746,Mandera,Mandera West,Takaba,Baba Taka,Goats,"[Abortions (Mimba Kutoka), Sudden Death (Kifo cha ghafla), Pouring Saliva (Kumwaga mate), Lameness (Kushindwa kutembea), Difficulty breathing (Kushindwa Kupumua), Nasal discharges (Makamasi), Swollen glands, Discharge from the eyes (Machozi), Skin swellings (uvimbe wa ngozi), Diarrhoea (Kuhara)]",99,28,6
2026-08-17,0.0,0.0,Mandera,Mandera East,Township,BP1,Goats,[Nasal discharges (Makamasi)],47,2,0
2026-08-17,0.0,0.0,Mandera,Mandera West,Dandu,Dandi,Camel,"[Abortions (Mimba Kutoka), Wounds on Legs & mouth, Bloody Faeces, Discharge from the eyes (Machozi)]",128,23,10
2026-08-15,0.0,0.0,Mandera,Banissa,Kiliwehiri,Birkan,Camel,[Sudden Death (Kifo cha ghafla)],48,19,11
2026-08-17,40.8653767,3.5522322,Mandera,Mandera North,Morothile,Marothile ,Sheep,"[Abortions (Mimba Kutoka), Difficulty breathing (Kushindwa Kupumua), Nasal discharges (Makamasi), Diarrhoea (Kuhara), Loss of weight]",125,15,5
2026-08-17,0.0,0.0,Mandera,Mandera West,Dandu,Dandu,Camel,"[Abortions (Mimba Kutoka), Bleeding from openings (Kuvunja damu), Swollen glands]",90,56,16
2026-08-17,40.8653767,3.5522322,Mandera,Mandera North,Morothile,Marothile ,Goats,"[Abortions (Mimba Kutoka), Difficulty breathing (Kushindwa Kupumua), Nasal discharges (Makamasi), Diarrhoea (Kuhara)]",210,19,6
2026-08-18,38.1991351,0.5696454,Isiolo,Garbatulla,Kinna,Kulamawe ,Camel,"[Sudden Death (Kifo cha ghafla), Swollen glands]",25,1,1
2026-08-17,40.8653767,3.5522322,Mandera,Mandera North,Morothile,Marothile ,Goats,"[Abortions (Mimba Kutoka), Difficulty breathing (Kushindwa Kupumua), Nasal discharges (Makamasi), Diarrhoea (Kuhara)]",203,13,6
2026-08-04,35.0403651,-1.0862048,Narok,Transmara West,Kimintet,Boreiwek,Cattle,"[Wounds on Legs & mouth, Lameness (Kushindwa kutembea)]",8,5,3
2026-08-17,40.8653767,3.5522322,Mandera,Mandera North,Morothile,Marothile ,Goats,"[Abortions (Mimba Kutoka), Difficulty breathing (Kushindwa Kupumua), Nasal discharges (Makamasi), Diarrhoea (Kuhara)]",116,10,2
2026-08-17,40.8653767,3.5522322,Mandera,Mandera North,Morothile,Marothile ,Goats,"[Abortions (Mimba Kutoka), Difficulty breathing (Kushindwa Kupumua), Nasal discharges (Makamasi), Diarrhoea (Kuhara)]",159,12,4
2026-08-17,40.8653767,3.5522322,Mandera,Mandera North,Morothile,Marothile ,Goats,"[Abortions (Mimba Kutoka), Difficulty breathing (Kushindwa Kupumua), Nasal discharges (Makamasi), Diarrhoea (Kuhara)]",109,10,3
2026-08-17,0.0,0.0,Narok,Transmara West,Kimintet,Olmagutian,Cattle,"[Sudden Death (Kifo cha ghafla), Bloody Faeces]",120,6,8
2026-08-11,35.0586039,-1.0583536,Narok,Transmara West,Kimintet,Tandui,Cattle,"[Sudden Death (Kifo cha ghafla), Bleeding from openings (Kuvunja damu)]",107,0,14
2026-08-17,40.8653767,3.5522322,Mandera,Mandera North,Morothile,Marothile ,Goats,"[Abortions (Mimba Kutoka), Difficulty breathing (Kushindwa Kupumua), Nasal discharges (Makamasi), Diarrhoea (Kuhara)]",119,10,6
2026-08-17,40.8653767,3.5522322,Mandera,Mandera North,Morothile,Marothile ,Camel,"[Abortions (Mimba Kutoka), Difficulty breathing (Kushindwa Kupumua), Swollen glands, Discharge from the eyes (Machozi)]",54,5,1
2026-08-17,40.8682209,3.5498744,Mandera,Mandera North,Morothile,Marothile ,Goats,"[Abortions (Mimba Kutoka), Difficulty breathing (Kushindwa Kupumua), Nasal discharges (Makamasi), Diarrhoea (Kuhara)]",198,12,5
2026-08-04,35.0403651,-1.0862048,Narok,Transmara West,Kimintet,Boreiwek ,Cattle,[Sudden Death (Kifo cha ghafla)],5,0,2
2026-08-17,40.8653767,3.5522322,Mandera,Mandera North,Morothile,Marothile ,Goats,"[Abortions (Mimba Kutoka), Difficulty breathing (Kushindwa Kupumua), Nasal discharges (Makamasi), Diarrhoea (Kuhara)]",150,12,3
2026-08-04,35.0586039,-1.0595857,Narok,Transmara West,Kimintet,Chepkebit,Cattle,[Abortions (Mimba Kutoka)],21,1,0
2026-08-17,40.8682209,3.5498744,Mandera,Mandera North,Morothile,Marothile ,Goats,"[Abortions (Mimba Kutoka), Difficulty breathing (Kushindwa Kupumua), Nasal discharges (Makamasi), Diarrhoea (Kuhara)]",156,12,5
2026-08-17,40.8653767,3.5522322,Mandera,Mandera North,Morothile,Marothile ,Sheep,"[Abortions (Mimba Kutoka), Difficulty breathing (Kushindwa Kupumua), Nasal discharges (Makamasi), Diarrhoea (Kuhara)]",123,6,1
2026-08-17,40.8682209,3.5498744,Mandera,Mandera North,Morothile,Marothile ,Goats,"[Abortions (Mimba Kutoka), Difficulty breathing (Kushindwa Kupumua), Nasal discharges (Makamasi), Diarrhoea (Kuhara)]",162,9,2
2026-08-18,0.0,0.0,Mandera,Mandera West,Dandu,Dandu,Goats,"[Abortions (Mimba Kutoka), Wounds on Legs & mouth, Lameness (Kushindwa kutembea), Discharge from the eyes (Machozi), Nasal discharges (Makamasi), Swollen glands]",236,56,20
2026-08-18,0.0,0.0,Mandera,Mandera West,Dandu,Dandu,Sheep,"[Abortions (Mimba Kutoka), Wounds on Legs & mouth, Lameness (Kushindwa kutembea)]",129,45,16
2026-08-17,40.8682209,3.5498744,Mandera,Mandera North,Morothile,Marothile ,Goats,"[Abortions (Mimba Kutoka), Difficulty breathing (Kushindwa Kupumua), Nasal discharges (Makamasi), Diarrhoea (Kuhara)]",95,8,2
2026-07-27,41.81912415660918,3.930189907550812,Mandera,Mandera East,Neboi,Shafshafey,Goats,"[Lameness (Kushindwa kutembea), Nasal discharges (Makamasi)]",32,2,0
2026-08-17,40.8682209,3.5498744,Mandera,Mandera North,Morothile,Marothile ,Goats,"[Abortions (Mimba Kutoka), Difficulty breathing (Kushindwa Kupumua), Nasal discharges (Makamasi), Diarrhoea (Kuhara)]",195,16,5
2026-08-18,0.0,0.0,Mandera,Mandera West,Dandu,Dandu,Cattle,"[Lameness (Kushindwa kutembea), Wounds on Legs & mouth, Difficulty breathing (Kushindwa Kupumua)]",189,50,3
2026-07-26,41.81950536556542,3.93066989723593,Mandera,Mandera East,Neboi,Shafshaf,Goats,"[Lameness (Kushindwa kutembea), Difficulty breathing (Kushindwa Kupumua)]",42,1,0
2026-08-17,40.8682209,3.5498744,Mandera,Mandera North,Morothile,Marothile ,Goats,"[Abortions (Mimba Kutoka), Difficulty breathing (Kushindwa Kupumua), Nasal discharges (Makamasi), Diarrhoea (Kuhara)]",119,8,1
2026-08-15,0.0,0.0,Mandera,Banissa,Malkamari,Malkamari ,Sheep,"[Lameness (Kushindwa kutembea), Nasal discharges (Makamasi), Discharge from the eyes (Machozi), Diarrhoea (Kuhara)]",32,4,1
2026-07-27,41.81904025375843,3.930157679133117,Mandera,Mandera East,Neboi,Shafshafey,Sheep,"[Lameness (Kushindwa kutembea), Nasal discharges (Makamasi)]",25,3,0
2026-07-27,41.81898719631136,3.930099005810917,Mandera,Mandera East,Neboi,Shafshafey,Goats,"[Nasal discharges (Makamasi), Discharge from the eyes (Machozi)]",35,2,0
2026-08-05,40.8656927,4.1137599,Mandera,Banissa,Malkamari,Malkamari ,Goats,"[Lameness (Kushindwa kutembea), Nasal discharges (Makamasi), Discharge from the eyes (Machozi), Bloody Faeces]",83,6,1
2026-07-26,41.81939237751067,3.930611223913729,Mandera,Mandera East,Neboi,Shafshafey,Sheep,"[Lameness (Kushindwa kutembea), Difficulty breathing (Kushindwa Kupumua)]",36,2,0
2026-08-11,0.0,0.0,Mandera,Banissa,Malkamari,Malkamari ,Goats,"[Lameness (Kushindwa kutembea), Nasal discharges (Makamasi), Discharge from the eyes (Machozi), Bloody Faeces]",52,4,0
2026-08-18,41.85975635424256,3.938114200718701,Mandera,Mandera East,Neboi,Shafshsfey,Goats,"[Lameness (Kushindwa kutembea), Difficulty breathing (Kushindwa Kupumua)]",45,3,0
2026-08-12,0.0,0.0,Mandera,Banissa,Malkamari,Artagarbaja ,Camel,"[Lamess (Kushindwa kutembea), Wounds on Legs & mouth, Swollen glands, Discharge from the eyes (Machozi)]",71,6,1
2026-08-18,41.859885435551405,3.9380233408883214,Mandera,Mandera East,Neboi,Shashafey,Sheep,"[Pouring Saliva (Kumwaga mate), Lameness (Kushindwa kutembea)]",32,2,0
2026-08-13,40.3454614,3.9417109,Mandera,Banissa,Malkamari,Malkamari ,Sheep,"[Lameness (Kushindwa kutembea), Nasal discharges (Makamasi), Discharge from the eyes (Machozi), Diarrhoea (Kuhara)]",63,5,1
2026-08-12,0.0,0.0,Mandera,Banissa,Malkamari,Artagarbaja ,Camel,"[Lamess (Kushindwa kutembea), Wounds on Legs & mouth, Swollen glands, Discharge from the eyes (Machozi)]",68,4,1
2026-08-05,40.8656927,4.1137599,Mandera,Banissa,Malkamari,Malkamari ,Goats,"[Lameness (Kushindwa kutembea), Nasal discharges (Makamasi), Discharge from the eyes (Machozi), Bloody Faeces]",75,6,1
2026-08-05,40.8656927,4.1137599,Mandera,Banissa,Malkamari,Malkamari ,Goats,"[Lameness (Kushindwa kutembea), Nasal discharges (Makamasi), Discharge from the eyes (Machozi), Bloody Faeces]",55,3,0
2026-08-16,40.5067717,4.04442,Mandera,Banissa,Malkamari,Malkamari ,Goats,"[Lameness (Kushindwa kutembea), Nasal discharges (Makamasi), Discharge from the eyes (Machozi), Bloody Faeces]",52,4,0
2026-08-12,0.0,0.0,Mandera,Banissa,Malkamari,Malkamari ,Goats,"[Lameness (Kushindwa kutembea), Nasal discharges (Makamasi), Discharge from the eyes (Machozi), Bloody Faeces]",74,9,3
2026-08-16,0.0,0.0,Mandera,Banissa,Malkamari,Malkamari ,Sheep,"[Lameness (Kushindwa kutembea), Nasal discharges (Makamasi), Discharge from the eyes (Machozi), Diarrhoea (Kuhara)]",43,63,3
2026-08-13,40.3454579,3.9417152,Mandera,Banissa,Malkamari,Malkamari ,Sheep,"[Lameness (Kushindwa kutembea), Nasal discharges (Makamasi), Discharge from the eyes (Machozi), Diarrhoea (Kuhara)]",53,5,2
2026-08-11,0.0,0.0,Mandera,Banissa,Malkamari,Malkamari ,Goats,"[Lameness (Kushindwa kutembea), Nasal discharges (Makamasi), Discharge from the eyes (Machozi), Diarrhoea (Kuhara)]",72,6,1
2026-08-16,40.344747,3.9409472,Mandera,Banissa,Malkamari,Malkamari ,Camel,"[Lamess (Kushindwa kutembea), Wounds on Legs & mouth, Swollen glands, Discharge from the eyes (Machozi)]",83,6,1
2026-08-16,40.344747,3.9409472,Mandera,Banissa,Malkamari,Malkamari ,Camel,"[Lamess (Kushindwa kutembea), Wounds on Legs & mouth, Swollen glands, Discharge from the eyes (Machozi)]",87,6,2
2026-08-15,40.3444281,3.9419628,Mandera,Banissa,Malkamari,Artagarbaja ,Camel,"[Lamess (Kushindwa kutembea), Wounds on Legs & mouth, Swollen glands, Discharge from the eyes (Machozi)]",23,5,0
2026-08-16,40.344747,3.9409472,Mandera,Banissa,Malkamari,Artagarbaja ,Goats,"[Lameness (Kushindwa kutembea), Nasal discharges (Makamasi), Discharge from the eyes (Machozi), Bloody Faeces]",63,5,1
2026-08-15,40.3444281,3.9419628,Mandera,Banissa,Malkamari,Artagarbaja ,Goats,"[Lameness (Kushindwa kutembea), Nasal discharges (Makamasi), Discharge from the eyes (Machozi), Bloody Faeces]",93,10,2
2026-08-12,40.3444281,3.9419628,Mandera,Banissa,Malkamari,Artagarbaja ,Camel,"[Lamess (Kushindwa kutembea), Wounds on Legs & mouth, Swollen glands, Discharge from the eyes (Machozi)]",63,5,0
2026-08-16,40.3441092,3.9417321,Mandera,Banissa,Malkamari,Malkamari ,Sheep,"[Lameness (Kushindwa kutembea), Nasal discharges (Makamasi), Discharge from the eyes (Machozi), Diarrhoea (Kuhara)]",36,4,1
2026-08-15,40.3444281,3.9419628,Mandera,Banissa,Malkamari,Artagarbaja ,Sheep,"[Lameness (Kushindwa kutembea), Nasal discharges (Makamasi), Discharge from the eyes (Machozi), Diarrhoea (Kuhara)]",12,3,0
2026-08-12,40.344747,3.9397011,Mandera,Banissa,Malkamari,Malkamari ,Goats,"[Lameness (Kushindwa kutembea), Nasal discharges (Makamasi), Discharge from the eyes (Machozi), Bloody Faeces]",52,6,2
2026-08-12,40.3441092,3.9417321,Mandera,Banissa,Malkamari,Malkamari ,Sheep,"[Lameness (Kushindwa kutembea), Nasal discharges (Makamasi), Discharge from the eyes (Machozi), Diarrhoea (Kuhara)]",43,4,1
2026-08-15,40.3444281,3.9419628,Mandera,Banissa,Malkamari,Artagarbaja ,Camel,"[Lamess (Kushindwa kutembea), Wounds on Legs & mouth, Swollen glands, Discharge from the eyes (Machozi)]",63,4,1
2026-08-11,40.3441092,3.9417321,Mandera,Banissa,Malkamari,Artagarbaja ,Sheep,"[Lameness (Kushindwa kutembea), Nasal discharges (Makamasi), Discharge from the eyes (Machozi), Diarrhoea (Kuhara)]",32,4,1
2026-08-15,40.3441092,3.9417321,Mandera,Banissa,Malkamari,Malkamari ,Goats,"[Lameness (Kushindwa kutembea), Nasal discharges (Makamasi), Discharge from the eyes (Machozi), Bloody Faeces]",122,9,2
2026-08-11,40.344747,3.9397011,Mandera,Banissa,Malkamari,Artagarbaja ,Camel,"[Lamess (Kushindwa kutembea), Wounds on Legs & mouth, Swollen glands, Discharge from the eyes (Machozi)]",33,5,1
2026-08-01,40.344747,3.9397011,Mandera,Banissa,Malkamari,Artagarbaja ,Sheep,"[Lameness (Kushindwa kutembea), Nasal discharges (Makamasi), Discharge from the eyes (Machozi), Diarrhoea (Kuhara)]",52,8,1
2026-08-12,40.3441092,3.9417321,Mandera,Banissa,Malkamari,Malkamari ,Sheep,"[Lameness (Kushindwa kutembea), Nasal discharges (Makamasi), Discharge from the eyes (Machozi), Diarrhoea (Kuhara)]",32,3,0
2026-08-11,40.344747,3.9397011,Mandera,Banissa,Malkamari,Malkamari ,Sheep,"[Lameness (Kushindwa kutembea), Nasal discharges (Makamasi), Discharge from the eyes (Machozi), Diarrhoea (Kuhara)]",63,8,1
2026-07-29,0.0,0.0,Mandera,Lafey,Warankara,Bambo ,Goats,"[Difficulty breathing (Kushindwa Kupumua), Nasal discharges (Makamasi), Sudden Death (Kifo cha ghafla)]",52,4,1
2026-07-29,0.0,0.0,Mandera,Lafey,Warankara,Bambo ,Cattle,"[Lameness (Kushindwa kutembea), Difficulty breathing (Kushindwa Kupumua), Wounds on Legs & mouth]",27,1,0
2026-07-29,0.0,0.0,Mandera,Lafey,Warankara,Bambo ,Sheep,"[Loss of weight, Diarrhoea (Kuhara), Difficulty breathing (Kushindwa Kupumua), Lameness (Kushindwa kutembea)]",41,5,2
2026-08-18,40.344747,3.9397011,Mandera,Banissa,Malkamari,Malkamari ,Sheep,"[Lameness (Kushindwa kutembea), Nasal discharges (Makamasi), Discharge from the eyes (Machozi), Diarrhoea (Kuhara)]",32,5,2
2026-08-18,40.3441092,3.9417321,Mandera,Banissa,Malkamari,Malkamari ,Camel,"[Lamess (Kushindwa kutembea), Wounds on Legs & mouth, Swollen glands, Discharge from the eyes (Machozi)]",45,9,2
2026-07-29,0.0,0.0,Mandera,Lafey,Warankara,Bambo ,Camel,"[Difficulty breathing (Kushindwa Kupumua), Diarrhoea (Kuhara), Lamess (Kushindwa kutembea)]",63,13,2
2026-08-18,0.0,0.0,Mandera,Mandera East,Township,BP1,Sheep,[Nasal discharges (Makamasi)],26,2,0
2026-08-18,0.0,0.0,Mandera,Lafey,Warankara,Bambo ,Camel,"[Difficulty breathing (Kushindwa Kupumua), Diarrhoea (Kuhara), Swollen glands, Nasal discharges (Makamasi), Discharge from the eyes (Machozi)]",7,2,0
2026-07-29,0.0,0.0,Mandera,Lafey,Warankara,Bambo ,Goats,"[Abortions (Mimba Kutoka), Sudden Death (Kifo cha ghafla), Lameness (Kushindwa kutembea), Difficulty breathing (Kushindwa Kupumua)]",59,13,3
2026-08-18,0.0,0.0,Mandera,Lafey,Warankara,Bambo ,Goats,"[Sudden Death (Kifo cha ghafla), Abortions (Mimba Kutoka)]",52,5,3
2026-08-11,39.9220132,3.680579,Mandera,Mandera West,Gither,Githet,Camel,"[Abortions (Mimba Kutoka), Bleeding from openings (Kuvunja damu), Aggressiveness (Ukali)]",52,32,5
2026-08-15,39.9220132,3.6790849,Mandera,Mandera West,Gither,Gagaba,Camel,"[Abortions (Mimba Kutoka), Pouring Saliva (Kumwaga mate), Lamess (Kushindwa kutembea)]",53,23,5
2026-08-18,0.0,0.0,Mandera,Lafey,Warankara,Bambo ,Sheep,"[Loss of weight, Difficulty breathing (Kushindwa Kupumua), Nasal discharges (Makamasi), Lameness (Kushindwa kutembea)]",27,3,1
2026-08-04,0.0,0.0,Mandera,Lafey,Warankara,Bambo ,Sheep,"[Difficulty breathing (Kushindwa Kupumua), Loss of weight, Diarrhoea (Kuhara), Nasal discharges (Makamasi)]",50,7,2
2026-08-18,0.0,0.0,Mandera,Lafey,Warankara,Bambo ,Cattle,"[Sudden Death (Kifo cha ghafla), Bleeding from openings (Kuvunja damu), Pouring Saliva (Kumwaga mate), Difficulty breathing (Kushindwa Kupumua)]",12,2,1
2026-08-15,39.9220132,3.6790849,Mandera,Mandera West,Gither,Gither,Camel,"[Lamess (Kushindwa kutembea), Wounds on Legs & mouth, Difficulty breathing (Kushindwa Kupumua), Nasal discharges (Makamasi)]",63,25,2
2026-08-18,40.2307132,3.3921741,Mandera,Mandera West,Takaba,Bulla Elwka ,Goats,"[Lameness (Kushindwa kutembea), Wounds on Legs & mouth, Difficulty breathing (Kushindwa Kupumua), Nasal discharges (Makamasi), Diarrhoea (Kuhara), Skin swellings (uvimbe wa ngozi)]",45,18,3
2026-08-17,0.0,0.0,Mandera,Lafey,Warankara,Bambo ,Sheep,"[Loss of weight, Diarrhoea (Kuhara), Difficulty breathing (Kushindwa Kupumua), Lameness (Kushindwa kutembea)]",33,3,1
2026-08-17,40.2307136,3.3921761,Mandera,Mandera West,Takaba,Bulla Qohoti ,Camel,"[Lamess (Kushindwa kutembea), Wounds on Legs & mouth, Difficulty breathing (Kushindwa Kupumua), Skin swellings (uvimbe wa ngozi), Bloody Faeces, Nasal discharges (Makamasi), Discharge from the eyes (Machozi), Sudden Death (Kifo cha ghafla)]",80,16,3
2026-08-17,0.0,0.0,Mandera,Lafey,Warankara,Bambo ,Goats,"[Sudden Death (Kifo cha ghafla), Difficulty breathing (Kushindwa Kupumua), Diarrhoea (Kuhara), Nasal discharges (Makamasi)]",81,10,3
2026-08-04,0.0,0.0,Mandera,Lafey,Warankara,Bambo ,Cattle,"[Abortions (Mimba Kutoka), Sudden Death (Kifo cha ghafla), Lameness (Kushindwa kutembea), Difficulty breathing (Kushindwa Kupumua)]",120,9,3
2026-08-14,40.2307135,3.392171,Mandera,Mandera West,Takaba,Bulla Milimani ,Cattle,"[Lameness (Kushindwa kutembea), Wounds on Legs & mouth, Discharge from the eyes (Machozi), Diarrhoea (Kuhara), Difficulty breathing (Kushindwa Kupumua), Sudden Death (Kifo cha ghafla)]",40,10,1
2026-08-18,0.0,0.0,Mandera,Lafey,Warankara,Barmile ,Goats,"[Nasal discharges (Makamasi), Difficulty breathing (Kushindwa Kupumua), Lameness (Kushindwa kutembea), Pouring Saliva (Kumwaga mate)]",49,7,2
2026-08-17,0.0,0.0,Mandera,Lafey,Warankara,Bambo ,Camel,"[Diarrhoea (Kuhara), Nasal discharges (Makamasi), Discharge from the eyes (Machozi), Difficulty breathing (Kushindwa Kupumua), Lamess (Kushindwa kutembea)]",31,4,2
2026-08-15,37.6419447,0.5050842,Isiolo,Isiolo,Ngare Mara,Aregae,Sheep,"[Nasal discharges (Makamasi), Discharge from the eyes (Machozi), Diarrhoea (Kuhara), Others]",6,2,0
2026-08-08,0.0,0.0,Mandera,Lafey,Warankara,Bambo ,Cattle,"[Sudden Death (Kifo cha ghafla), Difficulty breathing (Kushindwa Kupumua), Lameness (Kushindwa kutembea)]",36,6,2
2026-08-18,41.8585298,3.9374656,Mandera,Mandera West,Takaba,Baba Taka,Sheep,"[Abortions (Mimba Kutoka), Sudden Death (Kifo cha ghafla), Pouring Saliva (Kumwaga mate), Lameness (Kushindwa kutembea), Wounds on Legs & mouth, Difficulty breathing (Kushindwa Kupumua), Nasal discharges (Makamasi), Discharge from the eyes (Machozi), Skin swellings (uvimbe wa ngozi), Diarrhoea (Kuhara), Vomiting (kutapika), Loss of weight]",80,21,8
2026-08-04,0.0,0.0,Mandera,Lafey,Warankara,Bambo ,Camel,"[Sudden Death (Kifo cha ghafla), Wounds on Legs & mouth, Lamess (Kushindwa kutembea), Difficulty breathing (Kushindwa Kupumua), Diarrhoea (Kuhara)]",12,8,3
2026-08-18,0.0,0.0,Mandera,Mandera South,Shimbir Fatuma,Dololo,Goats,[Abortions (Mimba Kutoka)],310,45,7
2026-08-04,0.0,0.0,Mandera,Lafey,Warankara,Bambo ,Goats,"[Nasal discharges (Makamasi), Difficulty breathing (Kushindwa Kupumua), Lameness (Kushindwa kutembea), Sudden Death (Kifo cha ghafla)]",27,4,1
2026-08-16,41.2273429,3.927961,Mandera,Mandera North,Rhamu,Rhamu ,Camel,"[Aggressiveness (Ukali), Skin swellings (uvimbe wa ngozi), Discharge from the eyes (Machozi)]",38,6,0
2026-08-18,41.2198603,3.9332337,Mandera,Mandera North,Rhamu,Rhamu ,Goats,"[Abortions (Mimba Kutoka), Lameness (Kushindwa kutembea), Nasal discharges (Makamasi), Swollen glands]",169,11,0
2026-08-18,0.0,0.0,Mandera,Mandera South,Shimbir Fatuma,Dololo,Goats,[Abortions (Mimba Kutoka)],230,35,2
2026-08-18,41.2204019,3.9329179,Mandera,Mandera North,Rhamu,Rhamu ,Cattle,"[Skin swellings (uvimbe wa ngozi), Diarrhoea (Kuhara), Discharge from the eyes (Machozi), Aggressiveness (Ukali)]",38,4,0
2026-07-28,0.0,0.0,Mandera,Lafey,Warankara,Bambo ,Goats,"[Abortions (Mimba Kutoka), Sudden Death (Kifo cha ghafla)]",121,12,3
2026-08-18,41.2204019,3.9329179,Mandera,Mandera North,Rhamu,Rhamu ,Chicken,"[Sudden Death (Kifo cha ghafla), Diarrhoea (Kuhara), Loss of weight]",28,3,1
2026-08-18,0.0,0.0,Mandera,Mandera South,Shimbir Fatuma,Dololo,Camel,[Swollen glands],65,12,4
2026-08-11,0.0,0.0,Isiolo,Merti,Chari,Qotile,Goats,"[Wounds on Legs & mouth, Diarrhoea (Kuhara)]",128,10,2
2026-08-18,0.0,0.0,Mandera,Mandera South,Shimbir Fatuma,Ano,Goats,[Abortions (Mimba Kutoka)],320,45,2
2026-08-18,0.0,0.0,Mandera,Mandera North,Rhamu,Shantoley ,Goats,"[Abortions (Mimba Kutoka), Lameness (Kushindwa kutembea), Difficulty breathing (Kushindwa Kupumua)]",41,12,0
2026-08-18,0.0,0.0,Mandera,Mandera South,Shimbir Fatuma,Ano,Goats,[Abortions (Mimba Kutoka)],250,45,3
2026-08-18,41.21656500000001,3.932325,Mandera,Mandera North,Rhamu-Dimtu,Yabicho ,Goats,"[Difficulty breathing (Kushindwa Kupumua), Nasal discharges (Makamasi)]",96,17,4
2026-08-18,0.0,0.0,Mandera,Mandera South,Shimbir Fatuma,Eltul,Goats,[Abortions (Mimba Kutoka)],280,35,4
2026-08-18,41.21674500000001,3.932928333333334,Mandera,Mandera North,Rhamu-Dimtu,Yabicho ,Goats,"[Difficulty breathing (Kushindwa Kupumua), Nasal discharges (Makamasi)]",86,16,3
2026-08-18,0.0,0.0,Mandera,Mandera South,Shimbir Fatuma,Dololo,Goats,[Abortions (Mimba Kutoka)],250,25,3
2026-08-18,0.0,0.0,Mandera,Mandera South,Shimbir Fatuma,Dololo,Goats,[Abortions (Mimba Kutoka)],150,21,3
2026-08-18,0.0,0.0,Mandera,Mandera South,Shimbir Fatuma,Dololo,Goats,[Abortions (Mimba Kutoka)],180,15,0
2026-08-18,0.0,0.0,Mandera,Mandera South,Shimbir Fatuma,Dololo,Camel,[Swollen glands],68,25,8
2026-08-18,0.0,0.0,Mandera,Mandera South,Shimbir Fatuma,Gubachaptho,Goats,[Abortions (Mimba Kutoka)],320,65,7
2026-08-18,0.0,0.0,Mandera,Mandera South,Shimbir Fatuma,Ano,Goats,[Abortions (Mimba Kutoka)],410,98,12
2026-08-18,0.0,0.0,Mandera,Mandera South,Shimbir Fatuma,Ano,Goats,[Abortions (Mimba Kutoka)],90,12,2
2026-08-18,0.0,0.0,Mandera,Mandera South,Shimbir Fatuma,Dololo,Goats,[Abortions (Mimba Kutoka)],180,12,0
2026-08-18,0.0,0.0,Mandera,Mandera South,Shimbir Fatuma,Ano,Goats,[Abortions (Mimba Kutoka)],190,25,4
2026-08-06,0.0,0.0,Mandera,Mandera East,Arabia,Othaa,Goats,"[Diarrhoea (Kuhara), Abortions (Mimba Kutoka), Difficulty breathing (Kushindwa Kupumua)]",150,65,15
2026-08-12,0.0,0.0,Mandera,Mandera East,Arabia,Othaaa,Goats,"[Wounds on Legs & mouth, Abortions (Mimba Kutoka), Sudden Death (Kifo cha ghafla)]",250,28,0
2026-07-30,0.0,0.0,Mandera,Mandera East,Arabia,Burgubud,Goats,"[Skin swellings (uvimbe wa ngozi), Abortions (Mimba Kutoka), Pouring Saliva (Kumwaga mate)]",353,251,56
2026-08-03,0.0,0.0,Mandera,Mandera East,Arabia,Othaaa,Goats,"[Skin swellings (uvimbe wa ngozi), Abortions (Mimba Kutoka)]",195,95,12
2026-08-05,0.0,0.0,Mandera,Mandera East,Arabia,Ali bellow ,Goats,"[Skin swellings (uvimbe wa ngozi), Abortions (Mimba Kutoka), Pouring Saliva (Kumwaga mate)]",250,75,126
2026-08-12,0.0,0.0,Mandera,Mandera East,Arabia,Burgubud9,Goats,"[Wounds on Legs & mouth, Skin swellings (uvimbe wa ngozi), Abortions (Mimba Kutoka)]",132,23,5
2026-08-10,0.0,0.0,Mandera,Mandera East,Arabia,Burgubud,Goats,"[Abortions (Mimba Kutoka), Bleeding from openings (Kuvunja damu)]",56,23,12
2026-08-13,0.0,0.0,Mandera,Mandera East,Arabia,Burgubud,Camel,"[Sudden Death (Kifo cha ghafla), Difficulty breathing (Kushindwa Kupumua), Aggressiveness (Ukali)]",23,5,4
2026-08-12,0.0,0.0,Mandera,Mandera East,Arabia,Burgubud,Camel,"[Swollen glands, Abortions (Mimba Kutoka), Wounds on Legs & mouth]",62,22,5
2026-08-06,0.0,0.0,Mandera,Mandera East,Arabia,Hegalow,Camel,"[Swollen glands, Abortions (Mimba Kutoka), Pouring Saliva (Kumwaga mate)]",65,25,6
2026-08-05,0.0,0.0,Mandera,Mandera South,Shimbir Fatuma,Dololo,Goats,[Skin swellings (uvimbe wa ngozi)],150,45,0
2026-07-30,0.0,0.0,Mandera,Mandera East,Arabia,Hegalow,Goats,"[Abortions (Mimba Kutoka), Bleeding from openings (Kuvunja damu), Wounds on Legs & mouth]",54,21,9
2026-08-08,0.0,0.0,Mandera,Mandera East,Arabia,Othaaa,Sheep,"[Abortions (Mimba Kutoka), Pouring Saliva (Kumwaga mate), Diarrhoea (Kuhara)]",66,21,11
2026-07-30,0.0,0.0,Mandera,Mandera East,Arabia,Othaaa,Camel,"[Swollen glands, Abortions (Mimba Kutoka), Bleeding from openings (Kuvunja damu)]",95,28,14
2026-08-03,0.0,0.0,Mandera,Mandera East,Arabia,Hegalow  ,Goats,"[Abortions (Mimba Kutoka), Bleeding from openings (Kuvunja damu), Discharge from the eyes (Machozi)]",503,56,13
2026-08-06,0.0,0.0,Mandera,Mandera East,Arabia,Hegalow,Camel,"[Swollen glands, Sudden Death (Kifo cha ghafla)]",38,12,4
2026-08-10,0.0,0.0,Mandera,Mandera East,Arabia,Burgubud,Camel,"[Swollen glands, Abortions (Mimba Kutoka), Difficulty breathing (Kushindwa Kupumua)]",65,23,7
2026-08-08,0.0,0.0,Mandera,Mandera East,Arabia,Odhaa,Goats,"[Skin swellings (uvimbe wa ngozi), Abortions (Mimba Kutoka), Difficulty breathing (Kushindwa Kupumua)]",123,33,1
2026-08-05,0.0,0.0,Mandera,Mandera East,Arabia,Burgubud,Camel,"[Aggressiveness (Ukali), Abortions (Mimba Kutoka)]",65,17,2
2026-08-05,0.0,0.0,Mandera,Mandera East,Arabia,Hegalow,Sheep,"[Diarrhoea (Kuhara), Difficulty breathing (Kushindwa Kupumua)]",65,32,7
2026-08-12,0.0,0.0,Mandera,Mandera East,Arabia,Othaa,Sheep,"[Abortions (Mimba Kutoka), Bleeding from openings (Kuvunja damu), Discharge from the eyes (Machozi)]",180,25,13
2026-08-10,0.0,0.0,Mandera,Mandera East,Arabia,Hegalow,Goats,"[Abortions (Mimba Kutoka), Difficulty breathing (Kushindwa Kupumua), Diarrhoea (Kuhara)]",423,151,6
2026-07-19,0.0,0.0,Mandera,Lafey,Sala,jabi,Goats,"[Abortions (Mimba Kutoka), Pouring Saliva (Kumwaga mate), Lameness (Kushindwa kutembea), Wounds on Legs & mouth, Difficulty breathing (Kushindwa Kupumua), Nasal discharges (Makamasi), Diarrhoea (Kuhara), Skin swellings (uvimbe wa ngozi)]",400,20,5
2026-07-19,40.8619002,3.5570754,Mandera,Mandera North,Morothile,Marothile ,Goats,"[Abortions (Mimba Kutoka), Difficulty breathing (Kushindwa Kupumua), Nasal discharges (Makamasi), Diarrhoea (Kuhara)]",113,11,2
2026-07-19,0.0,0.0,Mandera,Lafey,Sala,jabi,Goats,"[Abortions (Mimba Kutoka), Bleeding from openings (Kuvunja damu), Pouring Saliva (Kumwaga mate), Lameness (Kushindwa kutembea), Wounds on Legs & mouth, Difficulty breathing (Kushindwa Kupumua), Nasal discharges (Makamasi)]",100,15,3
2026-07-19,40.8619002,3.5570754,Mandera,Mandera North,Morothile,Marothile ,Goats,"[Abortions (Mimba Kutoka), Difficulty breathing (Kushindwa Kupumua), Nasal discharges (Makamasi), Diarrhoea (Kuhara)]",163,18,4
2026-07-19,0.0,0.0,Mandera,Lafey,Sala,jabi,Sheep,"[Abortions (Mimba Kutoka), Pouring Saliva (Kumwaga mate), Lameness (Kushindwa kutembea), Wounds on Legs & mouth, Difficulty breathing (Kushindwa Kupumua), Nasal discharges (Makamasi)]",200,10,3
2026-07-19,40.8619002,3.5570754,Mandera,Mandera North,Morothile,Marothile ,Goats,"[Abortions (Mimba Kutoka), Difficulty breathing (Kushindwa Kupumua), Nasal discharges (Makamasi), Diarrhoea (Kuhara)]",119,13,3
2026-07-19,0.0,0.0,Mandera,Lafey,Sala,jabi,Camel,"[Abortions (Mimba Kutoka), Bleeding from openings (Kuvunja damu), Pouring Saliva (Kumwaga mate), Lamess (Kushindwa kutembea), Wounds on Legs & mouth, Difficulty breathing (Kushindwa Kupumua), Skin swellings (uvimbe wa ngozi)]",300,15,3
2026-07-19,41.0738922,3.0576814,Mandera,Lafey,Alango Gof,Alungo ,Goats,[Diarrhoea (Kuhara)],93,15,1
2026-07-19,40.8619002,3.5570754,Mandera,Mandera North,Morothile,Marothile ,Goats,"[Abortions (Mimba Kutoka), Difficulty breathing (Kushindwa Kupumua), Nasal discharges (Makamasi), Diarrhoea (Kuhara)]",176,12,5
2026-07-19,0.0,0.0,Mandera,Lafey,Sala,jabi,Cattle,"[Abortions (Mimba Kutoka), Pouring Saliva (Kumwaga mate), Aggressiveness (Ukali), Lameness (Kushindwa kutembea), Wounds on Legs & mouth]",150,20,5
2026-07-19,40.8619002,3.5570754,Mandera,Mandera North,Morothile,Marothile ,Sheep,"[Abortions (Mimba Kutoka), Difficulty breathing (Kushindwa Kupumua), Nasal discharges (Makamasi), Diarrhoea (Kuhara), Loss of weight]",118,12,2
2026-07-19,0.0,0.0,Mandera,Lafey,Sala,jabi,Goats,"[Abortions (Mimba Kutoka), Lameness (Kushindwa kutembea), Wounds on Legs & mouth, Difficulty breathing (Kushindwa Kupumua), Nasal discharges (Makamasi)]",80,8,2
2026-07-19,0.0,0.0,Mandera,Lafey,Sala,jabi,Sheep,"[Abortions (Mimba Kutoka), Pouring Saliva (Kumwaga mate), Lameness (Kushindwa kutembea), Wounds on Legs & mouth, Difficulty breathing (Kushindwa Kupumua), Nasal discharges (Makamasi), Skin swellings (uvimbe wa ngozi)]",120,12,4
2026-07-19,41.0836525,3.0724266,Mandera,Lafey,Alango Gof,Alungo ,Goats,[Abortions (Mimba Kutoka)],87,7,1
2026-07-19,41.0836525,3.0724266,Mandera,Lafey,Alango Gof,Alungo ,Goats,"[Difficulty breathing (Kushindwa Kupumua), Nasal discharges (Makamasi)]",80,15,2
2026-07-19,41.0836525,3.0724266,Mandera,Lafey,Alango Gof,Alungo ,Sheep,[Nasal discharges (Makamasi)],50,10,0
2026-07-19,0.0,0.0,Mandera,Lafey,Sala,jabi,Camel,"[Abortions (Mimba Kutoka), Pouring Saliva (Kumwaga mate), Aggressiveness (Ukali), Lamess (Kushindwa kutembea), Wounds on Legs & mouth, Difficulty breathing (Kushindwa Kupumua), Skin swellings (uvimbe wa ngozi)]",100,11,3
2026-07-19,0.0,0.0,Mandera,Lafey,Sala,jabi,Goats,"[Abortions (Mimba Kutoka), Pouring Saliva (Kumwaga mate), Lameness (Kushindwa kutembea), Wounds on Legs & mouth, Difficulty breathing (Kushindwa Kupumua), Nasal discharges (Makamasi)]",130,16,2
2026-07-19,41.0836525,3.0724266,Mandera,Lafey,Alango Gof,Alungo ,Sheep,"[Difficulty breathing (Kushindwa Kupumua), Discharge from the eyes (Machozi)]",50,10,1
2026-07-19,40.8619002,3.5570754,Mandera,Mandera North,Morothile,Marothile ,Sheep,"[Abortions (Mimba Kutoka), Difficulty breathing (Kushindwa Kupumua), Nasal discharges (Makamasi), Diarrhoea (Kuhara)]",119,12,3
2026-07-19,41.0836525,3.0724266,Mandera,Lafey,Alango Gof,Alungo ,Chicken,[Diarrhoea (Kuhara)],20,3,1
2026-07-19,0.0,0.0,Mandera,Lafey,Sala,jabi,Cattle,"[Abortions (Mimba Kutoka), Bleeding from openings (Kuvunja damu), Aggressiveness (Ukali), Lameness (Kushindwa kutembea), Difficulty breathing (Kushindwa Kupumua), Wounds on Legs & mouth]",50,8,1
2026-07-19,40.8619002,3.5570754,Mandera,Mandera North,Morothile,Marothile ,Goats,"[Abortions (Mimba Kutoka), Difficulty breathing (Kushindwa Kupumua), Nasal discharges (Makamasi), Diarrhoea (Kuhara)]",100,11,0
2026-07-19,41.0836525,3.0724266,Mandera,Lafey,Alango Gof,Alungo ,Goats,"[Discharge from the eyes (Machozi), Nasal discharges (Makamasi), Difficulty breathing (Kushindwa Kupumua)]",100,30,3
2026-07-19,0.0,0.0,Mandera,Mandera East,Township,BP1,Cattle,[Diarrhoea (Kuhara)],30,2,0
2026-07-19,41.0836525,3.0724266,Mandera,Lafey,Alango Gof,Alungo ,Goats,"[Nasal discharges (Makamasi), Difficulty breathing (Kushindwa Kupumua)]",70,20,3
2026-07-19,41.8586014,3.9371542,Mandera,Mandera West,Takaba,Alokona,Sheep,"[Abortions (Mimba Kutoka), Sudden Death (Kifo cha ghafla), Lameness (Kushindwa kutembea), Wounds on Legs & mouth, Difficulty breathing (Kushindwa Kupumua), Nasal discharges (Makamasi), Discharge from the eyes (Machozi), Skin swellings (uvimbe wa ngozi), Diarrhoea (Kuhara), Loss of weight]",115,41,11
2026-07-19,40.7999207,4.1793321,Mandera,Banissa,Malkamari,Hullow,Sheep,"[Lameness (Kushindwa kutembea), Nasal discharges (Makamasi), Discharge from the eyes (Machozi), Diarrhoea (Kuhara)]",11,5,1
2026-07-19,40.7999207,4.1793321,Mandera,Banissa,Malkamari,Hullow,Sheep,"[Lameness (Kushindwa kutembea), Nasal discharges (Makamasi), Discharge from the eyes (Machozi), Diarrhoea (Kuhara)]",10,6,2
2026-07-19,0.0,0.0,Mandera,Mandera East,Township,BP1,Sheep,[Abortions (Mimba Kutoka)],15,1,0
2026-07-19,40.7999207,4.1793321,Mandera,Banissa,Malkamari,Hullow,Goats,"[Lameness (Kushindwa kutembea), Nasal discharges (Makamasi), Discharge from the eyes (Machozi), Bloody Faeces]",24,18,7
2026-07-19,40.7999207,4.1793321,Mandera,Banissa,Malkamari,Hullow,Goats,"[Lameness (Kushindwa kutembea), Nasal discharges (Makamasi), Discharge from the eyes (Machozi), Bloody Faeces]",26,15,9
2026-07-19,41.0836525,3.0724266,Mandera,Lafey,Alango Gof,Alungo ,Goats,"[Difficulty breathing (Kushindwa Kupumua), Nasal discharges (Makamasi)]",90,21,2
2026-07-19,40.7999207,4.1793321,Mandera,Banissa,Malkamari,Hullow,Camel,"[Lamess (Kushindwa kutembea), Wounds on Legs & mouth, Discharge from the eyes (Machozi), Swollen glands]",13,5,1
2026-07-19,41.218525,3.931971666666666,Mandera,Mandera North,Rhamu-Dimtu,Yabicho ,Goats,"[Difficulty breathing (Kushindwa Kupumua), Nasal discharges (Makamasi)]",99,18,4
2026-07-19,41.0738922,3.0576814,Mandera,Lafey,Alango Gof,Alungo ,Goats,"[Nasal discharges (Makamasi), Discharge from the eyes (Machozi)]",95,30,3
2026-07-19,41.21678,3.931133333333333,Mandera,Mandera North,Rhamu-Dimtu,Yabicho ,Goats,"[Difficulty breathing (Kushindwa Kupumua), Nasal discharges (Makamasi)]",95,17,3
2026-07-19,40.7999207,4.1793321,Mandera,Banissa,Malkamari,Hullow,Camel,"[Lamess (Kushindwa kutembea), Wounds on Legs & mouth, Discharge from the eyes (Machozi), Swollen glands]",7,5,1
2026-07-19,40.8682209,3.5503646,Mandera,Mandera North,Morothile,Marothile ,Goats,"[Abortions (Mimba Kutoka), Difficulty breathing (Kushindwa Kupumua), Nasal discharges (Makamasi), Diarrhoea (Kuhara)]",211,17,3
2026-07-19,40.2295205,3.3932826,Mandera,Mandera West,Takaba,Bulla Milimani ,Camel,"[Lamess (Kushindwa kutembea), Wounds on Legs & mouth, Difficulty breathing (Kushindwa Kupumua), Skin swellings (uvimbe wa ngozi), Diarrhoea (Kuhara), Nasal discharges (Makamasi), Discharge from the eyes (Machozi)]",40,10,2
2026-07-19,0.0,0.0,Mandera,Mandera West,Takaba South,Waigadahan ,Cattle,"[Abortions (Mimba Kutoka), Sudden Death (Kifo cha ghafla), Bleeding from openings (Kuvunja damu), Pouring Saliva (Kumwaga mate), Aggressiveness (Ukali), Lameness (Kushindwa kutembea), Difficulty breathing (Kushindwa Kupumua), Wounds on Legs & mouth, Skin swellings (uvimbe wa ngozi), Diarrhoea (Kuhara), Swollen glands, Bloody Faeces, Vomiting (kutapika), Nasal discharges (Makamasi), Discharge from the eyes (Machozi), Others]",50,25,10
2026-07-19,0.0,0.0,Mandera,Mandera South,Kutulo,Sukela Dima ,Chicken,[Swollen wattles and comb],16,10,9
2026-07-19,0.0,0.0,Marsabit,Moyale,Sololo,Adan,Goats,"[Abortions (Mimba Kutoka), Nasal discharges (Makamasi)]",89,5,3
2026-07-19,0.0,0.0,Marsabit,Moyale,Sololo,Abrob,Camel,"[Bleeding from openings (Kuvunja damu), Diarrhoea (Kuhara)]",56,5,0
2026-07-19,0.0,0.0,Marsabit,Moyale,Sololo,Adan,Goats,"[Abortions (Mimba Kutoka), Discharge from the eyes (Machozi), Swollen glands]",9,1,0
2026-07-19,0.0,0.0,Marsabit,Moyale,Sololo,Qalicha,Sheep,"[Abortions (Mimba Kutoka), Nasal discharges (Makamasi)]",80,5,2
2026-07-19,0.0,0.0,Marsabit,Moyale,Sololo,Adan,Goats,"[Abortions (Mimba Kutoka), Nasal discharges (Makamasi)]",90,5,2
2026-07-19,41.81959840469062,3.930606949143112,Mandera,Mandera East,Neboi,Shafshafey,Goats,"[Lameness (Kushindwa kutembea), Nasal discharges (Makamasi)]",45,2,0
2026-07-20,40.7999207,4.1793321,Mandera,Banissa,Malkamari,Hullow,Goats,"[Lameness (Kushindwa kutembea), Nasal discharges (Makamasi), Discharge from the eyes (Machozi), Bloody Faeces]",30,16,3
2026-07-19,41.8194424174726,3.930646637454629,Mandera,Mandera East,Neboi,Shafshafey,Sheep,"[Lameness (Kushindwa kutembea), Nasal discharges (Makamasi)]",36,2,0
2026-07-21,0.0,0.0,Mandera,Mandera South,Shimbir Fatuma,Dololo,Camel,[Swollen glands],75,21,9
2026-07-20,40.7999207,4.1793321,Mandera,Banissa,Malkamari,Hullow,Sheep,"[Lameness (Kushindwa kutembea), Nasal discharges (Makamasi), Discharge from the eyes (Machozi), Diarrhoea (Kuhara)]",11,5,2
2026-07-19,40.8682209,3.5503646,Mandera,Mandera North,Morothile,Marothile ,Goats,"[Abortions (Mimba Kutoka), Difficulty breathing (Kushindwa Kupumua), Nasal discharges (Makamasi), Diarrhoea (Kuhara)]",158,6,0
2026-07-20,40.7999207,4.1793321,Mandera,Banissa,Malkamari,Hullow,Camel,"[Lamess (Kushindwa kutembea), Wounds on Legs & mouth, Discharge from the eyes (Machozi), Swollen glands]",18,11,2
2026-07-19,40.8682209,3.5503646,Mandera,Mandera North,Morothile,Marothile ,Sheep,"[Abortions (Mimba Kutoka), Difficulty breathing (Kushindwa Kupumua), Nasal discharges (Makamasi), Diarrhoea (Kuhara), Loss of weight]",125,19,6
2026-07-19,40.8682209,3.5503646,Mandera,Mandera North,Morothile,Marothile ,Goats,"[Abortions (Mimba Kutoka), Difficulty breathing (Kushindwa Kupumua), Nasal discharges (Makamasi), Diarrhoea (Kuhara)]",119,13,3
2026-07-20,40.8034009,2.559297,Mandera,Mandera South,Kutulo,Unknown,Camel,[Abortions (Mimba Kutoka)],51,2,3
2026-07-20,40.7999207,4.1793321,Mandera,Banissa,Malkamari,Hullow,Goats,"[Lameness (Kushindwa kutembea), Nasal discharges (Makamasi), Discharge from the eyes (Machozi), Bloody Faeces]",41,23,5
2026-07-20,40.8034009,2.559297,Mandera,Mandera South,Kutulo,Unknown,Cattle,[Sudden Death (Kifo cha ghafla)],153,1,3
2026-07-20,40.7999207,4.1793321,Mandera,Banissa,Malkamari,Hullow,Sheep,"[Lameness (Kushindwa kutembea), Nasal discharges (Makamasi), Discharge from the eyes (Machozi), Diarrhoea (Kuhara)]",14,9,2
2026-07-20,40.8034009,2.559297,Mandera,Mandera South,Kutulo,Unknown,Cattle,[Sudden Death (Kifo cha ghafla)],152,2,3
2026-07-20,41.8584792,3.9369882,Mandera,Mandera West,Takaba,Sukela Qalqacha,Camel,"[Abortions (Mimba Kutoka), Sudden Death (Kifo cha ghafla), Lamess (Kushindwa kutembea), Difficulty breathing (Kushindwa Kupumua), Skin swellings (uvimbe wa ngozi), Diarrhoea (Kuhara), Swollen glands, Nasal discharges (Makamasi), Discharge from the eyes (Machozi)]",78,15,3
2026-07-20,40.7999207,4.1793321,Mandera,Banissa,Malkamari,Hullow,Camel,"[Lamess (Kushindwa kutembea), Wounds on Legs & mouth, Discharge from the eyes (Machozi), Swollen glands]",6,4,1
2026-07-20,41.4148117,3.3727569,Mandera,Lafey,Fino,Duntow,Sheep,"[Difficulty breathing (Kushindwa Kupumua), Nasal discharges (Makamasi), Diarrhoea (Kuhara)]",50,30,20
2026-07-20,34.862895281863274,3.7094712344452656,Turkana,Turkana West,Lopur,Kangitesiroi ,Goats,[Difficulty breathing (Kushindwa Kupumua)],123,4,2
2026-07-20,40.8034009,2.559297,Mandera,Mandera South,Kutulo,Unknown,Camel,[Abortions (Mimba Kutoka)],86,2,9
2026-07-20,40.8034009,2.559297,Mandera,Mandera South,Kutulo,Unknown,Camel,[Sudden Death (Kifo cha ghafla)],120,2,1
2026-07-20,35.848615,2.6631458,Turkana,Turkana South,Lokichar,Napusimoru,Goats,[Nasal discharges (Makamasi)],511,15,0
2026-07-20,40.8034009,2.559297,Mandera,Mandera South,Kutulo,Unknown,Cattle,[Abortions (Mimba Kutoka)],127,3,1
2026-07-20,0.0,0.0,Mandera,Mandera East,Township,BP1,Goats,[Diarrhoea (Kuhara)],47,3,0
2026-07-20,0.0,0.0,Mandera,Mandera South,Elwak South,El Hache,Cattle,"[Lameness (Kushindwa kutembea), Diarrhoea (Kuhara)]",289,16,3
2026-07-20,40.2295205,3.3937749,Mandera,Mandera West,Takaba,Bulla Elwka ,Goats,"[Lameness (Kushindwa kutembea), Difficulty breathing (Kushindwa Kupumua), Nasal discharges (Makamasi), Discharge from the eyes (Machozi), Diarrhoea (Kuhara), Skin swellings (uvimbe wa ngozi)]",40,20,3
2026-07-20,0.0,0.0,Mandera,Mandera South,Elwak South,El Hache ,Cattle,"[Nasal discharges (Makamasi), Diarrhoea (Kuhara)]",599,16,9
2026-07-20,40.8034009,2.559297,Mandera,Mandera South,Kutulo,Unknown,Camel,[Abortions (Mimba Kutoka)],123,8,9
2026-07-20,41.81932155042887,3.93061738461256,Mandera,Mandera East,Neboi,Shafshafey,Goats,"[Abortions (Mimba Kutoka), Lameness (Kushindwa kutembea)]",42,2,0
2026-07-20,40.8034009,2.559297,Mandera,Mandera South,Kutulo,Unknown,Camel,[Abortions (Mimba Kutoka)],145,2,6
2026-07-20,0.0,0.0,Mandera,Mandera South,Elwak South,Bula dana,Sheep,"[Lameness (Kushindwa kutembea), Nasal discharges (Makamasi)]",637,18,5
2026-07-20,0.0,0.0,Mandera,Mandera South,Elwak South,Bula  Eladi ,Camel,"[Lamess (Kushindwa kutembea), Diarrhoea (Kuhara)]",361,12,5
2026-07-20,0.0,0.0,Mandera,Mandera South,Elwak South,Bula  Safara,Goats,"[Difficulty breathing (Kushindwa Kupumua), Nasal discharges (Makamasi)]",951,25,10
2026-07-20,41.81921225041151,3.930657617747784,Mandera,Mandera East,Neboi,Shafshafey,Sheep,"[Difficulty breathing (Kushindwa Kupumua), Nasal discharges (Makamasi)]",33,2,0
2026-07-20,40.8034009,2.559297,Mandera,Mandera South,Kutulo,Unknown,Cattle,[Abortions (Mimba Kutoka)],142,2,3
2026-07-20,40.8034009,2.559297,Mandera,Mandera South,Kutulo,Unknown,Camel,[Abortions (Mimba Kutoka)],142,2,2
2026-07-20,41.4148117,3.3727569,Mandera,Lafey,Fino,Fino,Goats,"[Difficulty breathing (Kushindwa Kupumua), Diarrhoea (Kuhara), Nasal discharges (Makamasi)]",50,30,20
2026-07-19,41.8585715,3.9371304,Mandera,Mandera West,Takaba,Sukela qalqalacha,Chicken,"[Sudden Death (Kifo cha ghafla), Discoloured Faeces, Nasal discharges (Makamasi), Diarrhoea (Kuhara), Loss of weight, Swollen wattles and comb, Soft shelled eggs, Purple discoloration of wattles and combs]",153,58,21
2026-07-20,0.0,0.0,Mandera,Mandera South,Elwak South,Bula Dana,Goats,"[Nasal discharges (Makamasi), Difficulty breathing (Kushindwa Kupumua), Lameness (Kushindwa kutembea)]",831,24,9
2026-07-20,0.0,0.0,Mandera,Mandera South,Elwak South,Bula  Elgarsu,Goats,"[Nasal discharges (Makamasi), Discharge from the eyes (Machozi)]",279,21,8
2026-07-20,41.4148117,3.3727569,Mandera,Lafey,Fino,Sheikh Barrow,Camel,"[Pouring Saliva (Kumwaga mate), Skin swellings (uvimbe wa ngozi), Swollen glands]",50,30,20
2026-07-20,0.0,0.0,Mandera,Mandera South,Elwak South,Unknown,Camel,"[Diarrhoea (Kuhara), Discharge from the eyes (Machozi)]",178,5,0
2026-07-20,0.0,0.0,Mandera,Mandera South,Elwak South,Bula     Safara,Goats,"[Lameness (Kushindwa kutembea), Nasal discharges (Makamasi), Discharge from the eyes (Machozi)]",312,9,3
2026-07-20,40.8625323,3.5563062,Mandera,Mandera North,Morothile,Marothile ,Goats,"[Abortions (Mimba Kutoka), Difficulty breathing (Kushindwa Kupumua), Nasal discharges (Makamasi), Diarrhoea (Kuhara)]",158,6,1
2026-07-20,40.8625323,3.5563062,Mandera,Mandera North,Morothile,Marothile ,Sheep,"[Abortions (Mimba Kutoka), Difficulty breathing (Kushindwa Kupumua), Nasal discharges (Makamasi), Diarrhoea (Kuhara)]",65,9,2
2026-07-20,0.0,0.0,Mandera,Mandera South,Elwak South,Bula Wajir,Sheep,"[Lameness (Kushindwa kutembea), Nasal discharges (Makamasi)]",321,16,7
2026-07-20,40.8625323,3.5563062,Mandera,Mandera North,Morothile,Marothile ,Goats,"[Abortions (Mimba Kutoka), Difficulty breathing (Kushindwa Kupumua), Nasal discharges (Makamasi), Diarrhoea (Kuhara)]",119,12,3
2026-07-20,0.0,0.0,Mandera,Mandera South,Elwak South,Bula    El Safara,Camel,"[Diarrhoea (Kuhara), Nasal discharges (Makamasi)]",632,25,6
2026-07-20,40.8625323,3.5563062,Mandera,Mandera North,Morothile,Marothile ,Goats,"[Abortions (Mimba Kutoka), Difficulty breathing (Kushindwa Kupumua), Nasal discharges (Makamasi), Diarrhoea (Kuhara)]",116,13,3
2026-07-20,41.8470067,3.9244983,Mandera,Banissa,Banissa,Handrak ,Goats,[Nasal discharges (Makamasi)],311,6,1
2026-07-20,0.0,0.0,Mandera,Mandera South,Elwak South,Bula ,Goats,"[Lameness (Kushindwa kutembea), Nasal discharges (Makamasi), Discharge from the eyes (Machozi)]",451,31,11
2026-07-20,41.8461805,3.9243413,Mandera,Banissa,Banissa,Shobtoy ,Goats,[Discharge from the eyes (Machozi)],200,3,1
2026-07-20,40.8625323,3.5563062,Mandera,Mandera North,Morothile,Marothile ,Goats,"[Abortions (Mimba Kutoka), Difficulty breathing (Kushindwa Kupumua), Nasal discharges (Makamasi), Diarrhoea (Kuhara)]",251,21,6
2026-07-20,40.8625323,3.5563062,Mandera,Mandera North,Morothile,Marothile ,Goats,"[Abortions (Mimba Kutoka), Difficulty breathing (Kushindwa Kupumua), Nasal discharges (Makamasi), Diarrhoea (Kuhara)]",119,11,6
2026-07-20,41.8473913,3.9245098,Mandera,Banissa,Banissa,Soroba ,Goats,[Difficulty breathing (Kushindwa Kupumua)],290,11,1
2026-07-20,0.0,0.0,Mandera,Mandera South,Elwak South,Bula  Wajir,Goats,"[Lameness (Kushindwa kutembea), Difficulty breathing (Kushindwa Kupumua), Nasal discharges (Makamasi)]",597,35,12
2026-07-20,41.82100346311927,3.932120720855892,Mandera,Mandera East,Neboi,Shafshafey,Goats,"[Nasal discharges (Makamasi), Skin swellings (uvimbe wa ngozi)]",47,1,0
2026-07-20,40.8625323,3.5563062,Mandera,Mandera North,Morothile,Marothile ,Goats,"[Abortions (Mimba Kutoka), Difficulty breathing (Kushindwa Kupumua), Nasal discharges (Makamasi), Diarrhoea (Kuhara)]",158,12,5
2026-07-20,0.0,0.0,Mandera,Mandera South,Elwak South,Bula Wajir,Goats,"[Lameness (Kushindwa kutembea), Nasal discharges (Makamasi), Diarrhoea (Kuhara)]",851,25,9
2026-07-20,40.8625323,3.5563062,Mandera,Mandera North,Morothile,Marothile ,Goats,"[Abortions (Mimba Kutoka), Difficulty breathing (Kushindwa Kupumua), Nasal discharges (Makamasi), Diarrhoea (Kuhara)]",119,6,0
2026-07-20,41.821195827797055,3.932104124687612,Mandera,Mandera East,Neboi,Shafshafey,Sheep,"[Lameness (Kushindwa kutembea), Nasal discharges (Makamasi)]",40,2,0
2026-07-20,0.0,0.0,Mandera,Mandera South,Elwak South,Bula Wajir ,Sheep,"[Lameness (Kushindwa kutembea), Nasal discharges (Makamasi)]",636,19,6
2026-07-20,40.7999207,4.1793321,Mandera,Banissa,Malkamari,Hullow,Camel,"[Lamess (Kushindwa kutembea), Wounds on Legs & mouth, Discharge from the eyes (Machozi), Swollen glands]",17,9,2
2026-07-20,40.8625323,3.5563062,Mandera,Mandera North,Morothile,Marothile ,Goats,"[Abortions (Mimba Kutoka), Difficulty breathing (Kushindwa Kupumua), Nasal discharges (Makamasi), Diarrhoea (Kuhara)]",165,11,2
2026-07-20,40.7999207,4.1793321,Mandera,Banissa,Malkamari,Hullow,Sheep,"[Lameness (Kushindwa kutembea), Nasal discharges (Makamasi), Discharge from the eyes (Machozi), Diarrhoea (Kuhara)]",6,2,0
2026-07-20,41.8470067,3.9244983,Mandera,Banissa,Banissa,Domal ,Goats,[Diarrhoea (Kuhara)],302,6,1
2026-07-20,39.0832832,3.5275521,Marsabit,Moyale,Heillu/Manyatta,Kashu Ali,Goats,"[Sudden Death (Kifo cha ghafla), Lameness (Kushindwa kutembea)]",38,3,1
2026-07-20,40.7999207,4.1793321,Mandera,Banissa,Malkamari,Hullow,Goats,"[Lameness (Kushindwa kutembea), Nasal discharges (Makamasi), Discharge from the eyes (Machozi), Bloody Faeces]",22,11,8
2026-07-19,40.8682209,3.5503646,Mandera,Mandera North,Morothile,Marothile ,Camel,"[Skin swellings (uvimbe wa ngozi), Swollen glands, Discharge from the eyes (Machozi)]",65,5,0
2026-07-21,41.82128895074129,3.9320136420428753,Mandera,Mandera East,Neboi,Shafshaf,Goats,"[Abortions (Mimba Kutoka), Lameness (Kushindwa kutembea)]",43,1,0
2026-07-19,40.8682209,3.5503646,Mandera,Mandera North,Morothile,Marothile ,Goats,"[Abortions (Mimba Kutoka), Difficulty breathing (Kushindwa Kupumua), Nasal discharges (Makamasi), Diarrhoea (Kuhara)]",153,12,2
2026-07-21,40.7999207,4.1793321,Mandera,Banissa,Malkamari,Hullow,Goats,"[Lameness (Kushindwa kutembea), Nasal discharges (Makamasi), Discharge from the eyes (Machozi), Bloody Faeces]",36,19,8
2026-07-21,40.7999207,4.1793321,Mandera,Banissa,Malkamari,Hullow,Sheep,"[Lameness (Kushindwa kutembea), Nasal discharges (Makamasi), Discharge from the eyes (Machozi), Diarrhoea (Kuhara)]",6,6,2
2026-07-21,40.7999207,4.1793321,Mandera,Banissa,Malkamari,Hullow,Goats,"[Lameness (Kushindwa kutembea), Nasal discharges (Makamasi), Discharge from the eyes (Machozi), Bloody Faeces]",16,7,3
2026-07-21,40.7999207,4.1793321,Mandera,Banissa,Malkamari,Hullow,Camel,"[Lamess (Kushindwa kutembea), Wounds on Legs & mouth, Discharge from the eyes (Machozi), Swollen glands]",3,3,1
2026-07-20,0.0,0.0,Marsabit,Moyale,Sololo,Halake,Goats,[Abortions (Mimba Kutoka)],23,5,0
2026-07-21,40.7999207,4.1793321,Mandera,Banissa,Malkamari,Hullow,Camel,"[Lamess (Kushindwa kutembea), Wounds on Legs & mouth, Discharge from the eyes (Machozi), Swollen glands]",13,6,1
2026-07-21,40.7999207,4.1793321,Mandera,Banissa,Malkamari,Hullow,Sheep,"[Lameness (Kushindwa kutembea), Nasal discharges (Makamasi), Discharge from the eyes (Machozi), Diarrhoea (Kuhara)]",12,8,3
2026-07-21,41.81946814991534,3.930651750415564,Mandera,Mandera East,Neboi,Shafshafey,Sheep,"[Lameness (Kushindwa kutembea), Nasal discharges (Makamasi)]",29,1,0
2026-07-20,41.2204279,3.9329188,Mandera,Mandera North,Rhamu,Rhamu ,Cattle,"[Lameness (Kushindwa kutembea), Aggressiveness (Ukali), Diarrhoea (Kuhara)]",23,3,0
2026-07-21,41.2203355,3.9331212,Mandera,Mandera North,Rhamu,Rhamu ,Goats,"[Abortions (Mimba Kutoka), Lameness (Kushindwa kutembea), Nasal discharges (Makamasi), Discharge from the eyes (Machozi)]",159,11,1
2026-07-21,41.2203355,3.9331212,Mandera,Mandera North,Rhamu,Rhamu ,Sheep,"[Pouring Saliva (Kumwaga mate), Nasal discharges (Makamasi), Discharge from the eyes (Machozi), Skin swellings (uvimbe wa ngozi), Diarrhoea (Kuhara)]",67,8,0
2026-07-21,41.7098967,3.97374,Mandera,Mandera East,Khalalio,Bur Abor,Goats,"[Diarrhoea (Kuhara), Skin swellings (uvimbe wa ngozi)]",60,9,0
2026-07-21,41.2203355,3.9331212,Mandera,Mandera North,Rhamu,Rhamu ,Camel,"[Aggressiveness (Ukali), Lamess (Kushindwa kutembea), Skin swellings (uvimbe wa ngozi), Discharge from the eyes (Machozi)]",59,4,0
2026-07-19,41.710085,3.9736249,Mandera,Mandera East,Khalalio,Bur Abor,Cattle,"[Diarrhoea (Kuhara), Nasal discharges (Makamasi)]",120,20,0
2026-07-21,41.2204022,3.9330293,Mandera,Mandera North,Rhamu,Rhamu ,Cattle,"[Aggressiveness (Ukali), Skin swellings (uvimbe wa ngozi), Diarrhoea (Kuhara)]",22,3,0
2026-07-21,0.0,0.0,Mandera,Mandera East,Township,BP1,Goats,[Difficulty breathing (Kushindwa Kupumua)],24,2,0
2026-07-19,40.3510451,3.9435089,Mandera,Banissa,Banissa,Antharx,Cattle,[Skin swellings (uvimbe wa ngozi)],90,9,4
2026-07-20,41.8473939,3.9245113,Mandera,Banissa,Banissa,Soroba ,Goats,[Discharge from the eyes (Machozi)],250,6,1
2026-07-21,40.7999207,4.1793321,Mandera,Banissa,Malkamari,Hullow,Goats,"[Lameness (Kushindwa kutembea), Nasal discharges (Makamasi), Discharge from the eyes (Machozi), Bloody Faeces]",12,5,2
2026-07-21,40.7999207,4.1793321,Mandera,Banissa,Malkamari,Hullw,Camel,"[Lamess (Kushindwa kutembea), Wounds on Legs & mouth, Discharge from the eyes (Machozi), Swollen glands]",14,8,1
2026-07-21,40.7999207,4.1793321,Mandera,Banissa,Malkamari,Hullow,Sheep,"[Lameness (Kushindwa kutembea), Nasal discharges (Makamasi), Discharge from the eyes (Machozi), Diarrhoea (Kuhara)]",5,4,1
2026-07-21,40.3092879,0.0496897,Garissa,Dadaab,Abakaile,Saretho,Goats,[Wounds on Legs & mouth],150,20,2
2026-07-20,41.847349,3.9244987,Mandera,Banissa,Banissa,Danich ,Goats,[Difficulty breathing (Kushindwa Kupumua)],300,6,1
2026-07-21,41.5426994,3.9462459,Mandera,Mandera East,Lebahiya,ARESA,Camel,"[Swollen glands, Pouring Saliva (Kumwaga mate), Difficulty breathing (Kushindwa Kupumua)]",100,10,5
2026-07-21,41.5426991,3.9462455,Mandera,Mandera East,Lebahiya,Aresa,Goats,"[Difficulty breathing (Kushindwa Kupumua), Skin swellings (uvimbe wa ngozi), Sudden Death (Kifo cha ghafla)]",150,20,5
2026-07-21,40.7999207,4.1793321,Mandera,Banissa,Malkamari,Hullow,Camel,"[Lamess (Kushindwa kutembea), Wounds on Legs & mouth, Swollen glands, Discharge from the eyes (Machozi)]",11,6,2
2026-07-21,41.8447081,3.9254103,Mandera,Banissa,Banissa,Shobtoy ,Goats,[Nasal discharges (Makamasi)],265,6,1
2026-07-21,40.7999207,4.1793321,Mandera,Banissa,Malkamari,Hullow,Sheep,"[Lameness (Kushindwa kutembea), Nasal discharges (Makamasi), Discharge from the eyes (Machozi), Diarrhoea (Kuhara)]",15,9,2
2026-07-21,0.0,0.0,Mandera,Mandera East,Lebahiya,Aresa,Cattle,"[Wounds on Legs & mouth, Swollen glands, Discharge from the eyes (Machozi)]",40,2,1
2026-07-21,40.7999207,4.1793321,Mandera,Banissa,Malkamari,Hullow,Goats,"[Lameness (Kushindwa kutembea), Nasal discharges (Makamasi), Discharge from the eyes (Machozi), Bloody Faeces]",45,23,10
2026-07-21,41.8447081,3.9254103,Mandera,Banissa,Banissa,Domal ,Goats,[Diarrhoea (Kuhara)],265,7,1
2026-07-21,0.0,0.0,Mandera,Lafey,Sala,Sala ,Cattle,[Diarrhoea (Kuhara)],5,3,1
2026-07-21,41.8447081,3.9254103,Mandera,Banissa,Banissa,Soroba ,Goats,[Nasal discharges (Makamasi)],260,5,1
2026-07-21,0.0,0.0,Mandera,Lafey,Sala,Sala ,Goats,[Diarrhoea (Kuhara)],3,2,0
2026-07-21,40.8682209,3.5503646,Mandera,Mandera North,Morothile,Marothile ,Goats,"[Abortions (Mimba Kutoka), Difficulty breathing (Kushindwa Kupumua), Nasal discharges (Makamasi), Diarrhoea (Kuhara)]",161,11,2
2026-07-21,40.8682209,3.5503646,Mandera,Mandera North,Morothile,Marothile ,Sheep,"[Abortions (Mimba Kutoka), Difficulty breathing (Kushindwa Kupumua), Nasal discharges (Makamasi), Diarrhoea (Kuhara), Loss of weight]",116,12,3
2026-07-21,0.0,0.0,Mandera,Lafey,Sala,Sala ,Cattle,[Bloody Faeces],2,1,0
2026-07-21,41.8447081,3.9254103,Mandera,Banissa,Banissa,Danich ,Goats,[Diarrhoea (Kuhara)],255,6,1
2026-07-21,0.0,0.0,Mandera,Lafey,Sala,Sala ,Cattle,[Diarrhoea (Kuhara)],4,3,1
2026-07-21,40.8682209,3.5503646,Mandera,Mandera North,Morothile,Marothile ,Goats,"[Abortions (Mimba Kutoka), Difficulty breathing (Kushindwa Kupumua), Nasal discharges (Makamasi), Diarrhoea (Kuhara)]",185,16,7
2026-07-21,40.8682209,3.5503646,Mandera,Mandera North,Morothile,Marothile ,Goats,"[Abortions (Mimba Kutoka), Difficulty breathing (Kushindwa Kupumua), Nasal discharges (Makamasi), Diarrhoea (Kuhara)]",200,17,7
2026-07-21,40.8682209,3.5503646,Mandera,Mandera North,Morothile,Marothile ,Goats,"[Abortions (Mimba Kutoka), Difficulty breathing (Kushindwa Kupumua), Nasal discharges (Makamasi), Diarrhoea (Kuhara)]",162,18,5
2026-07-21,0.0,0.0,Mandera,Lafey,Sala,Sala ,Goats,[Nasal discharges (Makamasi)],5,2,0
2026-07-21,40.8682209,3.5503646,Mandera,Mandera North,Morothile,Marothile ,Goats,"[Abortions (Mimba Kutoka), Difficulty breathing (Kushindwa Kupumua), Nasal discharges (Makamasi), Diarrhoea (Kuhara)]",116,12,5
2026-07-21,0.0,0.0,Mandera,Lafey,Sala,Sala ,Cattle,[Diarrhoea (Kuhara)],6,3,1
2026-07-21,40.8682209,3.5503646,Mandera,Mandera North,Morothile,Marothile ,Goats,"[Abortions (Mimba Kutoka), Difficulty breathing (Kushindwa Kupumua), Nasal discharges (Makamasi), Diarrhoea (Kuhara)]",178,12,2
2026-07-21,0.0,0.0,Mandera,Lafey,Sala,Sala ,Cattle,[Diarrhoea (Kuhara)],6,3,1
2026-07-21,41.0578312,3.0564966,Mandera,Lafey,Alango Gof,Alungo ,Goats,[Diarrhoea (Kuhara)],60,18,1
2026-07-21,40.8682209,3.5503646,Mandera,Mandera North,Morothile,Marothile ,Camel,"[Swollen glands, Nasal discharges (Makamasi), Discharge from the eyes (Machozi)]",65,7,1
2026-07-21,41.0575163,3.0565112,Mandera,Lafey,Alango Gof,Alungo ,Goats,"[Nasal discharges (Makamasi), Difficulty breathing (Kushindwa Kupumua)]",70,15,1
2026-07-20,41.8416028,3.9243796,Mandera,Banissa,Banissa,Domal ,Goats,[Nasal discharges (Makamasi)],300,6,2
2026-07-21,40.8682209,3.5503646,Mandera,Mandera North,Morothile,Marothile ,Goats,"[Abortions (Mimba Kutoka), Difficulty breathing (Kushindwa Kupumua), Nasal discharges (Makamasi), Diarrhoea (Kuhara)]",159,16,4
2026-07-21,41.0575163,3.0565112,Mandera,Lafey,Alango Gof,Alungo ,Goats,[Difficulty breathing (Kushindwa Kupumua)],60,20,1
2026-07-21,41.0575163,3.0565112,Mandera,Lafey,Alango Gof,Alungo ,Goats,"[Nasal discharges (Makamasi), Difficulty breathing (Kushindwa Kupumua)]",70,30,2
2026-07-21,41.0575163,3.0565112,Mandera,Lafey,Alango Gof,Alungo ,Sheep,"[Difficulty breathing (Kushindwa Kupumua), Nasal discharges (Makamasi)]",50,10,1
2026-07-22,40.8034009,2.559297,Mandera,Mandera South,Kutulo,Unknown,Camel,[Abortions (Mimba Kutoka)],120,1,2
2026-07-22,40.8034009,2.559297,Mandera,Mandera South,Kutulo,Unknown,Camel,[Sudden Death (Kifo cha ghafla)],45,2,1
2026-07-22,40.8034009,2.559297,Mandera,Mandera South,Kutulo,Unknown,Camel,[Sudden Death (Kifo cha ghafla)],140,3,1
2026-07-22,40.8034009,2.559297,Mandera,Mandera South,Kutulo,Unknown,Camel,[Abortions (Mimba Kutoka)],154,2,3
2026-07-22,40.8034009,2.559297,Mandera,Mandera South,Kutulo,Unknown,Camel,[Abortions (Mimba Kutoka)],156,2,3
2026-07-22,40.8034009,2.559297,Mandera,Mandera South,Kutulo,Unknown,Camel,[Abortions (Mimba Kutoka)],125,4,2
2026-07-22,0.0,0.0,Mandera,Mandera East,Township,BP1,Sheep,[Diarrhoea (Kuhara)],19,3,0
2026-07-22,40.7999207,4.1793321,Mandera,Banissa,Malkamari,Hullow,Goats,"[Lameness (Kushindwa kutembea), Nasal discharges (Makamasi), Discharge from the eyes (Machozi), Bloody Faeces]",22,15,6
2026-07-22,40.7999207,4.1793321,Mandera,Banissa,Malkamari,Hullow,Camel,"[Lamess (Kushindwa kutembea), Wounds on Legs & mouth, Discharge from the eyes (Machozi), Swollen glands]",5,3,0
2026-07-22,40.7999207,4.1793321,Mandera,Banissa,Malkamari,Hullow,Camel,"[Lamess (Kushindwa kutembea), Wounds on Legs & mouth, Discharge from the eyes (Machozi), Swollen glands]",11,7,2
2026-07-22,40.7999207,4.1793321,Mandera,Banissa,Malkamari,Hullow,Sheep,"[Lameness (Kushindwa kutembea), Nasal discharges (Makamasi), Discharge from the eyes (Machozi), Diarrhoea (Kuhara)]",6,3,1
2026-07-22,40.7999207,4.1793321,Mandera,Banissa,Malkamari,Hullow,Goats,"[Lameness (Kushindwa kutembea), Nasal discharges (Makamasi), Discharge from the eyes (Machozi), Bloody Faeces]",27,13,3
2026-07-22,40.7999207,4.1793321,Mandera,Banissa,Malkamari,Hullow,Sheep,"[Lameness (Kushindwa kutembea), Nasal discharges (Makamasi), Discharge from the eyes (Machozi), Diarrhoea (Kuhara)]",7,5,2
2026-07-22,36.8624933,1.3390172,Samburu,Samburu North,Angata Nanyokie,Barsaloi ,Goats,[Diarrhoea (Kuhara)],130,6,0
2026-07-22,0.0,0.0,Garissa,Fafi,Fafi,Fafihajin ,Goats,"[Abortions (Mimba Kutoka), Difficulty breathing (Kushindwa Kupumua)]",130,6,0
2026-07-22,0.0,0.0,Garissa,Fafi,Fafi,Fafihajin ,Cattle,"[Lameness (Kushindwa kutembea), Skin swellings (uvimbe wa ngozi)]",35,2,0
2026-07-20,39.9220132,3.6793339,Mandera,Mandera West,Gither,Sigirso,Camel,"[Abortions (Mimba Kutoka), Sudden Death (Kifo cha ghafla), Pouring Saliva (Kumwaga mate)]",14,8,2
2026-07-22,36.9859543,0.6238905,Isiolo,Isiolo,Oldo/Nyiro,Oldonyiro Center ,Dogs,"[Sudden Death (Kifo cha ghafla), Aggressiveness (Ukali), Staggering (kutembea Kombo), Biting (Kuuma)]",20,15,10
2026-07-21,41.8586327,3.9369646,Mandera,Mandera West,Takaba,Sukela Qalqalacha,Sheep,"[Abortions (Mimba Kutoka), Pouring Saliva (Kumwaga mate), Sudden Death (Kifo cha ghafla), Difficulty breathing (Kushindwa Kupumua), Lameness (Kushindwa kutembea), Nasal discharges (Makamasi), Discharge from the eyes (Machozi), Skin swellings (uvimbe wa ngozi), Loss of weight]",86,41,12
2026-07-21,41.8584948,3.9369969,Mandera,Mandera West,Takaba,Hawach Sambur,Chicken,"[Sudden Death (Kifo cha ghafla), Nasal discharges (Makamasi), Diarrhoea (Kuhara), Loss of weight, Soft shelled eggs, Swollen wattles and comb, Purple discoloration of wattles and combs, Discoloured Faeces]",78,25,8
2026-07-21,40.8682209,3.5503646,Mandera,Mandera North,Morothile,Marothile ,Goats,"[Abortions (Mimba Kutoka), Difficulty breathing (Kushindwa Kupumua), Nasal discharges (Makamasi), Diarrhoea (Kuhara)]",114,10,5
2026-07-20,41.8584792,3.9369882,Mandera,Mandera West,Takaba,Bamba Taka,Chicken,"[Sudden Death (Kifo cha ghafla), Nasal discharges (Makamasi), Discoloured Faeces, Diarrhoea (Kuhara), Loss of weight, Soft shelled eggs, Swollen wattles and comb, Purple discoloration of wattles and combs]",169,87,12
2026-07-22,41.85913072898984,3.9378460636362433,Mandera,Mandera East,Neboi,Shafshafey,Goats,"[Nasal discharges (Makamasi), Discharge from the eyes (Machozi)]",43,2,0
2026-07-22,41.8584872,3.9370023,Mandera,Mandera West,Takaba,Ardahalo,Goats,"[Abortions (Mimba Kutoka), Sudden Death (Kifo cha ghafla), Lameness (Kushindwa kutembea), Wounds on Legs & mouth, Difficulty breathing (Kushindwa Kupumua), Nasal discharges (Makamasi), Discharge from the eyes (Machozi), Swollen glands, Diarrhoea (Kuhara), Skin swellings (uvimbe wa ngozi)]",97,45,11
2026-07-21,40.8682209,3.5503646,Mandera,Mandera North,Morothile,Marothile ,Goats,"[Abortions (Mimba Kutoka), Difficulty breathing (Kushindwa Kupumua), Nasal discharges (Makamasi), Diarrhoea (Kuhara)]",119,6,1
2026-07-22,41.85908060520888,3.937949370592833,Mandera,Mandera East,Neboi,Shafshaf,Sheep,"[Lameness (Kushindwa kutembea), Difficulty breathing (Kushindwa Kupumua)]",30,1,0
2026-07-22,40.3092859,0.0496957,Garissa,Dadaab,Abakaile,Saretho,Goats,[Sudden Death (Kifo cha ghafla)],100,2,1
2026-07-22,0.0,0.0,Garissa,Fafi,Jarajila,Alinjugur,Cattle,"[Sudden Death (Kifo cha ghafla), Bleeding from openings (Kuvunja damu)]",80,12,5
2026-07-22,0.0,0.0,Garissa,Fafi,Fafi,D 10,Goats,"[Bleeding from openings (Kuvunja damu), Nasal discharges (Makamasi)]",100,5,0
2026-07-22,40.3092974,0.0496876,Garissa,Dadaab,Dadaab,Dadab,Goats,[Sudden Death (Kifo cha ghafla)],100,5,1
2026-07-22,40.3092786,0.0495687,Garissa,Dadaab,Dadaab,Ifo-2 ,Goats,"[Abortions (Mimba Kutoka), Sudden Death (Kifo cha ghafla)]",100,2,1
2026-07-22,41.23123033333333,3.935172916666666,Mandera,Mandera North,Rhamu,Girisa ,Sheep,[Lameness (Kushindwa kutembea)],23,2,0
2026-07-22,0.0,0.0,Garissa,Fafi,Fafi,Fafihajin ,Camel,[Difficulty breathing (Kushindwa Kupumua)],24,1,0
2026-07-22,41.231239433333336,3.9351999,Mandera,Mandera North,Rhamu,Girisa ,Chicken,[Loss of weight],3,1,0
2026-07-22,40.3092899,0.0496894,Garissa,Dadaab,Damajale,Bulawayo Nyanya,Cattle,"[Abortions (Mimba Kutoka), Nasal discharges (Makamasi)]",20,2,0
2026-07-22,40.3092931,0.0496917,Garissa,Fafi,Jarajila,Amuma ,Cattle,"[Sudden Death (Kifo cha ghafla), Bleeding from openings (Kuvunja damu)]",80,5,2
2026-07-22,41.231238466666674,3.935199316666667,Mandera,Mandera North,Rhamu,Girisa primary ,Sheep,[Nasal discharges (Makamasi)],13,3,0
2026-07-22,40.3092893,0.0496935,Garissa,Dadaab,Damajale,Bulawayo Nyan,Sheep,[Difficulty breathing (Kushindwa Kupumua)],80,10,2
2026-07-22,40.871381,4.1086856,Mandera,Banissa,Malkamari,Hullow,Camel,"[Lamess (Kushindwa kutembea), Wounds on Legs & mouth, Discharge from the eyes (Machozi), Swollen glands]",12,8,2
2026-07-22,41.23124084999999,3.9351963,Mandera,Mandera North,Rhamu,Girisa ,Goats,[Diarrhoea (Kuhara)],3,1,0
2026-07-22,40.871381,4.1086856,Mandera,Banissa,Malkamari,Hullow,Sheep,"[Lameness (Kushindwa kutembea), Nasal discharges (Makamasi), Discharge from the eyes (Machozi), Diarrhoea (Kuhara)]",13,6,2
2026-07-22,40.3092964,0.0496869,Garissa,Dadaab,Dadaab,Dadaab,Goats,[Sudden Death (Kifo cha ghafla)],100,2,1
2026-07-22,40.3092944,0.0496897,Garissa,Dadaab,Dadaab,Dadaab,Goats,[Sudden Death (Kifo cha ghafla)],100,2,1
2026-07-22,40.871381,4.1086856,Mandera,Banissa,Malkamari,Hullow,Goats,"[Lameness (Kushindwa kutembea), Nasal discharges (Makamasi), Discharge from the eyes (Machozi), Bloody Faeces]",19,10,3
2026-07-22,41.23124056666667,3.9351977333333337,Mandera,Mandera North,Rhamu,Girisa ,Goats,[Lameness (Kushindwa kutembea)],4,1,0
2026-07-22,40.871381,4.1086856,Mandera,Banissa,Malkamari,Hullow,Sheep,"[Lameness (Kushindwa kutembea), Discharge from the eyes (Machozi), Nasal discharges (Makamasi), Diarrhoea (Kuhara)]",9,5,1
2026-07-22,40.3093647,0.0497283,Garissa,Dadaab,Labasigale,Ifo 1,Goats,[Sudden Death (Kifo cha ghafla)],100,2,1
2026-07-22,41.86081951484084,3.9365295181050897,Mandera,Mandera East,Neboi,Shafshaf,Goats,"[Lameness (Kushindwa kutembea), Difficulty breathing (Kushindwa Kupumua)]",25,1,0
2026-07-22,40.3092903,0.0496942,Garissa,Dadaab,Dadaab,Dadaab,Goats,[Sudden Death (Kifo cha ghafla)],100,2,1
2026-07-22,40.871381,4.1086856,Mandera,Banissa,Malkamari,Hullow,Camel,"[Lamess (Kushindwa kutembea), Wounds on Legs & mouth, Discharge from the eyes (Machozi), Swollen glands]",13,8,2
2026-07-22,41.86106963083148,3.936625993810594,Mandera,Mandera East,Neboi,Shafshaf,Sheep,"[Nasal discharges (Makamasi), Difficulty breathing (Kushindwa Kupumua)]",35,2,0
2026-07-22,34.862775,3.7100933,Turkana,Turkana West,Lopur,Kangitesiroi ,Goats,[Abortions (Mimba Kutoka)],258,15,4
2026-07-22,40.3093249,0.0496737,Garissa,Dadaab,Damajale,Unknown,Camel,[Sudden Death (Kifo cha ghafla)],100,5,2
2026-07-22,40.871381,4.1086856,Mandera,Banissa,Malkamari,Hullow,Goats,"[Lameness (Kushindwa kutembea), Nasal discharges (Makamasi), Discharge from the eyes (Machozi), Bloody Faeces]",40,23,11
2026-07-22,41.2183146,3.9354597,Mandera,Mandera North,Guticha,Guticha,Goats,[Nasal discharges (Makamasi)],89,5,0
2026-07-22,40.45791166666667,-0.0303233333333333,Garissa,Fafi,Jarajila,Alinjugur ,Camel,[Sudden Death (Kifo cha ghafla)],100,2,1
2026-07-22,39.072866,3.5333389,Marsabit,Moyale,Heillu/Manyatta,Kashu Ali,Goats,"[Sudden Death (Kifo cha ghafla), Abortions (Mimba Kutoka)]",38,3,2
2026-07-21,0.0,0.0,Mandera,Mandera South,Shimbir Fatuma,Dololo,Camel,[Swollen glands],45,14,6
2026-07-22,39.0832832,3.5275521,Marsabit,Moyale,Heillu/Manyatta,Kashu Ali,Sheep,[Sudden Death (Kifo cha ghafla)],38,4,1
2026-07-22,41.2183146,3.9354597,Mandera,Mandera North,Guticha,Guticha,Sheep,[Diarrhoea (Kuhara)],19,6,0
2026-07-22,41.2183146,3.9354597,Mandera,Mandera North,Guticha,Guticha,Goats,[Abortions (Mimba Kutoka)],59,1,0
2026-07-22,41.2183146,3.9354597,Mandera,Mandera North,Guticha,Guticha,Camel,[Swollen glands],33,3,0
2026-07-22,41.2183146,3.9354597,Mandera,Mandera North,Guticha,Guticha,Cattle,[Others],31,3,0
2026-07-21,0.0,0.0,Mandera,Mandera South,Shimbir Fatuma,Ano,Goats,[Abortions (Mimba Kutoka)],260,45,3
2026-07-23,0.0,0.0,Mandera,Mandera South,Shimbir Fatuma,Dololo,Camel,[Swollen glands],35,12,1
2026-07-23,41.4141857,3.3766633,Mandera,Lafey,Fino,Fino,Goats,"[Nasal discharges (Makamasi), Difficulty breathing (Kushindwa Kupumua), Diarrhoea (Kuhara)]",50,30,20
2026-07-23,41.4141857,3.3766633,Mandera,Lafey,Fino,Duntow,Camel,"[Pouring Saliva (Kumwaga mate), Skin swellings (uvimbe wa ngozi), Swollen glands]",50,30,20
2026-07-21,0.0,0.0,Mandera,Mandera South,Shimbir Fatuma,Ano,Goats,[Abortions (Mimba Kutoka)],320,80,11
2026-07-23,41.4141857,3.3766633,Mandera,Lafey,Fino,Bulla Maalim,Cattle,[Lameness (Kushindwa kutembea)],10,5,3
2026-07-23,0.0,0.0,Mandera,Mandera South,Shimbir Fatuma,Dololo,Camel,[Abortions (Mimba Kutoka)],45,17,3
2026-07-21,0.0,0.0,Mandera,Mandera South,Shimbir Fatuma,Dololo,Camel,[Swollen glands],50,15,0
2026-07-23,0.0,0.0,Mandera,Mandera South,Shimbir Fatuma,Dololo,Camel,[Swollen glands],45,12,1
2026-07-23,41.4141857,3.3766633,Mandera,Lafey,Fino,Sheikh Barrow,Sheep,"[Difficulty breathing (Kushindwa Kupumua), Nasal discharges (Makamasi), Diarrhoea (Kuhara)]",50,30,20
2026-07-23,40.7999207,4.1793321,Mandera,Banissa,Malkamari,Hullow,Goats,"[Lameness (Kushindwa kutembea), Nasal discharges (Makamasi), Discharge from the eyes (Machozi), Bloody Faeces]",14,8,2
2026-07-23,41.4141857,3.3766633,Mandera,Lafey,Fino,Fino,Chicken,[Discoloured Faeces],10,5,3
2026-07-23,0.0,0.0,Mandera,Mandera South,Shimbir Fatuma,Dololo,Camel,[Swollen glands],65,15,2
2026-07-23,0.0,0.0,Mandera,Mandera South,Shimbir Fatuma,Ano,Goats,[Skin swellings (uvimbe wa ngozi)],180,52,3
2026-07-23,40.7999207,4.1793321,Mandera,Banissa,Malkamari,Hullow,Camel,"[Lamess (Kushindwa kutembea), Wounds on Legs & mouth, Discharge from the eyes (Machozi), Swollen glands]",8,4,1
2026-07-23,0.0,0.0,Mandera,Mandera South,Shimbir Fatuma,Dololo,Camel,[Swollen glands],32,8,0
2026-07-23,40.7999207,4.1793321,Mandera,Banissa,Malkamari,Hullow,Camel,"[Lamess (Kushindwa kutembea), Wounds on Legs & mouth, Discharge from the eyes (Machozi), Swollen glands]",11,6,1
2026-07-23,0.0,0.0,Mandera,Mandera South,Shimbir Fatuma,Ano,Goats,[Skin swellings (uvimbe wa ngozi)],230,35,4
2026-07-23,40.7999207,4.1793321,Mandera,Banissa,Malkamari,Hullow,Sheep,"[Lameness (Kushindwa kutembea), Nasal discharges (Makamasi), Discharge from the eyes (Machozi), Diarrhoea (Kuhara)]",3,3,1
2026-07-23,0.0,0.0,Mandera,Mandera South,Shimbir Fatuma,Dololo,Camel,[Swollen glands],65,25,7
2026-07-23,0.0,0.0,Mandera,Mandera South,Shimbir Fatuma,Ano,Goats,"[Abortions (Mimba Kutoka), Skin swellings (uvimbe wa ngozi)]",320,125,12
2026-07-23,0.0,0.0,Mandera,Mandera South,Shimbir Fatuma,Dololo,Camel,[Swollen glands],50,12,3
2026-07-23,40.7999207,4.1793321,Mandera,Banissa,Malkamari,Hullow,Goats,"[Lameness (Kushindwa kutembea), Nasal discharges (Makamasi), Discharge from the eyes (Machozi), Bloody Faeces]",25,14,8
2026-07-23,0.0,0.0,Mandera,Mandera South,Shimbir Fatuma,Ano,Goats,[Skin swellings (uvimbe wa ngozi)],150,25,2
2026-07-23,40.7999207,4.1793321,Mandera,Banissa,Malkamari,Hullow,Sheep,"[Lameness (Kushindwa kutembea), Nasal discharges (Makamasi), Discharge from the eyes (Machozi), Diarrhoea (Kuhara)]",4,3,0
2026-07-23,0.0,0.0,Mandera,Mandera South,Shimbir Fatuma,Dololo,Goats,"[Abortions (Mimba Kutoka), Skin swellings (uvimbe wa ngozi)]",280,25,4
2026-07-23,40.309311666666666,0.0496883333333333,Garissa,Fafi,Jarajila,Unknown,Goats,[Sudden Death (Kifo cha ghafla)],100,2,0
2026-07-23,40.3099793,0.0492644,Garissa,Fafi,Jarajila,Amuma,Goats,[Sudden Death (Kifo cha ghafla)],100,3,1
2026-07-23,41.8585179,3.9370398,Mandera,Mandera West,Takaba,Hawacho Sambur,Cattle,"[Abortions (Mimba Kutoka), Sudden Death (Kifo cha ghafla), Lameness (Kushindwa kutembea), Difficulty breathing (Kushindwa Kupumua), Skin swellings (uvimbe wa ngozi), Diarrhoea (Kuhara), Vomiting (kutapika), Swollen glands, Nasal discharges (Makamasi), Discharge from the eyes (Machozi)]",65,15,3
2026-07-23,0.0,0.0,Mandera,Mandera South,Shimbir Fatuma,Gubachatho,Camel,[Swollen glands],95,35,15
2026-07-23,40.31153166666666,0.04915,Garissa,Fafi,Jarajila,Alinjugur ,Cattle,"[Sudden Death (Kifo cha ghafla), Bleeding from openings (Kuvunja damu)]",120,5,2
2026-07-23,0.0,0.0,Mandera,Mandera South,Shimbir Fatuma,Gubachabtho,Goats,"[Abortions (Mimba Kutoka), Skin swellings (uvimbe wa ngozi)]",195,25,0
2026-07-23,0.0,0.0,Garissa,Dadaab,Dadaab,Dadaab,Goats,[Abortions (Mimba Kutoka)],120,12,1
2026-07-23,0.0,0.0,Mandera,Mandera South,Shimbir Fatuma,Unknown,Goats,"[Abortions (Mimba Kutoka), Skin swellings (uvimbe wa ngozi)]",312,75,9
2026-07-22,0.0,0.0,Narok,Transmara West,Kimintet,Bogoria East,Dogs,"[Biting (Kuuma), Staggering (kutembea Kombo)]",60,27,0
2026-07-23,0.0,0.0,Mandera,Mandera South,Shimbir Fatuma,Dololo,Camel,[Aggressiveness (Ukali)],45,12,0
2026-07-23,0.0,0.0,Mandera,Mandera South,Shimbir Fatuma,Dololo,Goats,[Skin swellings (uvimbe wa ngozi)],150,35,3
