Longitude,Latitude,County,Sub-County,Ward,Locality,Species examined,Production System,RVF,RP,PPR,FMD,CCPP,CBPP,Avian Influenza
41.6204775,3.9548401,Mandera,Mandera East,Khalalio,Village/Farm,Goats,Extensive,No,Unknown,No,Unknown,No,Unknown,Unknown
41.6777701,3.7546886,Mandera,Mandera East,Khalalio,Village/Farm,Goats,Extensive,No,Unknown,No,Unknown,No,Unknown,Unknown
39.1512787,2.5219075,Wajir,Eldas,Lakoley South/Basir,Village/Farm,Cattle,Extensive,No,No,Unknown,No,Unknown,No,Unknown
39.1512787,2.5219075,Wajir,Eldas,Lakoley South/Basir,Village/Farm,Camel,Extensive,No,Unknown,Unknown,No,Unknown,Unknown,Unknown
0.03,37.0003,Samburu,Samburu East,Wamba West,Village/Farm,Sheep,Extensive,No,Unknown,No,Unknown,Unknown,Unknown,Unknown
0.0,37.003,Samburu,Samburu East,Wamba West,Village/Farm,Camel,Extensive,No,Unknown,Unknown,Unknown,Unknown,Unknown,Unknown
0.0004,37.0003,Samburu,Samburu East,Wamba West,Village/Farm,Goats,Extensive,No,Unknown,No,No,No,Unknown,Unknown
0.0004,37.0003,Samburu,Samburu East,Wamba West,Village/Farm,Cattle,Extensive,No,No,Unknown,No,Unknown,No,Unknown
35.0964453,0.4992653,Nandi,Mosop,Ndalat,Village/Farm,Cattle,Mixed,No,No,Unknown,No,Unknown,No,Unknown
39.0512854,-3.734312,Kwale,Kinango,Mackinnon Road,Village/Farm,Cattle,Extensive,No,Unknown,Unknown,No,Unknown,No,Unknown
39.8494661,-3.6215146,Kilifi,Malindi,Jilore,Village/Farm,Cattle,Extensive,No,No,Unknown,No,Unknown,No,Unknown
39.8494661,-3.6215146,Kilifi,Malindi,Jilore,Village/Farm,Cattle,Extensive,Unknown,Unknown,Unknown,Unknown,Unknown,Unknown,Unknown
0.0,0.0,Mandera,Mandera East,Khalalio,Village/Farm,Cattle,Extensive,No,No,Unknown,No,Unknown,No,Unknown
41.6075751,3.9555634,Mandera,Mandera East,Khalalio,Crush,Cattle,Extensive,No,No,Unknown,No,Unknown,No,Unknown
36.692604,1.0926162,Samburu,Samburu West,Maralal,Crush,Sheep,Mixed,No,Unknown,No,Unknown,Unknown,Unknown,Unknown
36.692604,1.0926162,Samburu,Samburu West,Maralal,Village/Farm,Chicken,Mixed,Unknown,Unknown,Unknown,Unknown,Unknown,Unknown,No
36.692604,1.0926162,Samburu,Samburu West,Maralal,Crush,Goats,Mixed,No,Unknown,No,Unknown,No,Unknown,Unknown
37.9405468,0.3517103,Meru,Igembe North,Antuambui,Abattoir,Sheep,Extensive,No,Unknown,Unknown,No,Unknown,Unknown,Unknown
37.3659626,-2.0105062,Makueni,Kilome,Kasikeu,Abattoir,Cattle,Unknown,No,No,Unknown,No,Unknown,No,Unknown
37.3660103,-2.0160734,Makueni,Kilome,Kasikeu,Abattoir,Goats,Unknown,No,Unknown,No,No,No,Unknown,Unknown
0.0,0.0,Tharaka-Nithi,Chuka/Igambang'Ombe,Igambang'Ombe,Crush,Cattle,Mixed,Unknown,Unknown,Unknown,Unknown,Unknown,Unknown,Unknown
36.8944695,0.7790972,Samburu,Samburu West,Lodokejek,Crush,Cattle,Extensive,No,Unknown,Unknown,No,Unknown,No,Unknown
36.8914443,0.7937041,Samburu,Samburu West,Lodokejek,Crush,Camel,Intensive,Unknown,Unknown,Unknown,Unknown,Unknown,Unknown,Unknown
36.8914443,0.7937041,Samburu,Samburu West,Lodokejek,Crush,Goats,Extensive,Unknown,Unknown,No,No,No,Unknown,Unknown
36.8914443,0.7937041,Samburu,Samburu West,Lodokejek,Crush,Chicken,Extensive,Unknown,Unknown,Unknown,Unknown,Unknown,Unknown,No
36.9059598,-1.0148417,Kiambu,Gatundu South,Ngenda,Village/Farm,Cattle,Intensive,No,No,Unknown,No,Unknown,No,Unknown
36.9059598,-1.0148417,Kiambu,Gatundu South,Ngenda,Village/Farm,Chicken,Extensive,Unknown,Unknown,Unknown,Unknown,Unknown,Unknown,No
36.9059598,-1.0148417,Kiambu,Gatundu South,Ngenda,Village/Farm,Goats,Extensive,No,Unknown,No,No,No,Unknown,Unknown
36.8963078,-1.0202909,Kiambu,Gatundu South,Ngenda,Village/Farm,Cattle,Intensive,No,No,Unknown,No,Unknown,No,Unknown
36.8963078,-1.0202909,Kiambu,Gatundu South,Ngenda,Village/Farm,Chicken,Extensive,Unknown,Unknown,Unknown,Unknown,Unknown,Unknown,No
36.0240698,-1.1086365,Narok,Narok North,Nkareta,Village/Farm,Cattle,Mixed,Unknown,Unknown,Unknown,Unknown,Unknown,Unknown,Unknown
35.9026837,0.1255622,Baringo,Mogotio,Emining,Village/Farm,Chicken,Mixed,Unknown,Unknown,Unknown,Unknown,Unknown,Unknown,No
37.4379554,-1.7384766,Makueni,Kaiti,Ukia,Village/Farm,Chicken,Intensive,Unknown,Unknown,Unknown,Unknown,Unknown,Unknown,No
37.9849129,0.3889285,Meru,Igembe North,Amwathi,Abattoir,Cattle,Extensive,No,Unknown,Unknown,No,Unknown,No,Unknown
40.787348333,3.0101966,Mandera,Mandera South,Elwak South,Village/Farm,Cattle,Extensive,No,No,Unknown,No,Unknown,No,Unknown
40.9350402,2.930096,Mandera,Mandera South,Elwak South,Village/Farm,Camel,Extensive,No,Unknown,Unknown,No,Unknown,Unknown,Unknown
36.6048373,1.1978044,Samburu,Samburu North,Angata Nanyokie,Crush,Cattle,Extensive,No,No,Unknown,No,Unknown,No,Unknown
36.6048373,1.1978044,Samburu,Samburu North,Angata Nanyokie,Crush,Sheep,Extensive,No,Unknown,No,No,Unknown,Unknown,Unknown
36.6048373,1.1978044,Samburu,Samburu North,Angata Nanyokie,Crush,Goats,Extensive,No,Unknown,No,No,No,Unknown,Unknown
36.6048373,1.1978044,Samburu,Samburu North,Angata Nanyokie,Crush,Camel,Extensive,No,Unknown,Unknown,No,Unknown,Unknown,Unknown
35.0140116,-0.533014,Kericho,Bureti,Cheboin,Village/Farm,Cattle,Mixed,No,No,Unknown,No,Unknown,No,Unknown
34.7531893,-1.0113857,Narok,Transmara West,Shankoe,Village/Farm,Cattle,Intensive,No,No,Unknown,Unknown,Unknown,Unknown,Unknown
36.7006925,1.0986667,Samburu,Samburu West,Maralal,Village/Farm,Goats,Mixed,No,Unknown,No,Unknown,No,Unknown,Unknown
36.692604,1.0926162,Samburu,Samburu West,Maralal,Crush,Sheep,Mixed,No,Unknown,No,Unknown,Unknown,Unknown,Unknown
36.6927725,1.0926138,Samburu,Samburu West,Maralal,Crush,Chicken,Mixed,Unknown,Unknown,Unknown,Unknown,Unknown,Unknown,No
35.5563812,-0.8394742,Narok,Narok West,Ilmotiok,Village/Farm,Goats,Intensive,No,Unknown,No,No,No,Unknown,Unknown
35.4516564,-0.9621377,Narok,Narok West,Ilmotiok,Village/Farm,Sheep,Intensive,No,Unknown,No,No,Unknown,Unknown,Unknown
35.4516564,-0.9621377,Narok,Narok West,Ilmotiok,Village/Farm,Cattle,Intensive,No,No,Unknown,No,Unknown,No,Unknown
37.9488262,-2.4076594,Makueni,Kibwezi East,Thange,Village/Farm,Cattle,Mixed,No,No,Unknown,No,Unknown,No,Unknown
36.1074313,-1.0965354,Narok,Narok East,Mosiro,Market,Cattle,Extensive,No,No,Unknown,No,Unknown,No,Unknown
36.1074313,-1.0965354,Narok,Narok East,Mosiro,Market,Sheep,Extensive,No,Unknown,No,No,Unknown,Unknown,Unknown
36.1027891,-1.095308,Narok,Narok East,Mosiro,Market,Goats,Extensive,No,Unknown,No,No,No,Unknown,Unknown
36.6993564,1.0953452,Samburu,Samburu West,Maralal,Village/Farm,Cattle,Extensive,No,No,Unknown,No,Unknown,Unknown,Unknown
36.7007902,1.0977536,Samburu,Samburu West,Maralal,Village/Farm,Sheep,Extensive,Unknown,Unknown,No,Unknown,Unknown,Unknown,Unknown
36.7007902,1.0977536,Samburu,Samburu West,Maralal,Village/Farm,Goats,Extensive,No,Unknown,No,Unknown,No,Unknown,Unknown
36.7007902,1.0977536,Samburu,Samburu West,Maralal,Market,Camel,Unknown,Unknown,Unknown,Unknown,Unknown,Unknown,Unknown,Unknown
36.7007902,1.0977536,Samburu,Samburu West,Maralal,Village/Farm,Chicken,Intensive,Unknown,Unknown,Unknown,Unknown,Unknown,Unknown,No
36.87407,1.325228,Samburu,Samburu North,El-Barta,Crush,Goats,Extensive,No,Unknown,No,Unknown,No,Unknown,Unknown
36.87407,1.325228,Samburu,Samburu North,El-Barta,Village/Farm,Camel,Extensive,No,Unknown,Unknown,Unknown,Unknown,Unknown,Unknown
40.1569503,-3.1113502,Kilifi,Magarini,Magarini,Abattoir,Cattle,Unknown,No,No,Unknown,No,Unknown,No,Unknown
40.1569503,-3.1113502,Kilifi,Magarini,Magarini,Abattoir,Sheep,Unknown,No,Unknown,No,No,Unknown,Unknown,Unknown
40.1569503,-3.1113502,Kilifi,Magarini,Magarini,Abattoir,Goats,Unknown,No,Unknown,No,No,No,Unknown,Unknown
35.9993871,-1.1108246,Narok,Narok North,Narok Town,Village/Farm,Cattle,Mixed,Unknown,Unknown,Unknown,Unknown,Unknown,Unknown,Unknown
35.8948124,-1.0920928,Narok,Narok North,Narok Town,Village/Farm,Cattle,Mixed,Unknown,Unknown,Unknown,Unknown,Unknown,Unknown,Unknown
35.8948124,-1.0920928,Narok,Narok North,Narok Town,Village/Farm,Sheep,Mixed,Unknown,Unknown,Unknown,Unknown,Unknown,Unknown,Unknown
41.6777701,3.7546886,Mandera,Mandera East,Arabia,Crush,Cattle,Extensive,No,No,Unknown,No,Unknown,No,Unknown
41.6202705,3.957622,Mandera,Mandera East,Khalalio,Village/Farm,Cattle,Extensive,No,No,Unknown,No,Unknown,No,Unknown
35.8948124,-1.0920928,Narok,Narok North,Narok Town,Village/Farm,Goats,Mixed,Unknown,Unknown,Unknown,Unknown,Unknown,Unknown,Unknown
37.9405468,0.3512454,Meru,Igembe North,Antuambui,Abattoir,Goats,Extensive,No,Unknown,No,No,No,Unknown,Unknown
37.597901,0.3472716,Isiolo,Isiolo North,Wabera,Village/Farm,Sheep,Extensive,No,Unknown,No,Unknown,Unknown,Unknown,Unknown
37.597901,0.3472716,Isiolo,Isiolo North,Wabera,Village/Farm,Goats,Extensive,No,Unknown,No,Unknown,No,Unknown,Unknown
35.1978445,-0.9612374,Bomet,Chepalungu,Chebunyo,Village/Farm,Cattle,Mixed,No,No,Unknown,No,Unknown,No,Unknown
35.1287689,-0.4685768,Kericho,Bureti,Kisiara,Village/Farm,Cattle,Mixed,No,No,Unknown,No,Unknown,No,Unknown
36.7025174,1.0953765,Samburu,Samburu West,Maralal,Village/Farm,Cattle,Mixed,No,Unknown,Unknown,No,Unknown,No,Unknown
36.7025186,1.0953765,Samburu,Samburu West,Maralal,Village/Farm,Sheep,Mixed,No,Unknown,No,Unknown,Unknown,Unknown,Unknown
36.702456,1.0954033,Samburu,Samburu West,Maralal,Village/Farm,Goats,Mixed,No,Unknown,No,Unknown,No,Unknown,Unknown
35.1954399,-0.6305197,Kericho,Bureti,Kapkatet,Market,Cattle,Unknown,No,No,Unknown,No,Unknown,No,Unknown
36.7024913,1.0954057,Samburu,Samburu West,Maralal,Village/Farm,Chicken,Mixed,Unknown,Unknown,Unknown,Unknown,Unknown,Unknown,No
37.9878917,0.3377787,Meru,Igembe North,Antubetwe Kiongo,Abattoir,Goats,Extensive,No,Unknown,No,No,No,Unknown,Unknown
40.9320206,2.8088887,Mandera,Mandera South,Elwak South,Market,Sheep,Extensive,No,Unknown,No,No,Unknown,Unknown,Unknown
40.931705,2.8065014,Mandera,Mandera South,Elwak South,Market,Goats,Extensive,No,Unknown,No,No,No,Unknown,Unknown
37.1987162,-1.7278241,Makueni,Kilome,Kiima Kiu/Kalanzoni,Abattoir,Goats,Mixed,No,Unknown,No,No,No,Unknown,Unknown
39.3028209,-4.1371167,Kwale,Kinango,Ndavaya,Market,Chicken,Unknown,Unknown,Unknown,Unknown,Unknown,Unknown,Unknown,No
39.3028209,-4.1371167,Kwale,Kinango,Ndavaya,Market,Cattle,Unknown,No,Unknown,Unknown,No,Unknown,No,Unknown
39.3028209,-4.1371167,Kwale,Kinango,Ndavaya,Market,Sheep,Unknown,No,Unknown,No,Unknown,Unknown,Unknown,Unknown
39.4688115,-4.1830194,Kwale,Matuga,Waa,Village/Farm,Chicken,Intensive,Unknown,Unknown,Unknown,Unknown,Unknown,Unknown,No
35.7655916,0.6186185,Baringo,Baringo North,Kabartonjo,Crush,Cattle,Unknown,No,No,Unknown,No,Unknown,No,Unknown
35.2505148,-1.1933389,Narok,Narok West,Mara,Abattoir,Sheep,Extensive,Unknown,Unknown,Unknown,Unknown,Unknown,Unknown,Unknown
35.7986073,0.6471498,Baringo,Baringo North,Kabartonjo,Crush,Sheep,Unknown,No,Unknown,No,Unknown,Unknown,Unknown,Unknown
35.7986073,0.6471498,Baringo,Baringo North,Kabartonjo,Crush,Goats,Unknown,No,Unknown,No,No,No,Unknown,Unknown
35.8018029,0.6418024,Baringo,Baringo North,Kabartonjo,Crush,Cattle,Extensive,No,No,Unknown,No,Unknown,No,Unknown
35.5156709,0.6616686,Baringo,Baringo North,Saimo/Kipsaraman,Crush,Cattle,Mixed,No,No,Unknown,No,Unknown,No,Unknown
35.8018029,0.6418024,Baringo,Baringo North,Kabartonjo,Crush,Goats,Mixed,No,Unknown,No,No,No,Unknown,Unknown
35.5156709,0.6616686,Baringo,Baringo North,Saimo/Kipsaraman,Crush,Sheep,Mixed,No,Unknown,No,No,Unknown,Unknown,Unknown
35.5156709,0.6616686,Baringo,Baringo North,Saimo/Kipsaraman,Crush,Goats,Mixed,No,Unknown,No,No,No,Unknown,Unknown
36.6983953,1.0914364,Samburu,Samburu West,Lodokejek,Market,Cattle,Extensive,No,No,Unknown,No,Unknown,No,Unknown
36.6983953,1.0914364,Samburu,Samburu West,Lodokejek,Market,Sheep,Extensive,No,Unknown,No,No,Unknown,Unknown,Unknown
36.6983953,1.0914364,Samburu,Samburu West,Lodokejek,Market,Goats,Extensive,No,Unknown,No,No,No,Unknown,Unknown
36.6983953,1.0914364,Samburu,Samburu West,Lodokejek,Market,Chicken,Extensive,Unknown,Unknown,Unknown,Unknown,Unknown,Unknown,No
0.0,0.0,Mandera,Mandera East,Arabia,Village/Farm,Cattle,Extensive,No,No,Unknown,No,Unknown,No,Unknown
35.5348313,0.5614303,Baringo,Baringo North,Kabartonjo,Crush,Cattle,Mixed,No,No,Unknown,No,Unknown,No,Unknown
35.5348313,0.5614303,Baringo,Baringo North,Kabartonjo,Crush,Sheep,Mixed,No,Unknown,No,No,Unknown,Unknown,Unknown
35.7845245,0.5890461,Baringo,Baringo North,Kabartonjo,Crush,Goats,Mixed,No,Unknown,No,No,No,Unknown,Unknown
37.1679411,-1.0625957,Kiambu,Thika Town,Township,Village/Farm,Cattle,Intensive,No,No,Unknown,No,Unknown,No,Unknown
36.6927803,1.0924992,Samburu,Samburu West,Maralal,Village/Farm,Cattle,Mixed,No,Unknown,Unknown,No,Unknown,No,Unknown
36.6928168,1.0924452,Samburu,Samburu West,Maralal,Crush,Sheep,Mixed,No,Unknown,No,Unknown,Unknown,Unknown,Unknown
36.6927742,1.0923975,Samburu,Samburu West,Maralal,Crush,Goats,Mixed,No,Unknown,No,Unknown,No,Unknown,Unknown
36.6927742,1.0923851,Samburu,Samburu West,Maralal,Crush,Chicken,Unknown,Unknown,Unknown,Unknown,Unknown,Unknown,Unknown,No
35.0500012,-1.0619153,Narok,Transmara West,Kimintet,Crush,Cattle,Mixed,No,No,Unknown,No,Unknown,No,Unknown
37.9872297,0.337085,Meru,Igembe North,Antubetwe Kiongo,Abattoir,Goats,Extensive,No,Unknown,No,No,No,Unknown,Unknown
35.7293396,-0.2460604,Nakuru,Kuresoi North,Sirikwa,Abattoir,Cattle,Mixed,No,No,Unknown,No,Unknown,No,Unknown
36.9452064,-1.0547542,Kiambu,Gatundu South,Ndarugu,Village/Farm,Sheep,Mixed,No,Unknown,No,No,Unknown,Unknown,Unknown
36.9452064,-1.0547542,Kiambu,Gatundu South,Ndarugu,Village/Farm,Cattle,Mixed,No,No,Unknown,No,Unknown,No,Unknown
36.9452064,-1.0547542,Kiambu,Gatundu South,Ndarugu,Village/Farm,Chicken,Mixed,Unknown,Unknown,Unknown,Unknown,Unknown,Unknown,No
36.238845,-0.268289,Nakuru,Bahati,Bahati,Abattoir,Sheep,Extensive,No,Unknown,No,No,Unknown,Unknown,Unknown
36.6984145,1.0914225,Samburu,Samburu West,Maralal,Village/Farm,Chicken,Extensive,Unknown,Unknown,Unknown,Unknown,Unknown,Unknown,No
37.9405468,0.3510129,Meru,Igembe North,Antuambui,Abattoir,Sheep,Extensive,No,Unknown,Unknown,No,Unknown,Unknown,Unknown
35.6992176,0.807625,Baringo,Baringo North,Barwessa,Crush,Sheep,Mixed,No,Unknown,No,No,Unknown,Unknown,Unknown
35.6992176,0.807625,Baringo,Baringo North,Barwessa,Crush,Cattle,Mixed,No,No,Unknown,No,Unknown,No,Unknown
35.6992176,0.807625,Baringo,Baringo North,Barwessa,Crush,Goats,Mixed,No,Unknown,No,No,No,Unknown,Unknown
37.9867877,0.3372187,Meru,Igembe North,Antubetwe Kiongo,Abattoir,Goats,Extensive,No,Unknown,No,No,No,Unknown,Unknown
0.0,0.0,Kericho,Bureti,Litein,Abattoir,Sheep,Unknown,No,Unknown,No,No,Unknown,Unknown,Unknown
36.7009728,1.0976385,Samburu,Samburu West,Maralal,Village/Farm,Chicken,Intensive,Unknown,Unknown,Unknown,Unknown,Unknown,Unknown,No
35.0438067,0.4961946,Nandi,Mosop,Kabiyet,Village/Farm,Cattle,Mixed,No,No,Unknown,No,Unknown,No,Unknown
37.3491077,-1.9944843,Makueni,Kilome,Kasikeu,Abattoir,Cattle,Unknown,No,No,Unknown,No,Unknown,No,Unknown
0.0007,37.0003,Samburu,Samburu East,Wamba West,Village/Farm,Cattle,Extensive,No,No,Unknown,No,Unknown,No,Unknown
37.13786878074932,1.115818464932307,Samburu,Samburu East,Wamba North,Village/Farm,Sheep,Extensive,No,Unknown,No,No,Unknown,Unknown,Unknown
35.5112223,0.6537143,Baringo,Baringo North,Barwessa,Crush,Goats,Extensive,No,Unknown,No,No,No,Unknown,Unknown
0.0,0.0,Siaya,Alego Usonga,Usonga,Village/Farm,Cattle,Extensive,No,No,Unknown,No,Unknown,No,Unknown
39.8599562,-3.602103,Kilifi,Kilifi North,Sokoni,Abattoir,Cattle,Unknown,No,No,Unknown,No,Unknown,No,Unknown
39.8599562,-3.602103,Kilifi,Kilifi North,Sokoni,Abattoir,Goats,Unknown,No,Unknown,No,No,No,Unknown,Unknown
38.1364081,0.1348636,Meru,Igembe North,Antuambui,Clinic,Cattle,Mixed,No,No,Unknown,No,Unknown,No,Unknown
35.8520227,0.5911926,Baringo,Baringo South,Marigat,Crush,Cattle,Mixed,No,No,Unknown,No,Unknown,No,Unknown
35.8520227,0.5911926,Baringo,Baringo South,Marigat,Crush,Sheep,Mixed,No,Unknown,No,No,Unknown,Unknown,Unknown
37.9878917,0.3377787,Meru,Igembe North,Antubetwe Kiongo,Abattoir,Cattle,Extensive,No,Unknown,Unknown,No,Unknown,No,Unknown
35.710142,-1.8135014,Narok,Narok South,Loita,Village/Farm,Cattle,Mixed,No,No,Unknown,Unknown,Unknown,No,Unknown
35.7986842,0.6381508,Baringo,Baringo North,Barwessa,Crush,Cattle,Extensive,No,No,Unknown,No,Unknown,No,Unknown
35.6134695,0.9512588,Baringo,Baringo North,Barwessa,Crush,Goats,Extensive,No,Unknown,No,No,No,Unknown,Unknown
36.8045781,1.15888,Samburu,Samburu North,Baawa,Village/Farm,Chicken,Extensive,Unknown,Unknown,Unknown,Unknown,Unknown,Unknown,No
38.0871099,-2.5882943,Makueni,Kibwezi East,Mtito Andei,Market,Cattle,Unknown,No,No,Unknown,No,Unknown,No,Unknown
38.0871099,-2.5882943,Makueni,Kibwezi East,Mtito Andei,Market,Goats,Unknown,No,Unknown,No,No,No,Unknown,Unknown
38.0788473,-2.5826381,Makueni,Kibwezi East,Mtito Andei,Market,Sheep,Unknown,No,Unknown,No,No,Unknown,Unknown,Unknown
38.0871099,-2.5882943,Makueni,Kibwezi East,Ivingoni/Nzambani,Market,Chicken,Unknown,Unknown,Unknown,Unknown,Unknown,Unknown,Unknown,No
39.878023,3.421448,Mandera,Mandera West,Takaba South,Village/Farm,Cattle,Extensive,No,No,Unknown,No,Unknown,No,Unknown
35.788,0.488,Baringo,Baringo Central,Ewalel/Chapchap,Village/Farm,Cattle,Intensive,No,No,Unknown,No,Unknown,No,Unknown
36.238845,-0.2690003,Nakuru,Bahati,Kiamaina,Abattoir,Sheep,Extensive,No,Unknown,No,Unknown,Unknown,Unknown,Unknown
37.5207397,-1.9269396,Makueni,Makueni,Nzaui/Kilili/Kalamba,Village/Farm,Cattle,Mixed,No,No,Unknown,No,Unknown,No,Unknown
35.7447087,0.4920214,Baringo,Baringo Central,Ewalel/Chapchap,Crush,Goats,Mixed,No,Unknown,No,No,No,Unknown,Unknown
37.9402156,0.3496196,Meru,Igembe North,Antuambui,Abattoir,Sheep,Extensive,No,Unknown,Unknown,No,Unknown,Unknown,Unknown
35.7447,0.492021,Baringo,Baringo Central,Ewalel/Chapchap,Crush,Cattle,Extensive,No,No,Unknown,No,Unknown,No,Unknown
35.5067735,0.6583514,Baringo,Baringo Central,Kabarnet,Crush,Cattle,Extensive,No,No,Unknown,No,Unknown,No,Unknown
39.4878843,-4.4551266,Kwale,Msambweni,Kinondo,Village/Farm,Chicken,Mixed,Unknown,Unknown,Unknown,Unknown,Unknown,Unknown,No
39.505077,-4.4225475,Kwale,Msambweni,Kinondo,Village/Farm,Cattle,Mixed,No,Unknown,Unknown,Unknown,Unknown,Unknown,Unknown
35.7360814,0.4864285,Baringo,Baringo Central,Kabarnet,Crush,Sheep,Extensive,No,Unknown,Unknown,No,Unknown,Unknown,Unknown
39.8104749,-3.7976933,Kilifi,Kilifi South,Junju,Abattoir,Cattle,Mixed,No,No,Unknown,No,Unknown,No,Unknown
37.5706027,0.3245138,Isiolo,Isiolo North,Burat,Village/Farm,Cattle,Intensive,No,No,Unknown,No,Unknown,No,Unknown
37.5739323,0.3273005,Isiolo,Isiolo North,Wabera,Village/Farm,Sheep,Extensive,No,Unknown,No,Unknown,Unknown,Unknown,Unknown
37.5511376,0.2728433,Isiolo,Isiolo North,Burat,Village/Farm,Cattle,Extensive,No,No,Unknown,No,Unknown,No,Unknown
40.3444281,3.9397196,Mandera,Banissa,Banissa,Abattoir,Camel,Extensive,No,Unknown,Unknown,No,Unknown,Unknown,Unknown
0.00893,37.0566,Samburu,Samburu East,Wamba North,Village/Farm,Cattle,Extensive,No,Unknown,Unknown,No,Unknown,No,Unknown
0.0627,37.90013,Samburu,Samburu East,Wamba North,Village/Farm,Camel,Extensive,No,Unknown,Unknown,Unknown,Unknown,Unknown,Unknown
0.6921,37.08693,Samburu,Samburu East,Wamba North,Village/Farm,Chicken,Extensive,Unknown,Unknown,Unknown,Unknown,Unknown,Unknown,No
0.0863,37.0692,Samburu,Samburu East,Wamba North,Village/Farm,Goats,Extensive,No,Unknown,No,No,No,Unknown,Unknown
0.87501,37.0009,Samburu,Samburu East,Wamba North,Village/Farm,Sheep,Extensive,No,Unknown,No,No,Unknown,Unknown,Unknown
35.7447,0.492021,Baringo,Baringo Central,Ewalel/Chapchap,Crush,Goats,Extensive,No,Unknown,No,No,No,Unknown,Unknown
39.4585619,-4.1782368,Kwale,Matuga,Tsimba Golini,Village/Farm,Goats,Extensive,Unknown,Unknown,No,Unknown,No,Unknown,Unknown
35.7423517,0.4933868,Baringo,Baringo Central,Tenges,Crush,Cattle,Mixed,No,No,Unknown,No,Unknown,No,Unknown
39.5679651,-4.2988886,Kwale,Msambweni,Gombato Bongwe,Village/Farm,Cattle,Extensive,No,No,Unknown,No,Unknown,No,Unknown
0.0,0.0,Kwale,Msambweni,Kinondo,Village/Farm,Cattle,Extensive,No,No,Unknown,No,Unknown,No,Unknown
0.0,0.0,Kwale,Msambweni,Ramisi,Village/Farm,Cattle,Extensive,No,No,Unknown,No,Unknown,No,Unknown
0.0,0.0,Kwale,Msambweni,Kinondo,Village/Farm,Sheep,Extensive,No,Unknown,No,No,Unknown,Unknown,Unknown
0.0,0.0,Kwale,Msambweni,Kinondo,Village/Farm,Goats,Extensive,No,Unknown,No,No,No,Unknown,Unknown
39.8847494,-3.5222031,Kilifi,Kilifi North,Tezo,Abattoir,Cattle,Unknown,No,No,Unknown,No,Unknown,No,Unknown
40.5281334,2.8687387,Mandera,Mandera South,Shimbir Fatuma,Village/Farm,Cattle,Extensive,No,No,Unknown,No,Unknown,No,Unknown
40.5281334,2.8687387,Mandera,Mandera South,Shimbir Fatuma,Village/Farm,Camel,Extensive,No,Unknown,Unknown,No,Unknown,Unknown,Unknown
40.5281334,2.8687387,Mandera,Mandera South,Shimbir Fatuma,Village/Farm,Sheep,Extensive,No,Unknown,No,No,Unknown,Unknown,Unknown
35.1253308,0.1312488,Nandi,Nandi Hills,Nandi Hills,Village/Farm,Cattle,Extensive,No,No,Unknown,No,Unknown,No,Unknown
35.2363095,-1.274582,Narok,Narok West,Mara,Village/Farm,Sheep,Extensive,No,Unknown,Unknown,Unknown,Unknown,Unknown,Unknown
35.8523634,-1.8471908,Narok,Narok South,Loita,Village/Farm,Sheep,Mixed,No,Unknown,No,No,Unknown,Unknown,Unknown
37.5922424,0.3879605,Isiolo,Isiolo North,Burat,Village/Farm,Cattle,Extensive,No,No,Unknown,No,Unknown,No,Unknown
37.5819228,0.3592606,Isiolo,Isiolo North,Burat,Village/Farm,Sheep,Extensive,No,Unknown,No,No,Unknown,Unknown,Unknown
36.9222305,-0.9972757,Kiambu,Gatundu South,Ngenda,Village/Farm,Cattle,Intensive,No,No,Unknown,No,Unknown,No,Unknown
0.0,0.0,Mandera,Mandera East,Arabia,Village/Farm,Cattle,Extensive,No,No,Unknown,No,Unknown,No,Unknown
39.3028209,-4.1371167,Kwale,Kinango,Ndavaya,Market,Goats,Unknown,No,Unknown,No,Unknown,No,Unknown,Unknown
41.3640881,3.9094423,Mandera,Lafey,Libehia,Crush,Cattle,Extensive,No,No,Unknown,No,Unknown,No,Unknown
35.7625506,-1.1504851,Narok,Narok North,Narok Town,Village/Farm,Cattle,Unknown,Unknown,Unknown,Unknown,Unknown,Unknown,Unknown,Unknown
35.9916229,-1.1108652,Narok,Narok North,Narok Town,Village/Farm,Cattle,Unknown,Unknown,Unknown,Unknown,Unknown,Unknown,Unknown,Unknown
36.0337757,0.6164962,Baringo,Baringo North,Saimo/Soi,Crush,Goats,Extensive,No,Unknown,No,No,No,Unknown,Unknown
39.8101532,-3.817224,Kilifi,Kilifi South,Junju,Abattoir,Cattle,Mixed,No,No,Unknown,No,Unknown,No,Unknown
39.8101532,-3.817224,Kilifi,Kilifi South,Junju,Abattoir,Goats,Mixed,No,Unknown,No,No,No,Unknown,Unknown
36.0317359,0.7424317,Baringo,Baringo North,Saimo/Soi,Crush,Goats,Extensive,No,Unknown,No,No,No,Unknown,Unknown
36.3152117,0.4167626,Baringo,Baringo North,Saimo/Soi,Crush,Goats,Mixed,No,Unknown,No,No,No,Unknown,Unknown
36.2167536,-1.1049981,Narok,Narok East,Keekonyokie,Village/Farm,Cattle,Mixed,No,No,Unknown,No,Unknown,No,Unknown
37.9561113,-2.4084091,Makueni,Kibwezi East,Thange,Village/Farm,Goats,Mixed,No,Unknown,No,Unknown,No,Unknown,Unknown
0.0,0.0,Mandera,Lafey,Libehia,Village/Farm,Cattle,Extensive,No,No,Unknown,No,Unknown,No,Unknown
41.2568529,3.9343156,Mandera,Lafey,Libehia,Village/Farm,Cattle,Extensive,No,No,Unknown,No,Unknown,No,Unknown
38.53162,0.08953,Baringo,Baringo Central,Ewalel/Chapchap,Village/Farm,Cattle,Intensive,No,No,Unknown,No,Unknown,No,Unknown
38.53162,0.08953,Baringo,Baringo Central,Ewalel/Chapchap,Village/Farm,Goats,Extensive,No,Unknown,No,No,No,Unknown,Unknown
38.53162,0.08953,Baringo,Baringo Central,Ewalel/Chapchap,Village/Farm,Sheep,Extensive,No,Unknown,No,No,Unknown,Unknown,Unknown
38.0828135,-2.5832417,Makueni,Kibwezi East,Ivingoni/Nzambani,Village/Farm,Cattle,Mixed,No,No,Unknown,No,Unknown,No,Unknown
35.9763001,0.4629314,Baringo,Baringo South,Marigat,Crush,Goats,Mixed,No,Unknown,No,No,No,Unknown,Unknown
0.0,0.0,Kwale,Msambweni,Kinondo,Abattoir,Cattle,Extensive,Unknown,Unknown,Unknown,Unknown,Unknown,No,Unknown
39.5222697,-4.3899685,Kwale,Msambweni,Kinondo,Village/Farm,Cattle,Mixed,Unknown,Unknown,Unknown,Unknown,Unknown,No,Unknown
0.0,0.0,Kwale,Msambweni,Kinondo,Abattoir,Cattle,Extensive,No,Unknown,Unknown,Unknown,Unknown,Unknown,Unknown
37.2099833,-1.770705,Makueni,Kilome,Kiima Kiu/Kalanzoni,Village/Farm,Cattle,Mixed,No,No,Unknown,No,Unknown,No,Unknown
39.4173171,-4.3993939,Kwale,Msambweni,Ramisi,Village/Farm,Goats,Mixed,No,Unknown,No,No,No,Unknown,Unknown
36.0245961,0.3950316,Baringo,Baringo South,Ilchamus,Crush,Cattle,Unknown,No,No,Unknown,No,Unknown,No,Unknown
37.1380031,-1.807398,Makueni,Kilome,Kiima Kiu/Kalanzoni,Market,Chicken,Mixed,Unknown,Unknown,Unknown,Unknown,Unknown,Unknown,No
35.2902671,-0.5390819,Bomet,Konoin,Kimulot,Village/Farm,Cattle,Mixed,No,No,Unknown,No,Unknown,No,Unknown
41.6044563,3.9496266,Mandera,Mandera East,Arabia,Village/Farm,Cattle,Extensive,No,No,Unknown,No,Unknown,No,Unknown
41.6789479,3.7562998,Mandera,Lafey,Libehia,Village/Farm,Camel,Extensive,No,Unknown,Unknown,No,Unknown,Unknown,Unknown
37.9875607,0.3419608,Meru,Igembe North,Antubetwe Kiongo,Abattoir,Goats,Extensive,No,Unknown,No,No,No,Unknown,Unknown
37.735485,-1.929415,Makueni,Makueni,Kathonzweni,Village/Farm,Chicken,Mixed,Unknown,Unknown,Unknown,Unknown,Unknown,Unknown,Unknown
37.72953,-1.861615,Makueni,Makueni,Mavindini,Village/Farm,Chicken,Mixed,Unknown,Unknown,Unknown,Unknown,Unknown,Unknown,Unknown
38.0874404,-2.5848131,Makueni,Kibwezi East,Ivingoni/Nzambani,Market,Cattle,Unknown,No,No,Unknown,No,Unknown,No,Unknown
38.0874404,-2.5848131,Makueni,Kibwezi East,Mtito Andei,Market,Goats,Unknown,No,Unknown,No,No,No,Unknown,Unknown
38.0874404,-2.5848131,Makueni,Kibwezi East,Mtito Andei,Market,Chicken,Unknown,Unknown,Unknown,Unknown,Unknown,Unknown,Unknown,No
38.0874404,-2.5848131,Makueni,Kibwezi East,Ivingoni/Nzambani,Market,Sheep,Unknown,No,Unknown,No,No,Unknown,Unknown,Unknown
39.1076919,-4.142677,Kwale,Kinango,Puma,Village/Farm,Chicken,Mixed,Unknown,Unknown,Unknown,Unknown,Unknown,Unknown,No
41.2276569,3.9318818,Mandera,Mandera North,Rhamu,Village/Farm,Cattle,Extensive,No,No,Unknown,No,Unknown,No,Unknown
35.1253308,0.1312488,Nandi,Nandi Hills,Nandi Hills,Village/Farm,Sheep,Extensive,No,Unknown,No,No,Unknown,Unknown,Unknown
35.1253308,0.1312488,Nandi,Nandi Hills,Nandi Hills,Village/Farm,Chicken,Extensive,Unknown,Unknown,Unknown,Unknown,Unknown,Unknown,No
41.1887052,3.150967,Mandera,Lafey,Lafey,Village/Farm,Cattle,Extensive,No,No,Unknown,No,Unknown,No,Unknown
41.1887052,3.150967,Mandera,Lafey,Lafey,Village/Farm,Chicken,Mixed,Unknown,Unknown,Unknown,Unknown,Unknown,Unknown,No
39.500832,2.7889094,Wajir,Wajir North,Batalu,Market,Goats,Extensive,No,Unknown,No,Unknown,No,Unknown,Unknown
39.4671702,-4.508118,Kwale,Msambweni,Ramisi,Village/Farm,Goats,Mixed,No,Unknown,No,No,No,Unknown,Unknown
39.4327229,-4.5007378,Kwale,Msambweni,Ramisi,Village/Farm,Cattle,Mixed,No,No,Unknown,No,Unknown,No,Unknown
37.6434853,-0.3346921,Tharaka-Nithi,Chuka/Igambang'Ombe,Mugwe,Village/Farm,Cattle,Mixed,Unknown,Unknown,Unknown,Unknown,Unknown,Unknown,Unknown
39.1076919,-4.1429315,Kwale,Kinango,Puma,Village/Farm,Chicken,Mixed,Unknown,Unknown,Unknown,Unknown,Unknown,Unknown,No
0.0,0.0,Mandera,Mandera East,Khalalio,Village/Farm,Cattle,Extensive,No,No,Unknown,No,Unknown,No,Unknown
39.8101532,-3.817224,Kilifi,Kilifi South,Junju,Abattoir,Cattle,Mixed,No,No,Unknown,No,Unknown,No,Unknown
39.8101532,-3.817224,Kilifi,Kilifi South,Junju,Abattoir,Goats,Mixed,No,Unknown,No,No,No,Unknown,Unknown
37.5839393,0.356833,Isiolo,Isiolo North,Burat,Village/Farm,Goats,Extensive,No,Unknown,No,No,No,Unknown,Unknown
37.5679389,0.3324635,Isiolo,Isiolo North,Bulla Pesa,Village/Farm,Goats,Extensive,No,Unknown,No,No,No,Unknown,Unknown
37.9406555,0.3509765,Meru,Igembe North,Antuambui,Abattoir,Sheep,Extensive,No,Unknown,Unknown,No,Unknown,Unknown,Unknown
35.1346134,0.2047914,Nandi,Chesumei,Kosirai,Village/Farm,Cattle,Extensive,No,No,Unknown,No,Unknown,No,Unknown
35.1346134,0.2047914,Nandi,Chesumei,Kosirai,Village/Farm,Chicken,Intensive,Unknown,Unknown,Unknown,Unknown,Unknown,Unknown,No
35.1346134,0.2047914,Nandi,Chesumei,Kosirai,Village/Farm,Cattle,Intensive,No,No,Unknown,No,Unknown,No,Unknown
38.02418333333333,-2.516671666666667,Makueni,Kibwezi East,Thange,Market,Cattle,Unknown,Unknown,No,Unknown,No,Unknown,No,Unknown
37.9875607,0.3377802,Meru,Igembe North,Antubetwe Kiongo,Abattoir,Goats,Extensive,No,Unknown,No,No,No,Unknown,Unknown
35.0826868,0.2536858,Nandi,Chesumei,Chemundu/Kapng'Etuny,Village/Farm,Cattle,Extensive,No,No,Unknown,No,Unknown,No,Unknown
35.0826868,0.2536858,Nandi,Chesumei,Chemundu/Kapng'Etuny,Village/Farm,Chicken,Extensive,Unknown,Unknown,Unknown,Unknown,Unknown,Unknown,No
35.8977675,0.2344299,Baringo,Mogotio,Emining,Village/Farm,Goats,Mixed,Unknown,Unknown,Unknown,Unknown,No,Unknown,Unknown
35.0964453,0.4999919,Nandi,Mosop,Ndalat,Village/Farm,Cattle,Mixed,No,No,Unknown,No,Unknown,No,Unknown
36.1255129,-0.0439312,Baringo,Mogotio,Kisanana,Village/Farm,Cattle,Mixed,No,No,Unknown,No,Unknown,No,Unknown
36.1255129,-0.0439312,Baringo,Mogotio,Kisanana,Village/Farm,Goats,Mixed,No,Unknown,No,No,No,Unknown,Unknown
37.3662929,-2.0215472,Makueni,Kilome,Kasikeu,Abattoir,Cattle,Unknown,No,No,Unknown,No,Unknown,No,Unknown
37.1300473,-2.0896288,Kajiado,Kajiado East,Imaroro,Village/Farm,Cattle,Mixed,No,No,Unknown,No,Unknown,No,Unknown
37.6632107,-0.3170282,Tharaka-Nithi,Chuka/Igambang'Ombe,Karingani,Abattoir,Goats,Unknown,Unknown,Unknown,Unknown,Unknown,Unknown,Unknown,Unknown
0.0,0.0,Nandi,Mosop,Kurgung/Surungai,Village/Farm,Cattle,Mixed,No,No,Unknown,No,Unknown,No,Unknown
34.9989106,0.4231837,Nandi,Mosop,Kurgung/Surungai,Village/Farm,Cattle,Mixed,No,No,Unknown,No,Unknown,No,Unknown
35.3966629,-0.8743732,Narok,Narok West,Mara,Village/Farm,Goats,Mixed,Unknown,Unknown,Unknown,No,Unknown,Unknown,Unknown
35.121205,-0.6870563,Bomet,Sotik,Chemagel,Crush,Cattle,Mixed,Unknown,Unknown,Unknown,No,Unknown,Unknown,Unknown
35.2617141,-0.9715126,Bomet,Chepalungu,Chebunyo,Village/Farm,Cattle,Extensive,No,No,Unknown,No,Unknown,No,Unknown
35.121205,-0.6870563,Bomet,Sotik,Chemagel,Crush,Cattle,Mixed,Unknown,Unknown,Unknown,No,Unknown,Unknown,Unknown
34.9804489,0.0575554,Nandi,Aldai,Kobujoi,Village/Farm,Sheep,Mixed,No,Unknown,No,Unknown,Unknown,Unknown,Unknown
35.0300396,-0.5379924,Kericho,Bureti,Cheboin,Village/Farm,Cattle,Extensive,No,No,Unknown,No,Unknown,No,Unknown
37.5876746,0.350755,Isiolo,Isiolo North,Wabera,Village/Farm,Cattle,Extensive,No,No,Unknown,No,Unknown,No,Unknown
37.5832136,0.3494735,Isiolo,Isiolo North,Wabera,Village/Farm,Sheep,Extensive,No,Unknown,No,No,Unknown,Unknown,Unknown
37.5876746,0.350755,Isiolo,Isiolo North,Wabera,Village/Farm,Goats,Extensive,No,Unknown,No,No,No,Unknown,Unknown
37.3658999,-2.0103867,Makueni,Kilome,Kasikeu,Abattoir,Cattle,Unknown,No,No,Unknown,No,Unknown,No,Unknown
37.3658999,-2.0103867,Makueni,Kilome,Kasikeu,Abattoir,Goats,Unknown,No,Unknown,No,No,No,Unknown,Unknown
0.0,0.0,Mandera,Mandera East,Arabia,Crush,Goats,Extensive,No,Unknown,No,Unknown,No,Unknown,Unknown
0.0,0.0,Mandera,Mandera East,Arabia,Village/Farm,Goats,Extensive,No,Unknown,No,Unknown,No,Unknown,Unknown
41.6266257,3.9571722,Mandera,Mandera East,Khalalio,Village/Farm,Camel,Extensive,No,Unknown,Unknown,No,Unknown,Unknown,Unknown
41.6777701,3.7546886,Mandera,Mandera East,Khalalio,Village/Farm,Sheep,Extensive,No,Unknown,No,Unknown,Unknown,Unknown,Unknown
39.5221937,-4.3899699,Kwale,Msambweni,Kinondo,Village/Farm,Cattle,Intensive,Unknown,Unknown,Unknown,No,Unknown,Unknown,Unknown
39.5221937,-4.3899699,Kwale,Msambweni,Kinondo,Village/Farm,Chicken,Mixed,Unknown,Unknown,Unknown,Unknown,Unknown,Unknown,No
39.4059734,-4.522856,Kwale,Msambweni,Ukunda,Village/Farm,Cattle,Extensive,No,No,Unknown,No,Unknown,No,Unknown
37.996051666666666,-2.482833333333333,Makueni,Kibwezi East,Thange,Abattoir,Cattle,Unknown,Unknown,No,Unknown,No,Unknown,No,Unknown
38.03384166666667,-2.525041666666666,Makueni,Kibwezi East,Thange,Abattoir,Cattle,Unknown,Unknown,No,Unknown,No,Unknown,No,Unknown
38.53045,0.96818,Baringo,Baringo Central,Ewalel/Chapchap,Village/Farm,Cattle,Extensive,No,No,Unknown,No,Unknown,No,Unknown
38.53045,0.96818,Baringo,Baringo Central,Ewalel/Chapchap,Village/Farm,Sheep,Extensive,No,Unknown,No,No,Unknown,Unknown,Unknown
34.7808113,-1.3506881,Narok,Transmara West,Angata Barikoi,Village/Farm,Cattle,Mixed,No,No,Unknown,No,Unknown,No,Unknown
39.5372816,-4.3534806,Kwale,Msambweni,Kinondo,Village/Farm,Cattle,Mixed,No,Unknown,Unknown,Unknown,Unknown,Unknown,Unknown
39.4240759,-4.3662614,Kwale,Msambweni,Kinondo,Village/Farm,Cattle,Mixed,Unknown,Unknown,Unknown,Unknown,Unknown,No,Unknown
39.5723279,-4.3203631,Kwale,Msambweni,Kinondo,Village/Farm,Cattle,Mixed,Unknown,Unknown,Unknown,No,Unknown,Unknown,Unknown
39.564779,-4.3265485,Kwale,Msambweni,Kinondo,Village/Farm,Cattle,Mixed,No,Unknown,Unknown,Unknown,Unknown,Unknown,Unknown
0.0,0.0,Kwale,Msambweni,Ukunda,Village/Farm,Cattle,Mixed,No,Unknown,Unknown,Unknown,Unknown,Unknown,Unknown
0.0,0.0,Kwale,Msambweni,Kinondo,Crush,Cattle,Extensive,No,Unknown,Unknown,Unknown,Unknown,Unknown,Unknown
39.5377043,-4.3521555,Kwale,Msambweni,Kinondo,Village/Farm,Cattle,Mixed,No,Unknown,Unknown,Unknown,Unknown,Unknown,Unknown
0.0,0.0,Kwale,Msambweni,Kinondo,Abattoir,Cattle,Extensive,Unknown,Unknown,Unknown,Unknown,Unknown,No,Unknown
39.4879423,-4.4549688,Kwale,Msambweni,Kinondo,Village/Farm,Cattle,Mixed,Unknown,Unknown,Unknown,No,Unknown,Unknown,Unknown
39.4879423,-4.4549688,Kwale,Msambweni,Kinondo,Village/Farm,Cattle,Mixed,Unknown,Unknown,Unknown,Unknown,Unknown,No,Unknown
36.7054105,1.0919508,Samburu,Samburu West,Maralal,Market,Cattle,Extensive,No,No,Unknown,No,Unknown,No,Unknown
36.7054105,1.0919508,Samburu,Samburu West,Maralal,Market,Sheep,Extensive,No,Unknown,No,No,Unknown,Unknown,Unknown
36.7054105,1.0919508,Samburu,Samburu West,Maralal,Market,Goats,Extensive,No,Unknown,No,No,No,Unknown,Unknown
40.0612275,1.7525626,Wajir,Wajir East,Wagberi,Market,Goats,Extensive,No,Unknown,No,Unknown,No,Unknown,Unknown
35.8318191,-1.3943309,Narok,Narok South,Majimoto/Naroosura,Village/Farm,Sheep,Extensive,No,Unknown,No,No,Unknown,Unknown,Unknown
36.3688769,-1.715329,Narok,Narok South,Majimoto/Naroosura,Crush,Cattle,Extensive,No,No,Unknown,No,Unknown,No,Unknown
35.8318191,-1.3943309,Narok,Narok South,Majimoto/Naroosura,Village/Farm,Goats,Extensive,No,Unknown,No,No,No,Unknown,Unknown
35.8318191,-1.3943309,Narok,Narok South,Majimoto/Naroosura,Village/Farm,Goats,Extensive,No,Unknown,No,No,No,Unknown,Unknown
35.8290575,-1.3685612,Narok,Narok South,Majimoto/Naroosura,Village/Farm,Sheep,Extensive,No,Unknown,No,No,Unknown,Unknown,Unknown
35.8318191,-1.3943309,Narok,Narok South,Majimoto/Naroosura,Village/Farm,Sheep,Extensive,No,Unknown,No,No,Unknown,Unknown,Unknown
36.0470802,-1.1054119,Narok,Narok South,Majimoto/Naroosura,Village/Farm,Goats,Extensive,No,Unknown,No,No,No,Unknown,Unknown
36.3688769,-1.715329,Narok,Narok South,Majimoto/Naroosura,Crush,Goats,Extensive,No,Unknown,No,No,No,Unknown,Unknown
36.0976634,-1.0946145,Narok,Narok East,Mosiro,Market,Sheep,Extensive,No,Unknown,No,No,Unknown,Unknown,Unknown
36.0976634,-1.0946145,Narok,Narok East,Mosiro,Market,Goats,Extensive,No,Unknown,No,No,No,Unknown,Unknown
36.0976634,-1.0946145,Narok,Narok East,Mosiro,Market,Cattle,Extensive,No,No,Unknown,No,Unknown,No,Unknown
36.0898502,-1.126896,Narok,Narok East,Ildamat,Village/Farm,Cattle,Extensive,No,No,Unknown,No,Unknown,No,Unknown
36.098066,-1.0940879,Narok,Narok East,Ildamat,Village/Farm,Cattle,Extensive,No,No,Unknown,No,Unknown,No,Unknown
36.098066,-1.0940879,Narok,Narok East,Ildamat,Village/Farm,Sheep,Extensive,No,Unknown,No,No,Unknown,Unknown,Unknown
37.735485,-1.929415,Makueni,Makueni,Kathonzweni,Village/Farm,Chicken,Mixed,Unknown,Unknown,Unknown,Unknown,Unknown,Unknown,Unknown
37.7330284,-1.9148706,Makueni,Makueni,Kathonzweni,Abattoir,Cattle,Unknown,No,No,Unknown,No,Unknown,No,Unknown
39.5874308,-4.2030015,Kwale,Matuga,Tiwi,Village/Farm,Cattle,Mixed,No,No,Unknown,No,Unknown,No,Unknown
0.0,0.0,Siaya,Ugenya,North Ugenya,Village/Farm,Cattle,Intensive,No,No,Unknown,No,Unknown,No,Unknown
0.0,0.0,Siaya,Ugenya,North Ugenya,Village/Farm,Sheep,Mixed,No,Unknown,No,No,Unknown,Unknown,Unknown
0.0,0.0,Kwale,Msambweni,Gombato Bongwe,Village/Farm,Goats,Extensive,No,Unknown,No,No,No,Unknown,Unknown
0.0,0.0,Kwale,Msambweni,Gombato Bongwe,Village/Farm,Cattle,Extensive,No,No,Unknown,No,Unknown,No,Unknown
0.0,0.0,Kwale,Msambweni,Ukunda,Village/Farm,Cattle,Extensive,No,No,Unknown,No,Unknown,No,Unknown
0.0,0.0,Kwale,Matuga,Tsimba Golini,Village/Farm,Cattle,Extensive,No,No,Unknown,No,Unknown,No,Unknown
0.0,0.0,Kwale,Msambweni,Gombato Bongwe,Village/Farm,Cattle,Extensive,No,No,Unknown,No,Unknown,No,Unknown
36.7054105,1.0919508,Samburu,Samburu West,Maralal,Market,Cattle,Extensive,No,No,Unknown,No,Unknown,No,Unknown
36.7054105,1.0919508,Samburu,Samburu West,Maralal,Market,Sheep,Extensive,No,Unknown,No,No,Unknown,Unknown,Unknown
36.6984558,1.0913347,Samburu,Samburu West,Maralal,Market,Goats,Extensive,No,Unknown,No,No,No,Unknown,Unknown
39.5221336,-4.3900295,Kwale,Msambweni,Kinondo,Village/Farm,Cattle,Extensive,No,No,Unknown,No,Unknown,No,Unknown
37.9395532,0.3512501,Meru,Igembe North,Antuambui,Abattoir,Sheep,Extensive,No,Unknown,No,No,Unknown,Unknown,Unknown
36.6303913,1.3425767,Samburu,Samburu North,Angata Nanyokie,Village/Farm,Cattle,Extensive,No,No,Unknown,No,Unknown,No,Unknown
36.6303913,1.3425767,Samburu,Samburu North,Angata Nanyokie,Village/Farm,Sheep,Extensive,No,Unknown,No,No,Unknown,Unknown,Unknown
36.6303913,1.3425767,Samburu,Samburu North,Angata Nanyokie,Village/Farm,Goats,Extensive,No,Unknown,No,No,No,Unknown,Unknown
39.5737983,-4.2861675,Kwale,Msambweni,Gombato Bongwe,Village/Farm,Goats,Extensive,No,Unknown,No,No,No,Unknown,Unknown
36.6303913,1.3425767,Samburu,Samburu North,Angata Nanyokie,Village/Farm,Camel,Extensive,No,Unknown,Unknown,Unknown,Unknown,Unknown,Unknown
35.185477,-1.3199756,Narok,Narok West,Mara,Village/Farm,Cattle,Extensive,No,Unknown,Unknown,Unknown,Unknown,Unknown,Unknown
36.3013938,0.89098162,Baringo,Tiaty,Tangulbei/Korossi,Crush,Goats,Extensive,No,Unknown,No,No,No,Unknown,Unknown
36.7009728,1.0976385,Samburu,Samburu West,Maralal,Village/Farm,Cattle,Extensive,No,No,Unknown,No,Unknown,No,Unknown
36.7009728,1.0976385,Samburu,Samburu West,Maralal,Village/Farm,Sheep,Intensive,No,Unknown,No,No,Unknown,Unknown,Unknown
36.7009728,1.0976385,Samburu,Samburu West,Maralal,Village/Farm,Goats,Intensive,No,Unknown,No,No,No,Unknown,Unknown
37.4272794,-2.0560226,Makueni,Kaiti,Ukia,Village/Farm,Cattle,Mixed,No,Unknown,Unknown,No,Unknown,No,Unknown
37.4313121,-1.7279191,Makueni,Kaiti,Ukia,Village/Farm,Sheep,Mixed,No,Unknown,No,Unknown,Unknown,Unknown,Unknown
37.4272794,-2.0560226,Makueni,Kaiti,Ukia,Village/Farm,Goats,Mixed,No,Unknown,No,Unknown,No,Unknown,Unknown
39.5001853,2.7894246,Wajir,Wajir North,Batalu,Village/Farm,Cattle,Extensive,No,No,Unknown,No,Unknown,Unknown,Unknown
36.3013938,0.89098162,Baringo,Tiaty,Tangulbei/Korossi,Crush,Sheep,Extensive,No,Unknown,No,No,Unknown,Unknown,Unknown
39.5657925,-4.2877613,Kwale,Msambweni,Ukunda,Village/Farm,Cattle,Intensive,No,No,Unknown,No,Unknown,No,Unknown
0.0,0.0,Kiambu,Gatundu South,Ngenda,Village/Farm,Cattle,Intensive,No,No,Unknown,No,Unknown,No,Unknown
0.0,0.0,Kiambu,Gatundu South,Ngenda,Village/Farm,Chicken,Extensive,Unknown,Unknown,Unknown,Unknown,Unknown,Unknown,No
0.0,0.0,Kiambu,Gatundu South,Ngenda,Village/Farm,Sheep,Intensive,No,Unknown,No,No,Unknown,Unknown,Unknown
39.5557781,-4.3048877,Kwale,Msambweni,Ukunda,Village/Farm,Cattle,Intensive,No,No,Unknown,No,Unknown,No,Unknown
36.9273811,-0.995893,Kiambu,Gatundu North,Mang'U,Village/Farm,Cattle,Intensive,No,No,Unknown,No,Unknown,No,Unknown
36.9273811,-0.995893,Kiambu,Gatundu North,Mang'U,Village/Farm,Chicken,Extensive,Unknown,Unknown,Unknown,Unknown,Unknown,Unknown,No
36.041728,1.0265058,Baringo,Tiaty,Silale,Crush,Goats,Extensive,No,Unknown,No,No,No,Unknown,Unknown
36.041828,1.026492,Baringo,Tiaty,Silale,Crush,Sheep,Extensive,No,Unknown,No,No,Unknown,Unknown,Unknown
39.548024,-4.3246809,Kwale,Msambweni,Ukunda,Village/Farm,Cattle,Intensive,No,No,Unknown,No,Unknown,No,Unknown
39.5928389,-4.2726101,Kwale,Msambweni,Gombato Bongwe,Village/Farm,Cattle,Extensive,No,No,Unknown,No,Unknown,No,Unknown
39.5014787,2.7893728,Wajir,Wajir North,Batalu,Village/Farm,Camel,Extensive,No,Unknown,Unknown,Unknown,Unknown,Unknown,Unknown
39.5014787,2.7893728,Wajir,Wajir North,Batalu,Village/Farm,Cattle,Extensive,No,No,Unknown,No,Unknown,Unknown,Unknown
35.1923481,-0.5907339,Kericho,Bureti,Litein,Abattoir,Chicken,Unknown,Unknown,Unknown,Unknown,Unknown,Unknown,Unknown,No
37.5901139,0.3473947,Isiolo,Isiolo North,Wabera,Village/Farm,Goats,Extensive,No,Unknown,No,No,No,Unknown,Unknown
36.0628369,-0.288875,Nakuru,Nakuru Town East,Biashara,Market,Chicken,Mixed,Unknown,Unknown,Unknown,Unknown,Unknown,Unknown,No
35.8693992,-1.0907008,Narok,Narok North,Narok Town,Market,Chicken,Unknown,Unknown,Unknown,Unknown,Unknown,Unknown,Unknown,No
35.8618141,-1.0990766,Narok,Narok North,Narok Town,Village/Farm,Chicken,Unknown,Unknown,Unknown,Unknown,Unknown,Unknown,Unknown,Unknown
36.9064181,-1.0137756,Kiambu,Gatundu South,Ngenda,Village/Farm,Cattle,Intensive,No,No,Unknown,No,Unknown,No,Unknown
36.9064181,-1.0137756,Kiambu,Gatundu South,Ngenda,Village/Farm,Sheep,Mixed,No,Unknown,No,No,Unknown,Unknown,Unknown
36.9064181,-1.0137756,Kiambu,Gatundu South,Ngenda,Village/Farm,Goats,Mixed,No,Unknown,No,No,No,Unknown,Unknown
0.0,0.0,Tharaka-Nithi,Chuka/Igambang'Ombe,Magumoni,Village/Farm,Goats,Mixed,Unknown,Unknown,Unknown,Unknown,Unknown,Unknown,Unknown
0.0,0.0,Kericho,Bureti,Litein,Abattoir,Cattle,Unknown,No,No,Unknown,No,Unknown,No,Unknown
0.0,0.0,Kericho,Bureti,Kapkatet,Market,Cattle,Unknown,No,No,Unknown,No,Unknown,No,Unknown
35.1926916,-0.5912166,Kericho,Bureti,Litein,Abattoir,Cattle,Unknown,No,No,Unknown,No,Unknown,No,Unknown
35.1923481,-0.5897636,Kericho,Bureti,Litein,Abattoir,Sheep,Unknown,No,Unknown,No,No,Unknown,Unknown,Unknown
40.1572702,-3.1196534,Kilifi,Magarini,Magarini,Abattoir,Cattle,Unknown,No,No,Unknown,No,Unknown,No,Unknown
40.1572702,-3.1110909,Kilifi,Magarini,Magarini,Abattoir,Goats,Unknown,No,Unknown,No,No,No,Unknown,Unknown
0.4725,37.256,Samburu,Samburu East,Wamba West,Crush,Goats,Extensive,No,Unknown,No,No,No,Unknown,Unknown
0.4725,37.256,Samburu,Samburu East,Wamba West,Crush,Sheep,Extensive,No,Unknown,No,No,Unknown,Unknown,Unknown
40.0842918,-3.2164309,Kilifi,Malindi,Malindi Town,Village/Farm,Goats,Extensive,No,Unknown,No,No,No,Unknown,Unknown
0.0,0.0,Tharaka-Nithi,Maara,Mitheru,Village/Farm,Cattle,Mixed,Unknown,Unknown,Unknown,Unknown,Unknown,Unknown,Unknown
35.68447081,-0.99904266,Narok,Narok South,Ololulung'A,Village/Farm,Cattle,Mixed,No,No,Unknown,No,Unknown,No,Unknown
35.6844756,-0.99898931,Narok,Narok South,Ololulung'A,Village/Farm,Sheep,Mixed,No,Unknown,No,No,Unknown,Unknown,Unknown
35.8510004,-1.8492198,Narok,Narok South,Loita,Village/Farm,Cattle,Mixed,No,No,Unknown,Unknown,Unknown,No,Unknown
35.3697677,0.0129537,Nandi,Tinderet,Tindiret,Village/Farm,Goats,Extensive,Unknown,Unknown,Unknown,Unknown,No,Unknown,Unknown
35.9950599,0.4689948,Baringo,Baringo South,Marigat,Village/Farm,Cattle,Mixed,No,No,Unknown,No,Unknown,No,Unknown
35.9510391,0.4027582,Baringo,Baringo South,Marigat,Village/Farm,Sheep,Mixed,No,Unknown,No,No,Unknown,Unknown,Unknown
36.0230772,0.6187948,Baringo,Baringo South,Marigat,Village/Farm,Goats,Mixed,No,Unknown,No,No,No,Unknown,Unknown
37.7198338,-1.9015325,Makueni,Makueni,Kathonzweni,Abattoir,Cattle,Unknown,No,No,Unknown,No,Unknown,No,Unknown
37.5452923,0.2623377,Isiolo,Isiolo North,Burat,Village/Farm,Cattle,Extensive,No,No,Unknown,No,Unknown,No,Unknown
37.5452923,0.2623377,Isiolo,Isiolo North,Burat,Village/Farm,Sheep,Extensive,No,Unknown,No,No,Unknown,Unknown,Unknown
37.940878,0.3510113,Meru,Igembe North,Antuambui,Abattoir,Goats,Extensive,No,Unknown,No,No,No,Unknown,Unknown
37.2084482,-1.7659357,Makueni,Kilome,Kiima Kiu/Kalanzoni,Village/Farm,Cattle,Mixed,No,No,Unknown,No,Unknown,No,Unknown
3.0,3.0,Kilifi,Kilifi North,Kibarani,Village/Farm,Goats,Extensive,Unknown,Unknown,Unknown,Unknown,Unknown,Unknown,Unknown
37.6502207,0.5052353,Isiolo,Isiolo North,Ngare Mara,Village/Farm,Goats,Extensive,No,Unknown,No,Unknown,No,Unknown,Unknown
37.9988128,0.420968,Meru,Igembe North,Amwathi,Crush,Cattle,Extensive,No,Unknown,Unknown,No,Unknown,No,Unknown
37.3673556,-2.0218929,Makueni,Kilome,Kasikeu,Abattoir,Goats,Unknown,No,Unknown,No,No,No,Unknown,Unknown
37.3661606,-2.021875,Makueni,Kilome,Kasikeu,Abattoir,Cattle,Unknown,No,No,Unknown,No,Unknown,No,Unknown
37.9402156,0.3496196,Meru,Igembe North,Antuambui,Abattoir,Goats,Extensive,No,Unknown,No,No,No,Unknown,Unknown
36.8719458,-1.0165123,Kiambu,Gatundu South,Kiganjo,Village/Farm,Cattle,Intensive,No,No,Unknown,No,Unknown,No,Unknown
36.8719458,-1.0165123,Kiambu,Gatundu South,Kiganjo,Village/Farm,Sheep,Intensive,No,Unknown,No,No,Unknown,Unknown,Unknown
36.8719458,-1.0165123,Kiambu,Gatundu South,Kiganjo,Village/Farm,Chicken,Extensive,Unknown,Unknown,Unknown,Unknown,Unknown,Unknown,No
35.1920045,-0.5892809,Kericho,Bureti,Litein,Abattoir,Cattle,Unknown,No,No,Unknown,No,Unknown,No,Unknown
35.1913174,-0.5917118,Kericho,Bureti,Litein,Abattoir,Sheep,Unknown,No,Unknown,No,No,Unknown,Unknown,Unknown
35.1923481,-0.5897636,Kericho,Bureti,Litein,Abattoir,Goats,Unknown,No,Unknown,No,No,No,Unknown,Unknown
36.5849258,1.0208013,Samburu,Samburu West,Loosuk,Village/Farm,Cattle,Extensive,No,No,Unknown,No,Unknown,No,Unknown
36.8588318,-1.0207794,Kiambu,Gatundu South,Kiganjo,Village/Farm,Cattle,Intensive,No,No,Unknown,No,Unknown,No,Unknown
36.5913386,1.2186623,Samburu,Samburu West,Poro,Village/Farm,Cattle,Extensive,Unknown,No,Unknown,Unknown,Unknown,Unknown,Unknown
36.5906636,1.220131,Samburu,Samburu West,Poro,Village/Farm,Sheep,Extensive,No,Unknown,Unknown,Unknown,Unknown,Unknown,Unknown
36.8628671,-1.0245776,Kiambu,Gatundu South,Kiganjo,Village/Farm,Goats,Intensive,No,Unknown,No,No,No,Unknown,Unknown
36.8588318,-1.0207794,Kiambu,Gatundu South,Kiganjo,Village/Farm,Chicken,Intensive,Unknown,Unknown,Unknown,Unknown,Unknown,Unknown,No
37.939222,0.3500893,Meru,Igembe North,Antuambui,Abattoir,Sheep,Extensive,No,Unknown,Unknown,No,Unknown,Unknown,Unknown
37.3986998,-1.9094782,Makueni,Kilome,Mukaa,Abattoir,Goats,Unknown,No,Unknown,No,No,No,Unknown,Unknown
37.3844287,-1.8392788,Makueni,Kilome,Mukaa,Abattoir,Cattle,Unknown,No,No,Unknown,No,Unknown,No,Unknown
37.9588017,-2.4081667,Makueni,Kibwezi East,Masongaleni,Village/Farm,Cattle,Mixed,No,No,Unknown,No,Unknown,No,Unknown
37.9615333,-2.4070274,Makueni,Kibwezi East,Masongaleni,Village/Farm,Goats,Mixed,Unknown,Unknown,Unknown,No,No,Unknown,Unknown
37.9615333,-2.4070274,Makueni,Kibwezi East,Masongaleni,Village/Farm,Sheep,Mixed,No,Unknown,No,No,Unknown,Unknown,Unknown
37.9615333,-2.4070274,Makueni,Kibwezi East,Thange,Village/Farm,Cattle,Mixed,No,No,Unknown,No,Unknown,No,Unknown
37.9615333,-2.4070274,Makueni,Kibwezi East,Thange,Village/Farm,Goats,Mixed,No,Unknown,No,No,No,Unknown,Unknown
35.69760356,-0.94020782,Narok,Narok South,Ololulung'A,Village/Farm,Cattle,Mixed,No,No,Unknown,No,Unknown,No,Unknown
35.69770323,-0.94017798,Narok,Narok South,Ololulung'A,Village/Farm,Goats,Mixed,No,Unknown,No,No,No,Unknown,Unknown
35.69695014,-0.94053832,Narok,Narok South,Ololulung'A,Village/Farm,Sheep,Mixed,No,Unknown,No,No,Unknown,Unknown,Unknown
35.909874,1.146183,Baringo,Tiaty,Ribkwo,Crush,Sheep,Extensive,No,Unknown,No,No,Unknown,Unknown,Unknown
35.909874,1.1461683,Baringo,Tiaty,Ribkwo,Crush,Goats,Extensive,No,Unknown,No,No,No,Unknown,Unknown
0.0,0.0,Kwale,Msambweni,Kinondo,Village/Farm,Goats,Extensive,No,Unknown,No,No,No,Unknown,Unknown
0.0,0.0,Kwale,Msambweni,Kinondo,Village/Farm,Sheep,Extensive,No,Unknown,No,No,Unknown,Unknown,Unknown
0.0,0.0,Kwale,Msambweni,Kinondo,Village/Farm,Cattle,Extensive,No,No,Unknown,No,Unknown,No,Unknown
39.4953347,1.0144723,Wajir,Wajir South,Habasswein,Village/Farm,Goats,Extensive,No,Unknown,No,Unknown,No,Unknown,Unknown
39.4953347,1.0144723,Wajir,Wajir South,Habasswein,Village/Farm,Sheep,Extensive,No,Unknown,No,Unknown,Unknown,Unknown,Unknown
0.0,0.0,Kwale,Msambweni,Ramisi,Village/Farm,Goats,Extensive,No,Unknown,No,No,No,Unknown,Unknown
35.21372552,-0.39051879,Kericho,Belgut,Cheptororiet/Seretut,Village/Farm,Cattle,Intensive,No,No,Unknown,No,Unknown,No,Unknown
37.4205175,-19196330.0,Makueni,Kilome,Kasikeu,Abattoir,Cattle,Unknown,No,No,Unknown,No,Unknown,No,Unknown
35.3200463,0.0063018,Nandi,Tinderet,Songhor/Soba,Village/Farm,Cattle,Extensive,No,Unknown,Unknown,No,Unknown,Unknown,Unknown
35.2126144,-0.0396682,Nandi,Tinderet,Songhor/Soba,Village/Farm,Cattle,Mixed,No,No,Unknown,No,Unknown,Unknown,Unknown
34.7062117,-1.3563998,Narok,Transmara West,Angata Barikoi,Village/Farm,Cattle,Intensive,No,No,Unknown,No,Unknown,No,Unknown
34.785299,-1.3496174,Narok,Transmara West,Angata Barikoi,Village/Farm,Sheep,Intensive,No,Unknown,No,No,Unknown,Unknown,Unknown
34.787025,-1.3508357,Narok,Transmara West,Angata Barikoi,Village/Farm,Goats,Intensive,No,Unknown,No,No,No,Unknown,Unknown
41.2276569,3.9316356,Mandera,Mandera North,Rhamu,Market,Goats,Extensive,No,Unknown,No,No,No,Unknown,Unknown
34.3818575,-0.0718733,Siaya,Rarieda,East Asembo,Village/Farm,Cattle,Extensive,No,No,Unknown,No,Unknown,No,Unknown
34.382226,-0.0722798,Siaya,Rarieda,East Asembo,Village/Farm,Sheep,Extensive,No,Unknown,No,No,Unknown,Unknown,Unknown
35.7787265,0.5794564,Baringo,Baringo North,Kabartonjo,Village/Farm,Cattle,Extensive,No,No,Unknown,No,Unknown,No,Unknown
34.2901149,0.2889406,Siaya,Ugenya,East Ugenya,Village/Farm,Cattle,Extensive,No,No,Unknown,No,Unknown,No,Unknown
34.287477,0.2886751,Siaya,Ugenya,East Ugenya,Market,Sheep,Intensive,No,Unknown,No,No,Unknown,Unknown,Unknown
34.287477,0.2886751,Siaya,Ugenya,East Ugenya,Village/Farm,Goats,Extensive,No,Unknown,No,No,No,Unknown,Unknown
34.287477,0.2886751,Siaya,Ugenya,East Ugenya,Village/Farm,Chicken,Extensive,Unknown,Unknown,Unknown,Unknown,Unknown,Unknown,No
37.96937333333334,-2.4074516666666668,Makueni,Kibwezi West,Kikumbulyu South,Abattoir,Cattle,Unknown,No,No,Unknown,No,Unknown,No,Unknown
37.9673685,-2.4112517,Makueni,Kibwezi West,Kikumbulyu South,Abattoir,Goats,Unknown,No,Unknown,No,No,No,Unknown,Unknown
34.945322,0.1375358,Nandi,Emgwen,Kapkangani,Village/Farm,Cattle,Mixed,No,No,Unknown,No,Unknown,No,Unknown
37.9395532,0.3512501,Meru,Igembe North,Antubetwe Kiongo,Abattoir,Goats,Extensive,No,Unknown,No,No,No,Unknown,Unknown
37.9395532,0.3512501,Meru,Igembe North,Antuambui,Abattoir,Goats,Extensive,No,Unknown,No,No,No,Unknown,Unknown
37.1995143,-1.7346287,Makueni,Kilome,Kiima Kiu/Kalanzoni,Abattoir,Sheep,Unknown,No,Unknown,No,No,Unknown,Unknown,Unknown
37.3659076,-2.0102718,Makueni,Kilome,Kasikeu,Abattoir,Cattle,Unknown,No,No,Unknown,No,Unknown,No,Unknown
37.3897257,-2.0289631,Makueni,Kilome,Kasikeu,Village/Farm,Cattle,Mixed,No,No,Unknown,No,Unknown,No,Unknown
37.3897257,-2.0289631,Makueni,Kilome,Kasikeu,Abattoir,Goats,Unknown,No,Unknown,No,No,No,Unknown,Unknown
37.3827375,-2.0238504,Makueni,Kilome,Kasikeu,Abattoir,Cattle,Unknown,No,No,Unknown,No,Unknown,No,Unknown
37.3897257,-2.0289631,Makueni,Kilome,Kasikeu,Abattoir,Sheep,Unknown,No,Unknown,No,No,Unknown,Unknown,Unknown
39.867013,-3.6343843,Kilifi,Kilifi North,Sokoni,Village/Farm,Goats,Extensive,No,Unknown,No,No,No,Unknown,Unknown
35.2253213,-0.4059921,Kericho,Belgut,Kapsuser,Village/Farm,Cattle,Mixed,No,No,Unknown,No,Unknown,No,Unknown
34.957725,0.5027821,Nandi,Mosop,Chepterwai,Village/Farm,Cattle,Mixed,No,No,Unknown,No,Unknown,No,Unknown
0.0,0.0,Kisumu,Kisumu West,North West Kisumu,Village/Farm,Cattle,Mixed,Unknown,Unknown,Unknown,Unknown,Unknown,Unknown,Unknown
0.0,0.0,Siaya,Gem,Central Gem,Village/Farm,Cattle,Mixed,Unknown,Unknown,Unknown,Unknown,Unknown,Unknown,Unknown
36.9888591,-1.4469279,Nandi,Chesumei,Kaptel/Kamoiywo,Village/Farm,Cattle,Intensive,No,No,Unknown,No,Unknown,No,Unknown
37.876975,-2.333448333333333,Makueni,Kibwezi East,Thange,Market,Cattle,Unknown,Unknown,No,Unknown,No,Unknown,Unknown,Unknown
37.995961666666666,-2.482508333333333,Makueni,Kibwezi East,Thange,Abattoir,Goats,Unknown,No,Unknown,No,No,No,Unknown,Unknown
37.99650666666666,-2.4823566666666665,Makueni,Kibwezi East,Thange,Abattoir,Cattle,Unknown,No,No,Unknown,No,Unknown,No,Unknown
35.8513411,-1.8482132,Narok,Narok South,Loita,Village/Farm,Cattle,Mixed,No,No,Unknown,No,Unknown,No,Unknown
0.0,0.0,Baringo,Baringo Central,Kabarnet,Village/Farm,Cattle,Mixed,No,No,Unknown,No,Unknown,No,Unknown
36.6900381,0.8245395,Samburu,Samburu West,Lodokejek,Market,Cattle,Extensive,No,No,Unknown,No,Unknown,No,Unknown
36.6985862,1.0951303,Samburu,Samburu West,Lodokejek,Market,Sheep,Extensive,No,Unknown,No,No,Unknown,Unknown,Unknown
39.0907695,-3.7444076,Kwale,Kinango,Mackinnon Road,Crush,Goats,Extensive,Unknown,Unknown,No,No,No,Unknown,Unknown
36.6985862,1.0951303,Samburu,Samburu West,Lodokejek,Market,Goats,Extensive,No,Unknown,No,No,No,Unknown,Unknown
36.6985862,1.0951303,Samburu,Samburu West,Lodokejek,Market,Chicken,Extensive,Unknown,Unknown,Unknown,Unknown,Unknown,Unknown,No
0.0,0.0,Baringo,Baringo North,Bartabwa,Village/Farm,Chicken,Extensive,Unknown,Unknown,Unknown,Unknown,Unknown,Unknown,No
39.3028209,-4.1371167,Kwale,Kinango,Ndavaya,Market,Sheep,Unknown,No,Unknown,No,Unknown,Unknown,Unknown,Unknown
30.3028209,-4.1371167,Kwale,Kinango,Ndavaya,Market,Chicken,Unknown,Unknown,Unknown,Unknown,Unknown,Unknown,Unknown,No
39.3028209,-4.1371167,Kwale,Kinango,Ndavaya,Market,Sheep,Unknown,No,Unknown,No,Unknown,Unknown,Unknown,Unknown
39.3028209,-4.1371167,Kwale,Kinango,Ndavaya,Market,Chicken,Unknown,Unknown,Unknown,Unknown,Unknown,Unknown,Unknown,No
39.3028209,-4.1371167,Kwale,Kinango,Ndavaya,Market,Goats,Unknown,No,Unknown,No,Unknown,No,Unknown,Unknown
39.3028209,-4.1371167,Kwale,Kinango,Ndavaya,Market,Goats,Unknown,No,Unknown,No,No,No,Unknown,Unknown
37.7198338,-1.9015325,Makueni,Makueni,Kathonzweni,Abattoir,Goats,Unknown,No,Unknown,No,No,No,Unknown,Unknown
37.715607,-1.899283,Makueni,Makueni,Kathonzweni,Market,Cattle,Unknown,No,No,Unknown,No,Unknown,No,Unknown
37.7198338,-1.9015325,Makueni,Makueni,Kathonzweni,Abattoir,Goats,Unknown,No,Unknown,No,No,No,Unknown,Unknown
0.0,0.0,Tharaka-Nithi,Chuka/Igambang'Ombe,Mugwe,Village/Farm,Sheep,Mixed,Unknown,Unknown,Unknown,Unknown,Unknown,Unknown,Unknown
38.0094012,-0.1013147,Tharaka-Nithi,Tharaka,Gatunga,Market,Cattle,Mixed,No,No,Unknown,No,Unknown,No,Unknown
37.9405468,0.3510129,Meru,Igembe North,Antuambui,Abattoir,Goats,Extensive,No,Unknown,No,No,No,Unknown,Unknown
37.939222,0.3500893,Meru,Igembe North,Antuambui,Abattoir,Cattle,Extensive,No,Unknown,Unknown,No,Unknown,No,Unknown
35.850813,-1.8537854,Narok,Narok South,Loita,Market,Sheep,Unknown,No,Unknown,No,No,Unknown,Unknown,Unknown
38.0336,-2.5205416666666665,Makueni,Kibwezi East,Thange,Abattoir,Cattle,Unknown,No,No,Unknown,No,Unknown,No,Unknown
38.03041333333333,-2.521515,Makueni,Kibwezi East,Thange,Abattoir,Goats,Unknown,Unknown,Unknown,No,No,No,Unknown,Unknown
36.7037255,1.0959637,Samburu,Samburu West,Maralal,Village/Farm,Cattle,Extensive,No,No,Unknown,No,Unknown,No,Unknown
36.7010296,1.0974724,Samburu,Samburu West,Maralal,Village/Farm,Sheep,Extensive,No,Unknown,No,No,Unknown,Unknown,Unknown
36.7027145,1.0969453,Samburu,Samburu West,Maralal,Village/Farm,Goats,Extensive,No,Unknown,No,No,No,Unknown,Unknown
36.7010296,1.0974724,Samburu,Samburu West,Maralal,Village/Farm,Chicken,Extensive,Unknown,Unknown,Unknown,Unknown,Unknown,Unknown,No
37.7212658,-1.9010906,Makueni,Makueni,Kathonzweni,Abattoir,Goats,Unknown,No,Unknown,No,No,No,Unknown,Unknown
38.0841355,-2.5826994,Makueni,Kibwezi East,Ivingoni/Nzambani,Village/Farm,Cattle,Mixed,No,No,Unknown,No,Unknown,No,Unknown
38.0841355,-2.5826994,Makueni,Kibwezi East,Mtito Andei,Village/Farm,Goats,Mixed,No,Unknown,No,No,No,Unknown,Unknown
35.1566123,-1.0775153,Narok,Transmara West,Kimintet,Crush,Cattle,Mixed,No,No,Unknown,No,Unknown,No,Unknown
37.9878917,0.3375465,Meru,Igembe North,Antubetwe Kiongo,Abattoir,Goats,Extensive,No,Unknown,No,No,No,Unknown,Unknown
36.9388243,-0.986537,Kiambu,Gatundu South,Ngenda,Village/Farm,Cattle,Intensive,No,No,Unknown,No,Unknown,No,Unknown
35.7138969,-1.8084199,Narok,Narok South,Loita,Village/Farm,Cattle,Mixed,No,No,Unknown,No,Unknown,No,Unknown
35.7688349,0.4857481,Baringo,Baringo Central,Ewalel/Chapchap,Village/Farm,Cattle,Intensive,No,No,Unknown,No,Unknown,No,Unknown
36.7740391,-0.9648369,Kiambu,Gatundu South,Kiganjo,Village/Farm,Cattle,Intensive,No,No,Unknown,No,Unknown,No,Unknown
36.8100842,1.1669649,Samburu,Samburu North,Baawa,Crush,Cattle,Extensive,No,No,Unknown,No,Unknown,No,Unknown
36.99695684015751,0.896003320813179,Samburu,Samburu West,Lodokejek,Crush,Cattle,Extensive,No,No,Unknown,No,Unknown,No,Unknown
37.3671561,-2.0218492,Makueni,Kilome,Kasikeu,Abattoir,Cattle,Unknown,No,No,Unknown,No,Unknown,No,Unknown
37.3671561,-2.0218492,Makueni,Kilome,Kasikeu,Abattoir,Goats,Unknown,No,Unknown,No,No,No,Unknown,Unknown
35.7920271,0.3887745,Baringo,Baringo Central,Sacho,Village/Farm,Cattle,Intensive,No,No,Unknown,No,Unknown,No,Unknown
37.2062678,-1.7628601,Makueni,Kilome,Kiima Kiu/Kalanzoni,Village/Farm,Cattle,Mixed,No,No,Unknown,No,Unknown,No,Unknown
37.3625052,-2.0063356,Makueni,Kilome,Mukaa,Abattoir,Cattle,Unknown,No,No,Unknown,No,Unknown,No,Unknown
37.2575675,-1.8498751,Makueni,Kilome,Kiima Kiu/Kalanzoni,Market,Chicken,Mixed,Unknown,Unknown,Unknown,Unknown,Unknown,Unknown,No
39.5644411,-4.2915056,Kwale,Msambweni,Ukunda,Village/Farm,Cattle,Intensive,No,No,Unknown,No,Unknown,No,Unknown
39.548024,-4.3246809,Kwale,Msambweni,Ukunda,Village/Farm,Cattle,Intensive,No,No,Unknown,No,Unknown,No,Unknown
35.7412769,0.4912713,Baringo,Baringo Central,Kabarnet,Village/Farm,Chicken,Unknown,Unknown,Unknown,Unknown,Unknown,Unknown,Unknown,No
39.806614,-3.8279314,Kilifi,Kilifi South,Junju,Abattoir,Cattle,Mixed,No,No,Unknown,No,Unknown,No,Unknown
39.0,-38.8,Kilifi,Kilifi South,Junju,Abattoir,Goats,Mixed,No,Unknown,No,No,No,Unknown,Unknown
39.0,-38.8,Kilifi,Kilifi South,Junju,Abattoir,Cattle,Mixed,No,No,Unknown,No,Unknown,No,Unknown
39.0,-38.0,Kilifi,Kilifi South,Junju,Abattoir,Cattle,Mixed,No,No,Unknown,No,Unknown,No,Unknown
37.5689354,-1.7693718,Makueni,Kaiti,Kee,Village/Farm,Cattle,Mixed,No,Unknown,Unknown,No,Unknown,No,Unknown
37.4266121,-2.055302,Makueni,Kaiti,Ukia,Village/Farm,Cattle,Mixed,No,Unknown,Unknown,No,Unknown,No,Unknown
37.4266121,-2.055302,Makueni,Kaiti,Ukia,Village/Farm,Goats,Mixed,No,Unknown,No,No,No,Unknown,Unknown
37.4266121,-2.055302,Makueni,Kaiti,Ukia,Village/Farm,Chicken,Mixed,Unknown,Unknown,Unknown,Unknown,Unknown,Unknown,No
37.4266121,-2.055302,Makueni,Kaiti,Ukia,Village/Farm,Sheep,Mixed,No,Unknown,No,No,Unknown,Unknown,Unknown
37.939222,0.3517167,Meru,Igembe North,Antuambui,Abattoir,Sheep,Extensive,No,Unknown,Unknown,No,Unknown,Unknown,Unknown
37.6417405,-1.8335138,Makueni,Makueni,Muvau/Kikuumini,Abattoir,Goats,Unknown,No,Unknown,No,No,No,Unknown,Unknown
36.668117,0.82363,Samburu,Samburu West,Suguta Marmar,Crush,Sheep,Mixed,No,Unknown,No,Unknown,Unknown,Unknown,Unknown
35.783369,0.5871074,Baringo,Baringo North,Kabartonjo,Village/Farm,Cattle,Extensive,No,No,Unknown,No,Unknown,No,Unknown
35.7676324,0.4794519,Baringo,Baringo North,Kabartonjo,Village/Farm,Cattle,Extensive,Unknown,Unknown,Unknown,Unknown,Unknown,Unknown,Unknown
37.9872297,0.3375495,Meru,Igembe North,Antubetwe Kiongo,Abattoir,Goats,Extensive,No,Unknown,No,No,No,Unknown,Unknown
37.7170065,-1.8955915,Makueni,Makueni,Kathonzweni,Abattoir,Cattle,Unknown,No,No,Unknown,No,Unknown,No,Unknown
35.0302793,0.0278065,Nandi,Aldai,Kobujoi,Village/Farm,Cattle,Mixed,No,No,Unknown,No,Unknown,No,Unknown
35.0053533,0.0316755,Nandi,Aldai,Kobujoi,Village/Farm,Cattle,Mixed,No,Unknown,Unknown,No,Unknown,No,Unknown
37.5877164,0.3505912,Isiolo,Isiolo North,Wabera,Village/Farm,Goats,Extensive,No,Unknown,No,Unknown,No,Unknown,Unknown
37.5833058,0.3501408,Isiolo,Isiolo North,Wabera,Village/Farm,Sheep,Extensive,No,Unknown,No,No,Unknown,Unknown,Unknown
37.5822557,0.3443083,Isiolo,Isiolo North,Wabera,Village/Farm,Chicken,Intensive,Unknown,Unknown,Unknown,Unknown,Unknown,Unknown,No
37.582356,0.3452682,Isiolo,Isiolo North,Wabera,Village/Farm,Cattle,Extensive,No,No,Unknown,No,Unknown,No,Unknown
37.582356,0.3452682,Isiolo,Isiolo North,Wabera,Village/Farm,Goats,Extensive,No,Unknown,No,Unknown,No,Unknown,Unknown
37.5819228,0.3592606,Isiolo,Isiolo North,Burat,Village/Farm,Cattle,Extensive,No,No,Unknown,No,Unknown,No,Unknown
37.9872297,0.3375495,Meru,Igembe North,Antubetwe Kiongo,Abattoir,Goats,Extensive,No,Unknown,No,No,No,Unknown,Unknown
36.5933635,1.0470306,Samburu,Samburu West,Loosuk,Village/Farm,Cattle,Intensive,No,No,Unknown,No,Unknown,No,Unknown
37.2571437,-1.8482295,Makueni,Kilome,Kiima Kiu/Kalanzoni,Village/Farm,Cattle,Mixed,No,No,Unknown,No,Unknown,No,Unknown
38.02738,-2.5240316666666667,Makueni,Kibwezi East,Thange,Market,Cattle,Unknown,No,No,Unknown,No,Unknown,No,Unknown
38.03013,-2.522628333333333,Makueni,Kibwezi East,Thange,Market,Goats,Unknown,Unknown,Unknown,No,No,No,Unknown,Unknown
38.03045833333333,-2.52612,Makueni,Kibwezi East,Thange,Market,Sheep,Unknown,No,Unknown,No,No,Unknown,Unknown,Unknown
0.0,0.0,Kericho,Bureti,Litein,Abattoir,Goats,Unknown,No,Unknown,No,No,No,Unknown,Unknown
0.0,0.0,Kericho,Bureti,Litein,Abattoir,Sheep,Unknown,No,Unknown,No,No,Unknown,Unknown,Unknown
0.0,0.0,Kericho,Bureti,Litein,Abattoir,Cattle,Unknown,No,No,Unknown,No,Unknown,No,Unknown
37.3676193,-2.0121744,Makueni,Kilome,Kasikeu,Abattoir,Cattle,Unknown,No,No,Unknown,No,Unknown,No,Unknown
37.3676193,-2.0121744,Makueni,Kilome,Kasikeu,Abattoir,Goats,Unknown,No,Unknown,No,No,No,Unknown,Unknown
35.7678115,0.5667753,Baringo,Baringo Central,Kabarnet,Village/Farm,Cattle,Mixed,No,No,Unknown,No,Unknown,No,Unknown
35.1002285,-0.6882075,Bomet,Sotik,Rongena/Manaret,Village/Farm,Cattle,Mixed,Unknown,Unknown,Unknown,No,Unknown,Unknown,Unknown
37.8064177,-2.2680239,Makueni,Kibwezi East,Thange,Village/Farm,Cattle,Mixed,No,No,Unknown,No,Unknown,No,Unknown
37.8064177,-2.2680239,Makueni,Kibwezi East,Thange,Village/Farm,Goats,Mixed,No,Unknown,No,No,No,Unknown,Unknown
37.3989137,-1.715459,Makueni,Kaiti,Ukia,Village/Farm,Cattle,Mixed,No,No,Unknown,No,Unknown,No,Unknown
37.4035903,-1.7264794,Makueni,Kaiti,Ukia,Village/Farm,Goats,Mixed,No,Unknown,No,Unknown,No,Unknown,Unknown
37.4035903,-1.7264794,Makueni,Kaiti,Ukia,Village/Farm,Chicken,Mixed,Unknown,Unknown,Unknown,Unknown,Unknown,Unknown,No
37.9875607,0.337548,Meru,Igembe North,Antubetwe Kiongo,Abattoir,Goats,Extensive,No,Unknown,No,No,No,Unknown,Unknown
36.6995972,1.0934234,Samburu,Samburu West,Maralal,Market,Cattle,Extensive,No,No,Unknown,No,Unknown,No,Unknown
36.6995972,1.0934234,Samburu,Samburu West,Maralal,Market,Sheep,Extensive,No,Unknown,No,No,Unknown,Unknown,Unknown
36.6995972,1.0934234,Samburu,Samburu West,Maralal,Market,Goats,Extensive,No,Unknown,No,No,No,Unknown,Unknown
36.6995972,1.0934234,Samburu,Samburu West,Maralal,Market,Chicken,Extensive,Unknown,Unknown,Unknown,Unknown,Unknown,Unknown,No
35.243863,-0.7605073,Bomet,Sotik,Kipsonoi,Village/Farm,Cattle,Mixed,Unknown,Unknown,Unknown,Unknown,Unknown,Unknown,Unknown
38.02995666666666,-2.5232650000000003,Makueni,Kibwezi East,Thange,Abattoir,Cattle,Unknown,No,No,Unknown,No,Unknown,No,Unknown
38.029465,-2.522448333333333,Makueni,Kibwezi East,Thange,Abattoir,Goats,Unknown,No,Unknown,No,No,No,Unknown,Unknown
39.3353775,-3.7988105,Kwale,Kinango,Mackinnon Road,Crush,Goats,Extensive,Unknown,Unknown,No,Unknown,No,Unknown,Unknown
36.6992602,1.0989894,Samburu,Samburu West,Maralal,Village/Farm,Cattle,Intensive,No,No,Unknown,No,Unknown,No,Unknown
35.3037628,-0.5634123,Bomet,Konoin,Boito,Village/Farm,Sheep,Mixed,No,Unknown,No,No,Unknown,Unknown,Unknown
36.2229071,-1.10503,Narok,Narok East,Suswa,Crush,Sheep,Unknown,Unknown,Unknown,Unknown,Unknown,Unknown,Unknown,Unknown
36.283589,-1.0925054,Narok,Narok East,Suswa,Crush,Goats,Unknown,Unknown,Unknown,Unknown,Unknown,Unknown,Unknown,Unknown
0.0,0.0,Kiambu,Gatundu South,Kiganjo,Village/Farm,Cattle,Intensive,No,No,Unknown,No,Unknown,No,Unknown
0.0,0.0,Kiambu,Gatundu South,Kiganjo,Village/Farm,Goats,Mixed,No,Unknown,No,No,No,Unknown,Unknown
0.0,0.0,Kiambu,Gatundu South,Kiganjo,Village/Farm,Sheep,Mixed,No,Unknown,No,No,Unknown,Unknown,Unknown
0.0,0.0,Kiambu,Gatundu South,Kiganjo,Village/Farm,Chicken,Extensive,Unknown,Unknown,Unknown,Unknown,Unknown,Unknown,No
36.668117,82363.0,Samburu,Samburu West,Suguta Marmar,Village/Farm,Chicken,Intensive,Unknown,Unknown,Unknown,Unknown,Unknown,Unknown,No
36.812295,1.114408,Samburu,Samburu West,Lodokejek,Village/Farm,Cattle,Mixed,No,Unknown,Unknown,No,Unknown,No,Unknown
36.812295,1.0114408,Samburu,Samburu West,Lodokejek,Village/Farm,Sheep,Mixed,No,Unknown,No,Unknown,Unknown,Unknown,Unknown
36.812295,1.0114408,Samburu,Samburu West,Lodokejek,Village/Farm,Goats,Mixed,No,Unknown,No,Unknown,No,Unknown,Unknown
36.812295,1.0114408,Samburu,Samburu West,Lodokejek,Village/Farm,Chicken,Mixed,Unknown,Unknown,Unknown,Unknown,Unknown,Unknown,No
36.8122,10114408.0,Samburu,Samburu West,Lodokejek,Village/Farm,Camel,Mixed,No,Unknown,Unknown,Unknown,Unknown,Unknown,Unknown
36.0980218,-1.0941337,Narok,Narok East,Keekonyokie,Village/Farm,Cattle,Mixed,No,No,Unknown,No,Unknown,No,Unknown
37.3676129,-2.0121341,Makueni,Kilome,Kasikeu,Market,Cattle,Mixed,No,No,Unknown,No,Unknown,No,Unknown
37.3676129,-2.0121341,Makueni,Kilome,Kasikeu,Abattoir,Goats,Unknown,No,Unknown,No,No,No,Unknown,Unknown
37.3676129,-2.0121341,Makueni,Kilome,Kasikeu,Abattoir,Cattle,Unknown,No,No,Unknown,No,Unknown,No,Unknown
37.384318,-2.0249719,Makueni,Kilome,Kasikeu,Abattoir,Sheep,Unknown,No,Unknown,No,No,Unknown,Unknown,Unknown
35.7671719,0.4796473,Baringo,Baringo North,Kabartonjo,Village/Farm,Cattle,Extensive,No,No,Unknown,No,Unknown,No,Unknown
37.6632239,-0.3170132,Tharaka-Nithi,Chuka/Igambang'Ombe,Karingani,Abattoir,Cattle,Unknown,Unknown,Unknown,Unknown,Unknown,Unknown,Unknown,Unknown
37.8060176,-2.2682504,Makueni,Kibwezi East,Thange,Village/Farm,Cattle,Mixed,No,No,Unknown,No,Unknown,No,Unknown
37.8060176,-2.2682504,Makueni,Kibwezi East,Thange,Village/Farm,Goats,Mixed,No,Unknown,No,No,No,Unknown,Unknown
39.4057304,-4.3900059,Kwale,Msambweni,Ramisi,Village/Farm,Goats,Mixed,No,Unknown,No,No,No,Unknown,Unknown
37.7905344,-2.1756645,Makueni,Kibwezi West,Makindu,Village/Farm,Cattle,Mixed,No,No,Unknown,No,Unknown,No,Unknown
37.7905344,-2.1756645,Makueni,Kibwezi West,Makindu,Village/Farm,Goats,Mixed,No,Unknown,No,No,No,Unknown,Unknown
37.7905344,-2.1756645,Makueni,Kibwezi West,Makindu,Village/Farm,Sheep,Mixed,No,Unknown,Unknown,No,Unknown,Unknown,Unknown
37.72953,-1.861615,Makueni,Makueni,Mavindini,Village/Farm,Chicken,Mixed,Unknown,Unknown,Unknown,Unknown,Unknown,Unknown,Unknown
37.72953,-1.861615,Makueni,Makueni,Mavindini,Village/Farm,Chicken,Mixed,Unknown,Unknown,Unknown,Unknown,Unknown,Unknown,Unknown
37.849287,-1.875067,Makueni,Makueni,Mavindini,Village/Farm,Chicken,Mixed,Unknown,Unknown,Unknown,Unknown,Unknown,Unknown,Unknown
37.865291,-1.907824,Makueni,Makueni,Kitise/Kithuki,Village/Farm,Chicken,Mixed,Unknown,Unknown,Unknown,Unknown,Unknown,Unknown,Unknown
37.804762,-1.8161156,Makueni,Makueni,Mavindini,Village/Farm,Chicken,Mixed,Unknown,Unknown,Unknown,Unknown,Unknown,Unknown,Unknown
38.0818219,-2.5832767,Makueni,Kibwezi East,Mtito Andei,Market,Cattle,Unknown,No,No,Unknown,No,Unknown,No,Unknown
38.0818219,-2.5832767,Makueni,Kibwezi East,Mtito Andei,Market,Goats,Unknown,No,Unknown,No,No,No,Unknown,Unknown
39.5011554,2.7888964,Wajir,Wajir North,Batalu,Market,Camel,Extensive,No,Unknown,Unknown,Unknown,Unknown,Unknown,Unknown
38.1650864,-2.6920886,Makueni,Kibwezi East,Mtito Andei,Village/Farm,Cattle,Mixed,No,No,Unknown,No,Unknown,No,Unknown
38.1650864,-2.6920886,Makueni,Kibwezi East,Mtito Andei,Village/Farm,Goats,Mixed,No,Unknown,No,No,No,Unknown,Unknown
38.1650864,-2.6920886,Makueni,Kibwezi East,Mtito Andei,Village/Farm,Sheep,Mixed,No,Unknown,Unknown,No,Unknown,Unknown,Unknown
37.940878,0.3510113,Meru,Igembe North,Antuambui,Abattoir,Sheep,Extensive,No,Unknown,No,No,Unknown,Unknown,Unknown
37.6647441,-0.3164141,Tharaka-Nithi,Chuka/Igambang'Ombe,Karingani,Abattoir,Cattle,Unknown,Unknown,Unknown,Unknown,Unknown,Unknown,Unknown,Unknown
36.1309481,-1.0951783,Narok,Narok North,Narok Town,Village/Farm,Cattle,Mixed,No,No,Unknown,No,Unknown,No,Unknown
35.7986378,0.637973,Baringo,Baringo North,Kabartonjo,Abattoir,Goats,Unknown,No,Unknown,No,No,No,Unknown,Unknown
35.77924685552716,0.4631842626258731,Baringo,Baringo Central,Sacho,Village/Farm,Goats,Mixed,No,Unknown,No,Unknown,No,Unknown,Unknown
37.96183833333334,-2.40792,Makueni,Kibwezi East,Thange,Abattoir,Cattle,Unknown,No,No,Unknown,No,Unknown,No,Unknown
37.96734833333333,-2.438528333333333,Makueni,Kibwezi East,Thange,Abattoir,Cattle,Unknown,No,No,Unknown,No,Unknown,No,Unknown
37.98507333333334,-2.46183,Makueni,Kibwezi East,Thange,Abattoir,Goats,Unknown,No,Unknown,No,No,No,Unknown,Unknown
39.5396226,-4.3061405,Kwale,Msambweni,Ukunda,Village/Farm,Goats,Extensive,No,Unknown,No,No,No,Unknown,Unknown
39.5392994,-4.3155633,Kwale,Msambweni,Ukunda,Village/Farm,Cattle,Extensive,No,No,Unknown,No,Unknown,No,Unknown
36.7043152,1.0781294,Samburu,Samburu West,Maralal,Village/Farm,Cattle,Intensive,No,No,Unknown,No,Unknown,No,Unknown
37.5839202,0.3569145,Isiolo,Isiolo North,Burat,Village/Farm,Goats,Extensive,No,Unknown,No,Unknown,No,Unknown,Unknown
37.5839202,0.3569145,Isiolo,Isiolo North,Burat,Village/Farm,Sheep,Extensive,No,Unknown,No,Unknown,Unknown,Unknown,Unknown
38.00089666666667,-2.486883333333333,Makueni,Kibwezi East,Thange,Abattoir,Cattle,Unknown,No,No,Unknown,No,Unknown,No,Unknown
37.996,-2.482895,Makueni,Kibwezi East,Thange,Abattoir,Goats,Unknown,No,Unknown,No,No,No,Unknown,Unknown
39.5515781,-4.2878749,Kwale,Msambweni,Gombato Bongwe,Village/Farm,Cattle,Intensive,No,No,Unknown,No,Unknown,No,Unknown
37.3676507,-2.012136,Makueni,Kilome,Kasikeu,Abattoir,Goats,Unknown,No,Unknown,No,No,No,Unknown,Unknown
37.3676507,-2.012136,Makueni,Kilome,Kasikeu,Abattoir,Cattle,Unknown,No,No,Unknown,No,Unknown,No,Unknown
40.2381463,3.424483,Mandera,Mandera West,Dandu,Village/Farm,Goats,Extensive,No,Unknown,No,No,No,Unknown,Unknown
40.2381463,3.384483,Mandera,Mandera West,Takaba,Village/Farm,Goats,Extensive,No,Unknown,No,No,No,Unknown,Unknown
36.3509947,-1.0524917,Narok,Narok East,Suswa,Crush,Cattle,Unknown,Unknown,Unknown,Unknown,Unknown,Unknown,Unknown,Unknown
36.3374506,-1.0485513,Narok,Narok East,Suswa,Crush,Sheep,Unknown,Unknown,Unknown,Unknown,Unknown,Unknown,Unknown,Unknown
35.1923481,-0.5880655,Kericho,Bureti,Litein,Abattoir,Cattle,Unknown,No,No,Unknown,No,Unknown,No,Unknown
35.1923481,-0.5880655,Kericho,Bureti,Litein,Abattoir,Chicken,Unknown,Unknown,Unknown,Unknown,Unknown,Unknown,Unknown,No
36.6968844,1.0904884,Samburu,Samburu West,Loosuk,Village/Farm,Goats,Mixed,No,Unknown,No,Unknown,No,Unknown,Unknown
36.69688444,1.0904884,Samburu,Samburu West,Loosuk,Village/Farm,Cattle,Mixed,No,Unknown,Unknown,No,Unknown,No,Unknown
36.6968844,1.904884,Samburu,Samburu West,Loosuk,Village/Farm,Sheep,Mixed,No,Unknown,No,Unknown,Unknown,Unknown,Unknown
36.7036412,1.0793471,Samburu,Samburu West,Lodokejek,Market,Cattle,Extensive,No,No,Unknown,No,Unknown,No,Unknown
36.6984967,1.0913251,Samburu,Samburu West,Lodokejek,Market,Sheep,Extensive,No,Unknown,No,No,Unknown,Unknown,Unknown
36.7036412,1.0793471,Samburu,Samburu West,Lodokejek,Market,Goats,Extensive,No,Unknown,No,No,No,Unknown,Unknown
36.7036412,1.0793471,Samburu,Samburu West,Lodokejek,Market,Chicken,Extensive,Unknown,Unknown,Unknown,Unknown,Unknown,Unknown,No
37.72571833333333,-1.9096933333333332,Makueni,Makueni,Kathonzweni,Abattoir,Cattle,Unknown,No,No,Unknown,No,Unknown,No,Unknown
37.72559833333333,-1.9101283333333328,Makueni,Makueni,Kathonzweni,Market,Cattle,Unknown,No,No,Unknown,No,Unknown,No,Unknown
37.72645166666667,-1.9114316666666664,Makueni,Makueni,Kathonzweni,Abattoir,Goats,Unknown,No,Unknown,No,No,No,Unknown,Unknown
36.5933635,1.0470306,Samburu,Samburu West,Loosuk,Village/Farm,Cattle,Intensive,No,No,Unknown,No,Unknown,No,Unknown
37.5866576,0.3542322,Isiolo,Isiolo North,Wabera,Village/Farm,Goats,Extensive,No,Unknown,No,Unknown,No,Unknown,Unknown
39.590014,-4.1922076,Kwale,Matuga,Waa,Village/Farm,Cattle,Extensive,No,No,Unknown,No,Unknown,No,Unknown
39.5014787,2.7893728,Wajir,Wajir North,Batalu,Market,Goats,Extensive,No,Unknown,Unknown,Unknown,No,Unknown,Unknown
39.5014787,2.7893728,Wajir,Wajir North,Batalu,Market,Camel,Extensive,No,Unknown,Unknown,Unknown,Unknown,Unknown,Unknown
35.7829788,1.1577041,Baringo,Tiaty,Kolowa,Crush,Goats,Mixed,No,Unknown,No,No,No,Unknown,Unknown
35.9722174,1.0093699,Baringo,Tiaty,Ribkwo,Crush,Goats,Mixed,No,Unknown,No,No,No,Unknown,Unknown
35.9803826,0.9812946,Baringo,Tiaty,Loiyamorock,Crush,Goats,Mixed,No,Unknown,No,No,No,Unknown,Unknown
0.0,0.0,Baringo,Tiaty,Tangulbei/Korossi,Crush,Goats,Mixed,No,Unknown,No,No,No,Unknown,Unknown
35.9300169,0.0395508,Baringo,Mogotio,Mogotio,Crush,Cattle,Mixed,No,No,Unknown,No,Unknown,Unknown,Unknown
0.0,0.0,Baringo,Baringo South,Mukutani,Crush,Sheep,Mixed,No,Unknown,No,No,Unknown,Unknown,Unknown
37.8140365,-2.2749687,Makueni,Kibwezi West,Makindu,Village/Farm,Cattle,Mixed,No,No,Unknown,No,Unknown,No,Unknown
37.8140365,-2.2749687,Makueni,Kibwezi West,Makindu,Village/Farm,Goats,Mixed,No,Unknown,No,No,No,Unknown,Unknown
40.0777671,3.521205,Mandera,Mandera West,Takaba,Village/Farm,Cattle,Extensive,No,No,Unknown,No,Unknown,No,Unknown
40.217766,3.331995,Mandera,Mandera West,Takaba South,Village/Farm,Cattle,Extensive,No,No,Unknown,No,Unknown,No,Unknown
40.473568,3.232032,Mandera,Mandera West,Lagsure,Village/Farm,Camel,Extensive,No,Unknown,Unknown,No,Unknown,Unknown,Unknown
39.957811,3.724192,Mandera,Mandera West,Gither,Village/Farm,Cattle,Extensive,No,No,Unknown,No,Unknown,No,Unknown
37.0839542,-1.0361515,Kiambu,Thika Town,Township,Village/Farm,Cattle,Intensive,No,No,Unknown,No,Unknown,No,Unknown
36.6994664,1.0941399,Samburu,Samburu West,Maralal,Village/Farm,Camel,Extensive,No,Unknown,Unknown,No,Unknown,Unknown,Unknown
36.6999342,1.094144,Samburu,Samburu West,Maralal,Village/Farm,Camel,Extensive,No,Unknown,Unknown,No,Unknown,Unknown,Unknown
39.6732634,-4.0472874,Makueni,Kibwezi East,Thange,Abattoir,Cattle,Unknown,No,No,Unknown,No,Unknown,No,Unknown
39.6719736,-4.0491274,Makueni,Kibwezi East,Thange,Abattoir,Goats,Unknown,No,Unknown,No,No,No,Unknown,Unknown
35.1353009,-0.4905555,Kericho,Bureti,Kisiara,Village/Farm,Cattle,Extensive,No,No,Unknown,No,Unknown,No,Unknown
35.1682968,-0.4823742,Kericho,Bureti,Kisiara,Village/Farm,Goats,Extensive,No,Unknown,No,No,No,Unknown,Unknown
35.0957574,0.5004805,Nandi,Mosop,Ndalat,Village/Farm,Cattle,Mixed,No,No,Unknown,No,Unknown,No,Unknown
35.0967892,0.5007164,Nandi,Mosop,Kabisaga,Village/Farm,Cattle,Mixed,No,No,Unknown,No,Unknown,No,Unknown
35.0713343,0.5260799,Nandi,Mosop,Ndalat,Village/Farm,Cattle,Mixed,No,No,Unknown,No,Unknown,No,Unknown
39.4512357,-4.1535462,Kwale,Matuga,Tsimba Golini,Village/Farm,Cattle,Extensive,No,No,Unknown,No,Unknown,No,Unknown
37.8199696,-2.2799044,Makueni,Kibwezi West,Makindu,Village/Farm,Cattle,Mixed,No,No,Unknown,No,Unknown,No,Unknown
37.8182674,-2.2799673,Makueni,Kibwezi West,Makindu,Village/Farm,Goats,Mixed,No,Unknown,No,No,No,Unknown,Unknown
36.7036412,1.0754809,Samburu,Samburu West,Maralal,Village/Farm,Cattle,Intensive,No,No,Unknown,No,Unknown,No,Unknown
39.3589572,-4.4279734,Kwale,Msambweni,Ramisi,Village/Farm,Goats,Extensive,No,Unknown,No,No,No,Unknown,Unknown
36.9116097,-1.0176683,Kiambu,Gatundu South,Kiamwangi,Village/Farm,Cattle,Intensive,No,No,Unknown,No,Unknown,No,Unknown
36.8581592,-0.9866181,Kiambu,Gatundu South,Ngenda,Village/Farm,Chicken,Extensive,Unknown,Unknown,Unknown,Unknown,Unknown,Unknown,No
36.8581592,-0.9866181,Kiambu,Gatundu South,Ngenda,Village/Farm,Cattle,Intensive,No,No,Unknown,No,Unknown,No,Unknown
35.0809668,0.5201997,Nandi,Mosop,Kipkaren,Village/Farm,Cattle,Mixed,No,No,Unknown,No,Unknown,No,Unknown
34.9391198,0.5130905,Nandi,Mosop,Chepterwai,Village/Farm,Cattle,Mixed,No,No,Unknown,No,Unknown,No,Unknown
37.9205139,-2.3958597,Makueni,Kibwezi East,Thange,Village/Farm,Goats,Mixed,No,Unknown,No,No,No,Unknown,Unknown
37.9431472,-2.4095156,Makueni,Kibwezi East,Thange,Village/Farm,Cattle,Mixed,No,No,Unknown,No,Unknown,No,Unknown
0.0,0.0,Mandera,Mandera North,Rhamu,Market,Goats,Extensive,No,Unknown,No,No,No,Unknown,Unknown
37.3624378,-2.0061756,Makueni,Kilome,Kasikeu,Abattoir,Cattle,Unknown,No,No,Unknown,No,Unknown,No,Unknown
37.3843003,-2.0249943,Makueni,Kilome,Kasikeu,Abattoir,Cattle,Unknown,No,No,Unknown,No,Unknown,No,Unknown
36.9513677,-0.9903161,Kiambu,Gatundu South,Ngenda,Village/Farm,Cattle,Intensive,No,No,Unknown,No,Unknown,No,Unknown
36.9513677,-0.9903161,Kiambu,Gatundu South,Ngenda,Village/Farm,Chicken,Extensive,Unknown,Unknown,Unknown,Unknown,Unknown,Unknown,No
37.804762,-1.816156,Makueni,Makueni,Mavindini,Village/Farm,Chicken,Mixed,Unknown,Unknown,Unknown,Unknown,Unknown,Unknown,Unknown
37.882114,-2.061356,Makueni,Makueni,Kitise/Kithuki,Village/Farm,Chicken,Mixed,Unknown,Unknown,Unknown,Unknown,Unknown,Unknown,Unknown
37.735485,-1.929415,Makueni,Makueni,Kathonzweni,Village/Farm,Chicken,Mixed,Unknown,Unknown,Unknown,Unknown,Unknown,Unknown,Unknown
40.1025447,-3.2175339,Kilifi,Malindi,Malindi Town,Village/Farm,Chicken,Extensive,Unknown,Unknown,Unknown,Unknown,Unknown,Unknown,No
37.72788666666667,-1.9090733333333327,Makueni,Makueni,Kathonzweni,Market,Cattle,Unknown,No,No,Unknown,No,Unknown,No,Unknown
37.72708166666666,-1.909266666666667,Makueni,Makueni,Kathonzweni,Market,Goats,Unknown,No,Unknown,No,No,No,Unknown,Unknown
37.4316167,-2.0593517,Makueni,Kaiti,Ukia,Village/Farm,Cattle,Mixed,No,Unknown,Unknown,No,Unknown,No,Unknown
37.4316167,-2.0593517,Makueni,Kaiti,Ukia,Village/Farm,Goats,Mixed,No,Unknown,No,No,No,Unknown,Unknown
37.4316167,-2.0593517,Makueni,Kaiti,Ukia,Village/Farm,Chicken,Mixed,Unknown,Unknown,Unknown,Unknown,Unknown,Unknown,No
37.1605073,0.3931839,Samburu,Samburu West,Lodokejek,Market,Cattle,Extensive,No,No,Unknown,No,Unknown,No,Unknown
37.1605073,0.3931839,Samburu,Samburu West,Lodokejek,Market,Sheep,Extensive,No,Unknown,No,No,Unknown,Unknown,Unknown
37.1605073,0.3931839,Samburu,Samburu West,Lodokejek,Market,Goats,Extensive,No,Unknown,No,No,No,Unknown,Unknown
36.9519239,-1.0599574,Kiambu,Gatundu South,Ndarugu,Village/Farm,Sheep,Extensive,No,Unknown,No,No,Unknown,Unknown,Unknown
36.9519239,-1.0599574,Kiambu,Gatundu South,Ndarugu,Village/Farm,Chicken,Extensive,Unknown,Unknown,Unknown,Unknown,Unknown,Unknown,No
36.9552825,-1.0659298,Kiambu,Gatundu South,Ndarugu,Village/Farm,Cattle,Mixed,No,No,Unknown,No,Unknown,No,Unknown
38.0410429,-2.5122033,Makueni,Kibwezi East,Thange,Village/Farm,Cattle,Mixed,No,No,Unknown,No,Unknown,No,Unknown
38.0410429,-2.5122033,Makueni,Kibwezi East,Thange,Village/Farm,Goats,Mixed,No,Unknown,No,No,No,Unknown,Unknown
37.3657114,-2.0213558,Makueni,Kilome,Kasikeu,Abattoir,Cattle,Unknown,No,No,Unknown,No,Unknown,No,Unknown
37.3657114,-2.0213558,Makueni,Kilome,Mukaa,Abattoir,Goats,Unknown,No,Unknown,No,No,No,Unknown,Unknown
37.6632332,-0.3169945,Tharaka-Nithi,Chuka/Igambang'Ombe,Karingani,Abattoir,Cattle,Unknown,Unknown,Unknown,Unknown,Unknown,Unknown,Unknown,Unknown
38.034158,-2.5383953,Makueni,Kibwezi East,Thange,Village/Farm,Chicken,Mixed,Unknown,Unknown,Unknown,Unknown,Unknown,Unknown,No
38.0149614,-2.5048205,Makueni,Kibwezi East,Thange,Village/Farm,Cattle,Mixed,No,No,Unknown,No,Unknown,No,Unknown
38.034158,-2.5383953,Makueni,Kibwezi East,Thange,Village/Farm,Sheep,Mixed,No,Unknown,No,No,Unknown,Unknown,Unknown
36.5856009,1.0205508,Samburu,Samburu West,Lodokejek,Village/Farm,Cattle,Extensive,No,No,Unknown,No,Unknown,No,Unknown
36.5856009,1.0205508,Samburu,Samburu West,Lodokejek,Village/Farm,Sheep,Extensive,No,Unknown,No,No,Unknown,Unknown,Unknown
36.8588099,0.8131478,Samburu,Samburu West,Suguta Marmar,Village/Farm,Cattle,Extensive,No,No,Unknown,No,Unknown,No,Unknown
36.8588099,0.8131478,Samburu,Samburu West,Suguta Marmar,Village/Farm,Sheep,Extensive,No,Unknown,No,No,Unknown,Unknown,Unknown
37.1605073,0.3931839,Samburu,Samburu West,Suguta Marmar,Village/Farm,Goats,Extensive,No,Unknown,No,No,No,Unknown,Unknown
35.9766416,0.452457,Baringo,Baringo South,Marigat,Market,Cattle,Unknown,No,No,Unknown,No,Unknown,No,Unknown
35.9766416,0.452457,Baringo,Baringo South,Marigat,Market,Goats,Unknown,No,Unknown,No,No,No,Unknown,Unknown
35.9766416,0.452457,Baringo,Baringo South,Marigat,Market,Chicken,Unknown,Unknown,Unknown,Unknown,Unknown,Unknown,Unknown,No
37.940878,0.3510113,Meru,Igembe North,Antuambui,Abattoir,Sheep,Extensive,No,Unknown,No,No,Unknown,Unknown,Unknown
37.944521,0.3540162,Meru,Igembe North,Antuambui,Abattoir,Sheep,Extensive,No,Unknown,No,No,Unknown,Unknown,Unknown
37.8879911,0.740186,Isiolo,Isiolo North,Ngare Mara,Village/Farm,Goats,Extensive,No,Unknown,No,Unknown,No,Unknown,Unknown
37.8879911,0.740186,Isiolo,Isiolo North,Ngare Mara,Village/Farm,Goats,Extensive,No,Unknown,No,Unknown,No,Unknown,Unknown
37.8879911,0.740186,Isiolo,Isiolo North,Ngare Mara,Village/Farm,Sheep,Extensive,No,Unknown,No,No,Unknown,Unknown,Unknown
37.8879911,0.740186,Isiolo,Isiolo North,Ngare Mara,Village/Farm,Sheep,Extensive,No,Unknown,No,No,Unknown,Unknown,Unknown
37.8879911,0.740186,Isiolo,Isiolo North,Ngare Mara,Village/Farm,Goats,Extensive,No,Unknown,No,Unknown,No,Unknown,Unknown
37.8879911,0.740186,Isiolo,Isiolo North,Ngare Mara,Village/Farm,Sheep,Extensive,No,Unknown,No,No,Unknown,Unknown,Unknown
37.8879911,0.740186,Isiolo,Isiolo North,Ngare Mara,Village/Farm,Sheep,Extensive,No,Unknown,No,Unknown,Unknown,Unknown,Unknown
37.8879911,0.740186,Isiolo,Isiolo North,Ngare Mara,Village/Farm,Goats,Extensive,No,Unknown,No,Unknown,No,Unknown,Unknown
36.674093,1.0824289,Samburu,Samburu West,Maralal,Village/Farm,Chicken,Extensive,Unknown,Unknown,Unknown,Unknown,Unknown,Unknown,No
39.537288,-4.3538471,Kwale,Msambweni,Kinondo,Village/Farm,Cattle,Extensive,Unknown,Unknown,Unknown,Unknown,Unknown,No,Unknown
0.0,0.0,Kwale,Msambweni,Kinondo,Abattoir,Cattle,Extensive,No,Unknown,Unknown,Unknown,Unknown,Unknown,Unknown
39.5217867,-4.3900446,Kwale,Msambweni,Kinondo,Village/Farm,Goats,Mixed,Unknown,Unknown,Unknown,Unknown,No,Unknown,Unknown
39.5266126,-4.3846157,Kwale,Msambweni,Kinondo,Village/Farm,Cattle,Mixed,No,Unknown,Unknown,Unknown,Unknown,Unknown,Unknown
39.4978533,-4.4514987,Kwale,Msambweni,Ramisi,Village/Farm,Cattle,Mixed,Unknown,Unknown,Unknown,Unknown,Unknown,No,Unknown
39.52172,-4.3899658,Kwale,Msambweni,Kinondo,Village/Farm,Cattle,Mixed,No,Unknown,Unknown,Unknown,Unknown,Unknown,Unknown
37.727885,-1.90818,Makueni,Makueni,Muvau/Kikuumini,Abattoir,Goats,Unknown,No,Unknown,No,No,No,Unknown,Unknown
37.7277,-1.9092533333333332,Makueni,Makueni,Kathonzweni,Abattoir,Goats,Unknown,No,Unknown,No,No,No,Unknown,Unknown
37.735485,-1.929415,Makueni,Makueni,Kathonzweni,Village/Farm,Chicken,Mixed,Unknown,Unknown,Unknown,Unknown,Unknown,Unknown,Unknown
37.72953,-1.861615,Makueni,Makueni,Mavindini,Village/Farm,Chicken,Mixed,Unknown,Unknown,Unknown,Unknown,Unknown,Unknown,Unknown
36.8581592,-0.9866181,Kiambu,Gatundu South,Ngenda,Village/Farm,Cattle,Intensive,No,No,Unknown,No,Unknown,No,Unknown
36.8581592,-0.9866181,Kiambu,Gatundu South,Ngenda,Village/Farm,Chicken,Extensive,Unknown,Unknown,Unknown,Unknown,Unknown,Unknown,No
37.6843861,0.6501547,Isiolo,Isiolo North,Ngare Mara,Village/Farm,Sheep,Extensive,No,Unknown,No,Unknown,Unknown,Unknown,Unknown
37.6843861,0.6501547,Isiolo,Isiolo North,Ngare Mara,Village/Farm,Goats,Extensive,No,Unknown,No,Unknown,No,Unknown,Unknown
37.8879911,0.740186,Isiolo,Isiolo North,Ngare Mara,Village/Farm,Sheep,Extensive,No,Unknown,No,Unknown,Unknown,Unknown,Unknown
37.8879911,0.740186,Isiolo,Isiolo North,Ngare Mara,Village/Farm,Goats,Extensive,No,Unknown,No,Unknown,No,Unknown,Unknown
37.8879911,0.740186,Isiolo,Isiolo North,Ngare Mara,Village/Farm,Cattle,Extensive,No,Unknown,Unknown,No,Unknown,No,Unknown
37.8879911,0.740186,Isiolo,Isiolo North,Ngare Mara,Village/Farm,Sheep,Extensive,No,Unknown,No,Unknown,Unknown,Unknown,Unknown
37.8879911,0.740186,Isiolo,Isiolo North,Ngare Mara,Village/Farm,Goats,Extensive,No,Unknown,No,Unknown,No,Unknown,Unknown
37.8879911,0.740186,Isiolo,Isiolo North,Ngare Mara,Village/Farm,Sheep,Extensive,No,Unknown,No,Unknown,Unknown,Unknown,Unknown
37.8879911,0.740186,Isiolo,Isiolo North,Ngare Mara,Village/Farm,Goats,Extensive,No,Unknown,No,Unknown,No,Unknown,Unknown
37.8879911,0.740186,Isiolo,Isiolo North,Ngare Mara,Village/Farm,Goats,Extensive,No,Unknown,No,Unknown,No,Unknown,Unknown
37.8879911,0.740186,Isiolo,Isiolo North,Ngare Mara,Village/Farm,Sheep,Extensive,No,Unknown,No,Unknown,Unknown,Unknown,Unknown
37.8879911,0.740186,Isiolo,Isiolo North,Ngare Mara,Village/Farm,Goats,Extensive,No,Unknown,No,Unknown,No,Unknown,Unknown
37.9868988,0.3377833,Meru,Igembe North,Antubetwe Kiongo,Abattoir,Goats,Extensive,No,Unknown,No,No,No,Unknown,Unknown
37.8879911,0.740186,Isiolo,Isiolo North,Ngare Mara,Village/Farm,Sheep,Extensive,No,Unknown,No,Unknown,Unknown,Unknown,Unknown
37.8879911,0.740186,Isiolo,Isiolo North,Ngare Mara,Village/Farm,Goats,Extensive,No,Unknown,No,Unknown,No,Unknown,Unknown
37.8878661,0.7410359,Isiolo,Isiolo North,Ngare Mara,Village/Farm,Sheep,Extensive,No,Unknown,No,Unknown,Unknown,Unknown,Unknown
37.8875346,0.7410393,Isiolo,Isiolo North,Ngare Mara,Village/Farm,Goats,Extensive,No,Unknown,No,Unknown,No,Unknown,Unknown
37.8879911,0.740186,Isiolo,Isiolo North,Ngare Mara,Village/Farm,Sheep,Extensive,No,Unknown,No,Unknown,Unknown,Unknown,Unknown
37.8879911,0.740186,Isiolo,Isiolo North,Ngare Mara,Village/Farm,Goats,Extensive,No,Unknown,No,Unknown,No,Unknown,Unknown
0.0,0.0,Bomet,Konoin,Boito,Village/Farm,Cattle,Mixed,No,No,Unknown,No,Unknown,No,Unknown
34.97646,-0.0221533333333333,Nandi,Tinderet,Chemelil/Chemase,Village/Farm,Sheep,Unknown,No,Unknown,No,No,Unknown,Unknown,Unknown
34.997385,-0.0192333333333333,Nandi,Tinderet,Chemelil/Chemase,Village/Farm,Cattle,Mixed,No,No,Unknown,No,Unknown,No,Unknown
34.99771,-0.0128583333333333,Nandi,Aldai,Kobujoi,Village/Farm,Cattle,Unknown,No,No,Unknown,No,Unknown,No,Unknown
35.001920000000005,-0.0159216666666666,Nandi,Tinderet,Chemelil/Chemase,Village/Farm,Cattle,Unknown,No,No,Unknown,No,Unknown,Unknown,Unknown
34.96982166666667,-0.02693,Nandi,Tinderet,Chemelil/Chemase,Village/Farm,Cattle,Unknown,No,No,Unknown,No,Unknown,No,Unknown
34.97500333333333,-0.0213966666666666,Nandi,Tinderet,Chemelil/Chemase,Village/Farm,Cattle,Unknown,No,No,Unknown,No,Unknown,No,Unknown
34.982045,-0.0169916666666666,Nandi,Tinderet,Chemelil/Chemase,Village/Farm,Cattle,Unknown,No,No,Unknown,No,Unknown,No,Unknown
35.00073,-0.006105,Nandi,Aldai,Koyo-Ndurio,Village/Farm,Sheep,Unknown,No,Unknown,No,No,Unknown,Unknown,Unknown
34.978941666666664,-0.0196016666666666,Nandi,Tinderet,Chemelil/Chemase,Village/Farm,Cattle,Unknown,No,No,Unknown,No,Unknown,No,Unknown
34.97792833333333,-0.025615,Nandi,Tinderet,Chemelil/Chemase,Village/Farm,Cattle,Unknown,No,No,Unknown,No,Unknown,No,Unknown
0.0,0.0,Kiambu,Gatundu South,Kiamwangi,Village/Farm,Cattle,Intensive,No,No,Unknown,No,Unknown,No,Unknown
0.0,0.0,Kiambu,Gatundu South,Ndarugu,Village/Farm,Sheep,Extensive,No,Unknown,No,No,Unknown,Unknown,Unknown
37.8879911,0.740186,Isiolo,Isiolo North,Ngare Mara,Village/Farm,Sheep,Extensive,No,Unknown,No,Unknown,Unknown,Unknown,Unknown
37.8879911,0.740186,Isiolo,Isiolo North,Ngare Mara,Village/Farm,Goats,Extensive,No,Unknown,No,Unknown,No,Unknown,Unknown
37.8879911,0.740186,Isiolo,Isiolo North,Ngare Mara,Village/Farm,Goats,Extensive,No,Unknown,No,Unknown,No,Unknown,Unknown
37.8879911,0.740186,Isiolo,Isiolo North,Ngare Mara,Village/Farm,Sheep,Extensive,No,Unknown,No,No,Unknown,Unknown,Unknown
37.8879911,0.740186,Isiolo,Isiolo North,Ngare Mara,Village/Farm,Sheep,Extensive,No,Unknown,No,Unknown,Unknown,Unknown,Unknown
37.8879911,0.740186,Isiolo,Isiolo North,Ngare Mara,Village/Farm,Goats,Extensive,No,Unknown,No,Unknown,No,Unknown,Unknown
37.8879911,0.740186,Isiolo,Isiolo North,Ngare Mara,Village/Farm,Sheep,Extensive,No,Unknown,No,No,Unknown,Unknown,Unknown
35.0968605,0.2015595,Nandi,Emgwen,Kapsabet,Market,Cattle,Unknown,No,No,Unknown,No,Unknown,No,Unknown
37.8879911,0.740186,Isiolo,Isiolo North,Ngare Mara,Village/Farm,Sheep,Extensive,No,Unknown,No,No,Unknown,Unknown,Unknown
37.8879911,0.740186,Isiolo,Isiolo North,Ngare Mara,Village/Farm,Goats,Extensive,No,Unknown,No,Unknown,No,Unknown,Unknown
37.8879911,0.740186,Isiolo,Isiolo North,Ngare Mara,Village/Farm,Sheep,Extensive,No,Unknown,No,Unknown,Unknown,Unknown,Unknown
37.8879911,0.740186,Isiolo,Isiolo North,Ngare Mara,Village/Farm,Goats,Extensive,No,Unknown,No,Unknown,No,Unknown,Unknown
37.8879911,0.740186,Isiolo,Isiolo North,Ngare Mara,Village/Farm,Goats,Extensive,No,Unknown,No,Unknown,No,Unknown,Unknown
37.8879911,0.740186,Isiolo,Isiolo North,Ngare Mara,Village/Farm,Goats,Extensive,No,Unknown,No,Unknown,No,Unknown,Unknown
37.8879911,0.740186,Isiolo,Isiolo North,Ngare Mara,Village/Farm,Sheep,Extensive,No,Unknown,No,No,Unknown,Unknown,Unknown
37.8875078,0.7401119,Isiolo,Isiolo North,Ngare Mara,Village/Farm,Sheep,Extensive,No,Unknown,No,No,Unknown,Unknown,Unknown
37.8875078,0.7401119,Isiolo,Isiolo North,Ngare Mara,Village/Farm,Goats,Extensive,No,Unknown,No,No,No,Unknown,Unknown
36.0971426,-1.0936279,Narok,Narok East,Mosiro,Village/Farm,Cattle,Mixed,No,No,Unknown,Unknown,Unknown,No,Unknown
36.0971426,-1.0936279,Narok,Narok East,Mosiro,Village/Farm,Sheep,Mixed,No,Unknown,No,Unknown,Unknown,Unknown,Unknown
36.0971426,-1.0936279,Narok,Narok East,Mosiro,Village/Farm,Goats,Mixed,No,Unknown,No,Unknown,No,Unknown,Unknown
36.0971426,-1.0936279,Narok,Narok East,Mosiro,Village/Farm,Chicken,Mixed,Unknown,Unknown,Unknown,Unknown,Unknown,Unknown,No
37.3137483,-1.8407547,Makueni,Kilome,Mukaa,Village/Farm,Cattle,Mixed,No,No,Unknown,No,Unknown,No,Unknown
34.7825373,-1.3783437,Narok,Transmara West,Angata Barikoi,Village/Farm,Cattle,Mixed,No,No,Unknown,No,Unknown,No,Unknown
34.7884057,-1.3792437,Narok,Transmara West,Angata Barikoi,Village/Farm,Sheep,Mixed,No,Unknown,No,No,Unknown,Unknown,Unknown
34.7884057,-1.3792437,Narok,Transmara West,Angata Barikoi,Village/Farm,Goats,Mixed,No,Unknown,No,No,No,Unknown,Unknown
37.8875078,0.7401119,Isiolo,Isiolo North,Ngare Mara,Village/Farm,Sheep,Extensive,No,Unknown,No,No,Unknown,Unknown,Unknown
37.8875078,0.7401119,Isiolo,Isiolo North,Ngare Mara,Village/Farm,Goats,Extensive,No,Unknown,No,Unknown,No,Unknown,Unknown
37.6651025,-0.3077861,Tharaka-Nithi,Chuka/Igambang'Ombe,Karingani,Abattoir,Cattle,Unknown,Unknown,Unknown,Unknown,Unknown,Unknown,Unknown,Unknown
36.7054105,1.0918299,Samburu,Samburu West,Maralal,Market,Cattle,Extensive,No,No,Unknown,No,Unknown,No,Unknown
36.7054105,1.0918299,Samburu,Samburu West,Maralal,Market,Sheep,Extensive,No,Unknown,No,No,Unknown,Unknown,Unknown
36.7054105,1.0918299,Samburu,Samburu West,Maralal,Market,Goats,Extensive,No,Unknown,No,No,No,Unknown,Unknown
36.7054105,1.0918299,Samburu,Samburu West,Maralal,Market,Chicken,Extensive,Unknown,Unknown,Unknown,Unknown,Unknown,Unknown,No
37.8056168,-2.2678112,Makueni,Kibwezi West,Makindu,Village/Farm,Cattle,Mixed,No,No,Unknown,No,Unknown,No,Unknown
37.8056168,-2.2678112,Makueni,Kibwezi West,Makindu,Village/Farm,Goats,Mixed,No,Unknown,No,No,No,Unknown,Unknown
37.8066123,-2.2685204,Makueni,Kibwezi West,Makindu,Village/Farm,Sheep,Mixed,No,Unknown,No,No,Unknown,Unknown,Unknown
37.8066123,-2.2685204,Makueni,Kibwezi West,Makindu,Village/Farm,Chicken,Mixed,Unknown,Unknown,Unknown,Unknown,Unknown,Unknown,No
41.187134,3.1498352,Mandera,Lafey,Lafey,Village/Farm,Chicken,Mixed,Unknown,Unknown,Unknown,Unknown,Unknown,Unknown,No
41.1880767,3.1505143,Mandera,Lafey,Lafey,Village/Farm,Camel,Mixed,No,Unknown,Unknown,Unknown,Unknown,Unknown,Unknown
41.1880767,3.1505143,Mandera,Lafey,Lafey,Village/Farm,Chicken,Mixed,Unknown,Unknown,Unknown,Unknown,Unknown,Unknown,No
37.8140108,-2.2749316,Makueni,Kibwezi West,Makindu,Village/Farm,Cattle,Mixed,No,No,Unknown,No,Unknown,No,Unknown
37.8118359,-2.2734884,Makueni,Kibwezi West,Makindu,Village/Farm,Cattle,Mixed,No,No,Unknown,No,Unknown,No,Unknown
37.809661,-2.2720453,Makueni,Kibwezi West,Makindu,Village/Farm,Chicken,Mixed,Unknown,Unknown,Unknown,Unknown,Unknown,Unknown,No
37.809661,-2.2720453,Makueni,Kibwezi West,Makindu,Village/Farm,Goats,Mixed,No,Unknown,No,No,No,Unknown,Unknown
37.8140108,-2.2749316,Makueni,Kibwezi West,Makindu,Village/Farm,Cattle,Mixed,No,No,Unknown,No,Unknown,No,Unknown
37.807276,-2.2704726,Makueni,Kibwezi West,Makindu,Village/Farm,Chicken,Mixed,Unknown,Unknown,Unknown,Unknown,Unknown,Unknown,No
40.134874,-2.9485242,Kilifi,Magarini,Gongoni,Village/Farm,Cattle,Extensive,No,No,Unknown,No,Unknown,No,Unknown
37.72766166666667,-1.909485,Makueni,Makueni,Kathonzweni,Abattoir,Goats,Unknown,No,Unknown,No,No,No,Unknown,Unknown
39.5651464,-4.2776459,Kwale,Msambweni,Gombato Bongwe,Abattoir,Cattle,Extensive,No,No,Unknown,No,Unknown,No,Unknown
39.5625622,-4.281105,Kwale,Msambweni,Gombato Bongwe,Abattoir,Goats,Extensive,No,Unknown,No,No,No,Unknown,Unknown
36.9368938,-0.5526323,Nyeri,Othaya,Karima,Village/Farm,Cattle,Intensive,No,No,Unknown,No,Unknown,No,Unknown
37.204722,-1.9415185,Makueni,Kilome,Kiima Kiu/Kalanzoni,Village/Farm,Cattle,Mixed,No,Unknown,Unknown,Unknown,Unknown,No,Unknown
0.0,0.0,Baringo,Baringo Central,Ewalel/Chapchap,Village/Farm,Cattle,Mixed,No,No,Unknown,No,Unknown,No,Unknown
35.7830427,0.5870496,Baringo,Baringo North,Kabartonjo,Village/Farm,Cattle,Extensive,No,No,Unknown,No,Unknown,No,Unknown
37.7993114,-2.2623335,Makueni,Kibwezi West,Makindu,Village/Farm,Chicken,Mixed,Unknown,Unknown,Unknown,Unknown,Unknown,Unknown,No
35.0961014,0.5012051,Nandi,Mosop,Ndalat,Village/Farm,Cattle,Mixed,No,No,Unknown,Unknown,Unknown,No,Unknown
35.2249779,-0.4057527,Kericho,Belgut,Cheptororiet/Seretut,Village/Farm,Cattle,Mixed,No,No,Unknown,Unknown,Unknown,Unknown,Unknown
34.8091145,-1.2330361,Narok,Transmara West,Lolgorian,Market,Cattle,Extensive,No,No,Unknown,No,Unknown,No,Unknown
38.032227,-2.5297648,Makueni,Kibwezi East,Thange,Village/Farm,Cattle,Mixed,No,No,Unknown,No,Unknown,No,Unknown
38.0299117,-2.5303399,Makueni,Kibwezi East,Thange,Village/Farm,Goats,Mixed,No,Unknown,No,No,No,Unknown,Unknown
38.0299117,-2.5303399,Makueni,Kibwezi East,Thange,Village/Farm,Sheep,Mixed,No,Unknown,No,No,Unknown,Unknown,Unknown
38.0299117,-2.5303399,Makueni,Kibwezi East,Thange,Village/Farm,Chicken,Mixed,Unknown,Unknown,Unknown,Unknown,Unknown,Unknown,No
37.72768666666666,-1.9093983333333333,Makueni,Makueni,Kathonzweni,Abattoir,Goats,Unknown,No,Unknown,No,No,No,Unknown,Unknown
37.72653833333333,-1.9080066666666664,Makueni,Makueni,Kathonzweni,Market,Cattle,Unknown,No,No,Unknown,No,Unknown,No,Unknown
37.726505,-1.90796,Makueni,Makueni,Kathonzweni,Market,Goats,Unknown,No,Unknown,No,No,No,Unknown,Unknown
37.71877333333334,-1.90779,Makueni,Makueni,Kathonzweni,Market,Sheep,Unknown,No,Unknown,No,No,Unknown,Unknown,Unknown
38.0095039,-2.4946698,Makueni,Kibwezi East,Thange,Village/Farm,Chicken,Mixed,Unknown,Unknown,Unknown,Unknown,Unknown,Unknown,No
36.9064114,-1.0137607,Kiambu,Gatundu South,Kiganjo,Village/Farm,Cattle,Intensive,No,No,Unknown,No,Unknown,No,Unknown
36.9064114,-1.0137607,Kiambu,Gatundu South,Kiganjo,Village/Farm,Sheep,Extensive,No,Unknown,No,No,Unknown,Unknown,Unknown
36.9064114,-1.0137607,Kiambu,Gatundu South,Kiganjo,Village/Farm,Chicken,Mixed,Unknown,Unknown,Unknown,Unknown,Unknown,Unknown,No
39.5626474,-4.2810766,Kwale,Msambweni,Gombato Bongwe,Village/Farm,Cattle,Extensive,No,No,Unknown,No,Unknown,No,Unknown
39.5696686,-4.2682311,Kwale,Msambweni,Gombato Bongwe,Village/Farm,Cattle,Extensive,No,No,Unknown,No,Unknown,No,Unknown
39.5625622,-4.2805973,Kwale,Msambweni,Gombato Bongwe,Village/Farm,Goats,Extensive,No,Unknown,No,No,No,Unknown,Unknown
37.5720976,0.3249966,Isiolo,Isiolo North,Wabera,Village/Farm,Goats,Extensive,No,Unknown,No,No,No,Unknown,Unknown
37.5720976,0.3249966,Isiolo,Isiolo North,Wabera,Village/Farm,Sheep,Extensive,No,Unknown,No,Unknown,Unknown,Unknown,Unknown
37.5889137,0.3510506,Isiolo,Isiolo North,Wabera,Village/Farm,Goats,Extensive,No,Unknown,No,Unknown,No,Unknown,Unknown
37.5889137,0.3510506,Isiolo,Isiolo North,Wabera,Village/Farm,Sheep,Extensive,No,Unknown,No,No,Unknown,Unknown,Unknown
37.5889137,0.3510506,Isiolo,Isiolo North,Wabera,Village/Farm,Cattle,Extensive,No,No,Unknown,No,Unknown,No,Unknown
37.5889137,0.3510506,Isiolo,Isiolo North,Wabera,Village/Farm,Chicken,Extensive,Unknown,Unknown,Unknown,Unknown,Unknown,Unknown,No
39.5626378,-4.2810748,Kwale,Msambweni,Gombato Bongwe,Abattoir,Cattle,Extensive,No,No,Unknown,No,Unknown,No,Unknown
39.5626378,-4.2810748,Kwale,Msambweni,Gombato Bongwe,Abattoir,Goats,Extensive,No,Unknown,No,No,No,Unknown,Unknown
36.705242,1.0918323,Samburu,Samburu West,Maralal,Market,Cattle,Extensive,No,No,Unknown,No,Unknown,No,Unknown
36.705242,1.0918323,Samburu,Samburu West,Maralal,Market,Sheep,Extensive,No,Unknown,No,No,Unknown,Unknown,Unknown
36.705242,1.0918323,Samburu,Samburu West,Maralal,Market,Goats,Extensive,No,Unknown,No,No,No,Unknown,Unknown
36.7054105,1.0918299,Samburu,Samburu West,Maralal,Market,Chicken,Extensive,Unknown,Unknown,Unknown,Unknown,Unknown,Unknown,No
39.0634239,-0.0438162,Garissa,Balambala,Balambala,Village/Farm,Goats,Extensive,No,Unknown,No,No,No,Unknown,Unknown
0.0,0.0,Baringo,Tiaty,Churo/Amaya,Crush,Goats,Mixed,No,Unknown,No,Unknown,No,Unknown,Unknown
35.8503189,-1.847488,Narok,Narok South,Loita,Village/Farm,Cattle,Mixed,No,No,Unknown,No,Unknown,No,Unknown
37.0073197,-0.3119037,Nyeri,Kieni,Thegu River,Abattoir,Chicken,Intensive,Unknown,Unknown,Unknown,Unknown,Unknown,Unknown,No
37.804762,-1.816156,Makueni,Makueni,Mavindini,Village/Farm,Chicken,Mixed,Unknown,Unknown,Unknown,Unknown,Unknown,Unknown,Unknown
36.0631779,-0.2853595,Nakuru,Bahati,Bahati,Abattoir,Chicken,Intensive,Unknown,Unknown,Unknown,Unknown,Unknown,Unknown,Unknown
37.8523915,-2.3127307,Makueni,Kibwezi West,Nguumo,Village/Farm,Goats,Mixed,No,Unknown,No,No,No,Unknown,Unknown
37.8296007,-2.2890313,Makueni,Kibwezi West,Nguumo,Village/Farm,Sheep,Mixed,No,Unknown,No,No,Unknown,Unknown,Unknown
40.3453845,3.9409504,Mandera,Banissa,Banissa,Village/Farm,Cattle,Extensive,No,No,Unknown,No,Unknown,No,Unknown
41.1880767,3.1505143,Mandera,Lafey,Lafey,Clinic,Goats,Intensive,No,Unknown,No,No,No,Unknown,Unknown
35.3774046,-1.6149787,Narok,Narok West,Siana,Village/Farm,Sheep,Extensive,No,Unknown,No,No,Unknown,Unknown,Unknown
35.3774046,-1.6149787,Narok,Narok West,Siana,Village/Farm,Goats,Extensive,No,Unknown,No,No,No,Unknown,Unknown
39.5647636,-4.3266876,Kwale,Msambweni,Kinondo,Abattoir,Cattle,Extensive,Unknown,Unknown,Unknown,Unknown,Unknown,No,Unknown
39.5647636,-4.3266876,Kwale,Msambweni,Kinondo,Abattoir,Goats,Extensive,Unknown,Unknown,No,Unknown,Unknown,Unknown,Unknown
39.5215432,-4.3900838,Kwale,Msambweni,Kinondo,Village/Farm,Cattle,Mixed,No,Unknown,Unknown,Unknown,Unknown,Unknown,Unknown
0.0,0.0,Kwale,Msambweni,Kinondo,Abattoir,Cattle,Extensive,Unknown,No,Unknown,Unknown,Unknown,Unknown,Unknown
39.5215432,-4.3900838,Kwale,Msambweni,Kinondo,Village/Farm,Cattle,Intensive,Unknown,Unknown,Unknown,No,Unknown,Unknown,Unknown
41.8556434,3.9353938,Mandera,Mandera East,Township,Clinic,Goats,Extensive,Unknown,Unknown,No,No,No,Unknown,Unknown
35.9766404,0.4406799,Baringo,Baringo South,Ilchamus,Village/Farm,Cattle,Extensive,No,No,Unknown,No,Unknown,No,Unknown
41.187134,3.1498352,Mandera,Lafey,Lafey,Village/Farm,Chicken,Mixed,Unknown,Unknown,Unknown,Unknown,Unknown,Unknown,No
36.7009452,1.0866356,Samburu,Samburu West,Maralal,Market,Cattle,Extensive,No,No,Unknown,No,Unknown,No,Unknown
36.705242,1.0918323,Samburu,Samburu West,Maralal,Market,Sheep,Extensive,No,Unknown,No,No,Unknown,Unknown,Unknown
36.705242,1.0918323,Samburu,Samburu West,Maralal,Market,Goats,Extensive,No,Unknown,No,No,No,Unknown,Unknown
36.705242,1.0918323,Samburu,Samburu West,Maralal,Market,Chicken,Extensive,Unknown,Unknown,Unknown,Unknown,Unknown,Unknown,No
35.9766404,0.4406799,Baringo,Baringo South,Ilchamus,Village/Farm,Sheep,Mixed,No,Unknown,No,No,Unknown,Unknown,Unknown
35.9766404,0.4406799,Baringo,Baringo South,Ilchamus,Village/Farm,Goats,Mixed,No,Unknown,No,No,No,Unknown,Unknown
37.8841677,-2.3423342,Makueni,Kibwezi West,Nguumo,Village/Farm,Goats,Mixed,No,Unknown,No,No,No,Unknown,Unknown
40.939596,2.8340216,Mandera,Mandera South,Elwak South,Abattoir,Goats,Extensive,No,Unknown,No,No,No,Unknown,Unknown
40.939596,2.8340216,Mandera,Mandera South,Elwak South,Abattoir,Sheep,Extensive,No,Unknown,No,No,Unknown,Unknown,Unknown
40.939596,2.8340216,Mandera,Mandera South,Elwak South,Abattoir,Camel,Extensive,No,Unknown,Unknown,No,Unknown,Unknown,Unknown
40.9255192,2.8067882,Mandera,Mandera South,Elwak South,Market,Goats,Extensive,No,Unknown,No,No,No,Unknown,Unknown
40.9255197,2.8067882,Mandera,Mandera South,Elwak South,Market,Sheep,Extensive,No,Unknown,No,No,Unknown,Unknown,Unknown
37.77001833333334,-2.0085800000000003,Makueni,Makueni,Kathonzweni,Abattoir,Goats,Unknown,No,Unknown,No,No,No,Unknown,Unknown
37.662,-1.8486083333333332,Makueni,Makueni,Muvau/Kikuumini,Abattoir,Goats,Unknown,No,Unknown,No,No,No,Unknown,Unknown
37.54324333333333,-2.0093266666666665,Makueni,Makueni,Nzaui/Kilili/Kalamba,Village/Farm,Cattle,Mixed,No,No,Unknown,No,Unknown,No,Unknown
35.0092265,0.0319877,Nandi,Aldai,Kobujoi,Village/Farm,Cattle,Mixed,No,Unknown,Unknown,No,Unknown,Unknown,Unknown
36.8221675,-0.9435579,Kiambu,Gatundu South,Ndarugu,Village/Farm,Cattle,Intensive,No,No,Unknown,No,Unknown,No,Unknown
36.9028196,-1.0112374,Kiambu,Gatundu South,Ngenda,Village/Farm,Chicken,Extensive,Unknown,Unknown,Unknown,Unknown,Unknown,Unknown,No
36.9028196,-1.0112374,Kiambu,Gatundu South,Ngenda,Village/Farm,Sheep,Extensive,No,Unknown,No,No,Unknown,Unknown,Unknown
36.9028196,-1.0112374,Kiambu,Gatundu South,Ngenda,Village/Farm,Cattle,Intensive,No,No,Unknown,No,Unknown,No,Unknown
40.1537514,-3.1168787,Kilifi,Magarini,Magarini,Abattoir,Goats,Unknown,No,Unknown,No,No,No,Unknown,Unknown
40.1540713,-3.1163747,Kilifi,Magarini,Magarini,Abattoir,Cattle,Unknown,No,No,Unknown,No,Unknown,No,Unknown
41.1880767,3.1505143,Mandera,Lafey,Lafey,Village/Farm,Chicken,Unknown,Unknown,Unknown,Unknown,Unknown,Unknown,Unknown,No
35.9858256,0.4377591,Baringo,Baringo South,Ilchamus,Village/Farm,Sheep,Extensive,No,Unknown,No,No,Unknown,Unknown,Unknown
36.0048732,0.4283318,Baringo,Baringo South,Marigat,Village/Farm,Goats,Extensive,No,Unknown,No,No,No,Unknown,Unknown
36.0252761,0.4017117,Baringo,Baringo South,Ilchamus,Village/Farm,Cattle,Extensive,No,No,Unknown,No,Unknown,No,Unknown
35.9756197,0.4667648,Baringo,Baringo South,Ilchamus,Village/Farm,Chicken,Extensive,Unknown,Unknown,Unknown,Unknown,Unknown,Unknown,No
37.3657114,-2.0213558,Makueni,Kaiti,Kilungu,Abattoir,Cattle,Unknown,No,No,Unknown,No,Unknown,No,Unknown
37.3618245,-2.005667,Makueni,Kilome,Mukaa,Abattoir,Cattle,Unknown,No,No,Unknown,No,Unknown,No,Unknown
37.3618245,-2.005667,Makueni,Kilome,Kasikeu,Abattoir,Goats,Unknown,No,Unknown,No,No,No,Unknown,Unknown
37.3618245,-2.005667,Makueni,Kilome,Kasikeu,Abattoir,Cattle,Unknown,No,No,Unknown,No,Unknown,No,Unknown
37.3618245,-2.005667,Makueni,Kilome,Kasikeu,Abattoir,Cattle,Unknown,No,No,Unknown,No,Unknown,No,Unknown
37.3618245,-2.005667,Makueni,Kilome,Kasikeu,Abattoir,Goats,Unknown,No,Unknown,No,No,No,Unknown,Unknown
35.1899433,-0.5917218,Kericho,Bureti,Litein,Abattoir,Cattle,Unknown,No,No,Unknown,No,Unknown,No,Unknown
35.1926916,-0.5929148,Kericho,Bureti,Litein,Abattoir,Sheep,Unknown,No,Unknown,No,No,Unknown,Unknown,Unknown
35.1899433,-0.5917218,Kericho,Bureti,Litein,Abattoir,Goats,Unknown,No,Unknown,No,No,No,Unknown,Unknown
38.0110555,-2.5022686,Makueni,Kibwezi East,Thange,Market,Cattle,Mixed,No,No,Unknown,No,Unknown,No,Unknown
38.0110555,-2.5022686,Makueni,Kibwezi East,Thange,Market,Goats,Mixed,No,Unknown,No,No,No,Unknown,Unknown
38.0110555,-2.5022686,Makueni,Kibwezi East,Thange,Market,Sheep,Mixed,No,Unknown,No,No,Unknown,Unknown,Unknown
38.0110555,-2.5022686,Makueni,Kibwezi East,Thange,Market,Sheep,Mixed,No,Unknown,No,No,Unknown,Unknown,Unknown
38.0110555,-2.5022686,Makueni,Kibwezi East,Thange,Market,Chicken,Mixed,Unknown,Unknown,Unknown,Unknown,Unknown,Unknown,No
38.0279271,-2.5252083,Makueni,Kibwezi East,Thange,Abattoir,Cattle,Mixed,No,No,Unknown,No,Unknown,No,Unknown
38.0315655,-2.5283019,Makueni,Kibwezi East,Thange,Abattoir,Goats,Mixed,No,Unknown,No,No,No,Unknown,Unknown
38.03355,-2.5351671,Makueni,Kibwezi East,Thange,Abattoir,Sheep,Mixed,No,Unknown,No,No,Unknown,Unknown,Unknown
37.9875607,0.3380125,Meru,Igembe North,Antubetwe Kiongo,Abattoir,Goats,Extensive,No,Unknown,No,No,No,Unknown,Unknown
37.5673507,-1.7694506,Makueni,Kaiti,Ukia,Village/Farm,Cattle,Mixed,No,No,Unknown,Unknown,Unknown,Unknown,Unknown
37.5674098,-1.7693791,Makueni,Kaiti,Ukia,Village/Farm,Cattle,Mixed,No,Unknown,Unknown,No,Unknown,No,Unknown
37.5674098,-1.7693791,Makueni,Kaiti,Ukia,Village/Farm,Goats,Mixed,No,Unknown,No,No,No,Unknown,Unknown
37.5674098,-1.7693791,Makueni,Kaiti,Ukia,Village/Farm,Sheep,Mixed,No,Unknown,No,No,Unknown,Unknown,Unknown
36.0048732,0.4283318,Baringo,Baringo South,Ilchamus,Village/Farm,Cattle,Extensive,No,No,Unknown,No,Unknown,No,Unknown
36.0048732,0.4283318,Baringo,Baringo South,Marigat,Village/Farm,Sheep,Mixed,No,Unknown,No,No,Unknown,Unknown,Unknown
36.0048732,0.4283318,Baringo,Baringo South,Ilchamus,Village/Farm,Goats,Mixed,No,Unknown,No,No,No,Unknown,Unknown
36.0048732,0.4283318,Baringo,Baringo South,Ilchamus,Village/Farm,Chicken,Mixed,Unknown,Unknown,Unknown,Unknown,Unknown,Unknown,No
38.0629801,-2.5814625,Makueni,Kibwezi East,Masongaleni,Village/Farm,Cattle,Mixed,No,No,Unknown,No,Unknown,No,Unknown
38.0633107,-2.581203,Makueni,Kibwezi East,Masongaleni,Village/Farm,Goats,Mixed,No,Unknown,No,No,No,Unknown,Unknown
38.0633107,-2.581203,Makueni,Kibwezi East,Masongaleni,Village/Farm,Sheep,Mixed,No,Unknown,No,No,Unknown,Unknown,Unknown
38.0629801,-2.5814625,Makueni,Kibwezi East,Masongaleni,Village/Farm,Chicken,Mixed,Unknown,Unknown,Unknown,Unknown,Unknown,Unknown,No
41.187134,3.1498352,Mandera,Lafey,Lafey,Village/Farm,Cattle,Unknown,No,No,Unknown,No,Unknown,No,Unknown
41.3039113,3.1572396,Mandera,Lafey,Lafey,Village/Farm,Chicken,Unknown,Unknown,Unknown,Unknown,Unknown,Unknown,Unknown,No
41.3039113,3.1572396,Mandera,Lafey,Lafey,Village/Farm,Camel,Mixed,No,Unknown,Unknown,Unknown,Unknown,Unknown,Unknown
37.9266351,-2.400478,Makueni,Kibwezi East,Thange,Village/Farm,Cattle,Mixed,No,No,Unknown,No,Unknown,No,Unknown
38.0186324,-2.511651,Makueni,Kibwezi East,Thange,Village/Farm,Cattle,Mixed,No,No,Unknown,No,Unknown,No,Unknown
38.0186324,-2.511651,Makueni,Kibwezi East,Thange,Village/Farm,Cattle,Mixed,No,No,Unknown,No,Unknown,No,Unknown
38.0011841,-2.4862866,Makueni,Kibwezi East,Thange,Village/Farm,Cattle,Mixed,No,No,Unknown,No,Unknown,No,Unknown
38.0011841,-2.4862866,Makueni,Kibwezi East,Thange,Village/Farm,Goats,Mixed,No,Unknown,No,No,No,Unknown,Unknown
38.0011841,-2.4862866,Makueni,Kibwezi East,Thange,Village/Farm,Sheep,Mixed,No,Unknown,No,No,Unknown,Unknown,Unknown
38.0011841,-2.4862866,Makueni,Kibwezi East,Thange,Village/Farm,Chicken,Mixed,Unknown,Unknown,Unknown,Unknown,Unknown,Unknown,No
37.643145,0.504634,Isiolo,Isiolo North,Ngare Mara,Village/Farm,Chicken,Extensive,Unknown,Unknown,Unknown,Unknown,Unknown,Unknown,No
0.0,0.0,Makueni,Kibwezi West,Kikumbulyu South,Abattoir,Cattle,Unknown,No,No,Unknown,No,Unknown,No,Unknown
0.0,0.0,Makueni,Kibwezi West,Kikumbulyu South,Abattoir,Goats,Unknown,No,Unknown,No,No,No,Unknown,Unknown
35.9811907,0.4698136,Baringo,Baringo South,Marigat,Crush,Cattle,Extensive,No,No,Unknown,No,Unknown,No,Unknown
0.0,0.0,Makueni,Kibwezi West,Kikumbulyu North,Abattoir,Goats,Unknown,No,Unknown,No,No,No,Unknown,Unknown
40.9354928,2.8202664,Mandera,Mandera South,Elwak South,Market,Goats,Extensive,No,Unknown,No,No,No,Unknown,Unknown
40.9348615,2.819813,Mandera,Mandera South,Elwak South,Market,Sheep,Extensive,No,Unknown,No,No,Unknown,Unknown,Unknown
37.5891647,0.3467386,Isiolo,Isiolo North,Wabera,Village/Farm,Sheep,Extensive,No,Unknown,No,Unknown,Unknown,Unknown,Unknown
37.5891647,0.3467386,Isiolo,Isiolo North,Bulla Pesa,Village/Farm,Goats,Extensive,No,Unknown,No,Unknown,No,Unknown,Unknown
37.5891647,0.3467386,Isiolo,Isiolo North,Wabera,Village/Farm,Cattle,Extensive,No,No,Unknown,No,Unknown,No,Unknown
41.1868197,3.1500917,Mandera,Lafey,Lafey,Village/Farm,Chicken,Mixed,Unknown,Unknown,Unknown,Unknown,Unknown,Unknown,No
41.187134,3.1498352,Mandera,Lafey,Lafey,Village/Farm,Camel,Mixed,No,Unknown,Unknown,No,Unknown,Unknown,Unknown
36.6985119,1.0913743,Samburu,Samburu West,Lodokejek,Market,Cattle,Extensive,No,No,Unknown,No,Unknown,No,Unknown
36.7006082,1.0873655,Samburu,Samburu West,Lodokejek,Market,Sheep,Extensive,No,Unknown,No,No,Unknown,Unknown,Unknown
36.6985119,1.0913743,Samburu,Samburu West,Lodokejek,Market,Goats,Extensive,No,Unknown,No,No,No,Unknown,Unknown
36.6985119,1.0913743,Samburu,Samburu West,Lodokejek,Market,Chicken,Extensive,Unknown,Unknown,Unknown,Unknown,Unknown,Unknown,No
36.7002712,1.0888206,Samburu,Samburu West,Lodokejek,Market,Goats,Extensive,No,Unknown,No,No,No,Unknown,Unknown
36.9064215,-1.0137084,Kiambu,Gatundu South,Ndarugu,Village/Farm,Cattle,Intensive,No,No,Unknown,No,Unknown,No,Unknown
40.1134298,-3.1939556,Kilifi,Magarini,Sabaki,Village/Farm,Cattle,Intensive,Unknown,Unknown,Unknown,No,Unknown,Unknown,Unknown
35.7695171,0.4823826,Baringo,Baringo Central,Ewalel/Chapchap,Village/Farm,Cattle,Mixed,No,No,Unknown,No,Unknown,No,Unknown
37.5891647,0.3467386,Isiolo,Isiolo North,Wabera,Village/Farm,Cattle,Intensive,No,No,Unknown,No,Unknown,No,Unknown
37.5891647,0.3467386,Isiolo,Isiolo North,Wabera,Village/Farm,Sheep,Extensive,No,Unknown,No,Unknown,Unknown,Unknown,Unknown
37.5891647,0.3467386,Isiolo,Isiolo North,Wabera,Village/Farm,Chicken,Extensive,Unknown,Unknown,Unknown,Unknown,Unknown,Unknown,No
37.5891647,0.3467386,Isiolo,Isiolo North,Wabera,Village/Farm,Goats,Extensive,No,Unknown,No,No,No,Unknown,Unknown
35.7376971,-1.9076084,Narok,Narok South,Loita,Village/Farm,Goats,Mixed,No,Unknown,No,No,No,Unknown,Unknown
36.7006082,1.0922003,Samburu,Samburu West,Maralal,Market,Cattle,Extensive,No,No,Unknown,No,Unknown,No,Unknown
36.7054105,1.0918299,Samburu,Samburu West,Maralal,Market,Sheep,Extensive,No,Unknown,No,No,Unknown,Unknown,Unknown
36.7006082,1.0851901,Samburu,Samburu West,Maralal,Market,Goats,Extensive,No,Unknown,No,No,No,Unknown,Unknown
36.7012823,1.0863891,Samburu,Samburu West,Maralal,Market,Camel,Extensive,No,Unknown,Unknown,Unknown,Unknown,Unknown,Unknown
36.7006082,1.0851901,Samburu,Samburu West,Maralal,Market,Chicken,Extensive,Unknown,Unknown,Unknown,Unknown,Unknown,Unknown,No
41.1830039,3.1492244,Mandera,Lafey,Lafey,Clinic,Goats,Mixed,No,Unknown,No,No,No,Unknown,Unknown
41.1877625,3.1505294,Mandera,Lafey,Lafey,Clinic,Cattle,Mixed,No,No,Unknown,No,Unknown,No,Unknown
41.1839915,3.1495032,Mandera,Lafey,Lafey,Village/Farm,Chicken,Unknown,Unknown,Unknown,Unknown,Unknown,Unknown,Unknown,No
36.7009452,1.0825267,Samburu,Samburu West,Maralal,Crush,Cattle,Mixed,No,Unknown,Unknown,No,Unknown,No,Unknown
36.7009452,1.0825267,Samburu,Samburu West,Maralal,Crush,Sheep,Mixed,No,Unknown,No,Unknown,Unknown,Unknown,Unknown
38.4687064,-4.641454,Kwale,Matuga,Mkongani,Crush,Goats,Intensive,No,Unknown,No,No,No,Unknown,Unknown
37.3456294,-1.9887976,Makueni,Kilome,Kasikeu,Abattoir,Goats,Unknown,No,Unknown,No,No,No,Unknown,Unknown
37.302308333333336,-1.945733333333333,Makueni,Kilome,Kasikeu,Abattoir,Goats,Unknown,No,Unknown,No,No,No,Unknown,Unknown
37.3839164,-1.9418985,Makueni,Kilome,Kasikeu,Abattoir,Goats,Unknown,No,Unknown,No,No,No,Unknown,Unknown
37.3587118,-1.9330601,Makueni,Kilome,Kasikeu,Village/Farm,Chicken,Mixed,Unknown,Unknown,Unknown,Unknown,Unknown,Unknown,No
37.5866368,0.3542451,Isiolo,Isiolo North,Wabera,Village/Farm,Goats,Extensive,No,Unknown,No,Unknown,No,Unknown,Unknown
37.5866368,0.3542451,Isiolo,Isiolo North,Wabera,Village/Farm,Goats,Intensive,No,Unknown,No,No,No,Unknown,Unknown
37.5883936,0.3610256,Isiolo,Isiolo North,Wabera,Village/Farm,Goats,Intensive,No,Unknown,No,No,No,Unknown,Unknown
37.5883936,0.3610256,Isiolo,Isiolo North,Wabera,Village/Farm,Chicken,Extensive,Unknown,Unknown,Unknown,Unknown,Unknown,Unknown,No
37.9398844,0.3491562,Meru,Igembe North,Antuambui,Abattoir,Goats,Extensive,No,Unknown,No,No,No,Unknown,Unknown
34.1825698,0.1068573,Siaya,Alego Usonga,West Alego,Village/Farm,Cattle,Intensive,No,No,Unknown,No,Unknown,No,Unknown
39.5366258,-4.3538318,Kwale,Msambweni,Kinondo,Abattoir,Cattle,Extensive,No,Unknown,Unknown,Unknown,Unknown,Unknown,Unknown
39.4979136,-4.451454,Kwale,Msambweni,Kinondo,Village/Farm,Cattle,Intensive,Unknown,Unknown,Unknown,Unknown,Unknown,No,Unknown
39.5366258,-4.3538318,Kwale,Msambweni,Kinondo,Abattoir,Cattle,Extensive,Unknown,Unknown,Unknown,Unknown,Unknown,No,Unknown
39.5215433,-4.3900173,Kwale,Msambweni,Kinondo,Village/Farm,Cattle,Intensive,Unknown,Unknown,Unknown,No,Unknown,Unknown,Unknown
36.7054105,1.0918299,Samburu,Samburu West,Maralal,Market,Cattle,Extensive,No,No,Unknown,No,Unknown,No,Unknown
37.9615333,-2.4070274,Makueni,Kibwezi East,Thange,Village/Farm,Cattle,Mixed,No,No,Unknown,No,Unknown,No,Unknown
37.958098,-2.4095793,Makueni,Kibwezi East,Thange,Village/Farm,Goats,Mixed,No,Unknown,No,No,No,Unknown,Unknown
37.9615333,-2.4070274,Makueni,Kibwezi East,Thange,Village/Farm,Sheep,Mixed,No,Unknown,No,No,Unknown,Unknown,Unknown
37.3646469,-1.9399322,Makueni,Kilome,Kasikeu,Village/Farm,Chicken,Mixed,Unknown,Unknown,Unknown,Unknown,Unknown,Unknown,No
35.64900957,-1.01755383,Narok,Narok South,Ololulung'A,Village/Farm,Cattle,Mixed,No,No,Unknown,No,Unknown,No,Unknown
35.64914365,-1.01713288,Narok,Narok South,Ololulung'A,Village/Farm,Sheep,Mixed,No,Unknown,No,No,Unknown,Unknown,Unknown
36.676677,1.0809343,Samburu,Samburu West,Maralal,Crush,Sheep,Mixed,No,Unknown,No,Unknown,Unknown,Unknown,Unknown
36.676677,1.0809343,Samburu,Samburu West,Maralal,Crush,Cattle,Mixed,No,Unknown,Unknown,No,Unknown,No,Unknown
36.6927725,1.0921303,Samburu,Samburu West,Maralal,Village/Farm,Cattle,Mixed,No,Unknown,Unknown,No,Unknown,No,Unknown
35.767387,0.4776037,Baringo,Baringo Central,Kapropita,Village/Farm,Cattle,Mixed,No,No,Unknown,No,Unknown,No,Unknown
41.8524706,3.9349443,Mandera,Mandera East,Neboi,Abattoir,Cattle,Extensive,No,No,Unknown,No,Unknown,No,Unknown
41.854023,3.9387556,Mandera,Mandera East,Neboi,Abattoir,Cattle,Extensive,No,No,Unknown,No,Unknown,No,Unknown
37.770265,-2.00602,Makueni,Makueni,Kathonzweni,Abattoir,Goats,Unknown,No,Unknown,No,No,No,Unknown,Unknown
37.727265,-1.908904,Makueni,Makueni,Kathonzweni,Market,Cattle,Unknown,No,No,Unknown,No,Unknown,No,Unknown
37.730941666666666,-1.9135066666666665,Makueni,Makueni,Kathonzweni,Abattoir,Goats,Unknown,No,Unknown,No,No,No,Unknown,Unknown
37.659715,-1.856365,Makueni,Makueni,Muvau/Kikuumini,Abattoir,Goats,Unknown,No,Unknown,No,No,No,Unknown,Unknown
38.0864489,-2.5848481,Makueni,Kibwezi East,Mtito Andei,Market,Cattle,Unknown,No,No,Unknown,No,Unknown,No,Unknown
38.0864489,-2.5848481,Makueni,Kibwezi East,Mtito Andei,Market,Goats,Unknown,No,Unknown,No,No,No,Unknown,Unknown
38.0871099,-2.5838335,Makueni,Kibwezi East,Mtito Andei,Market,Sheep,Unknown,No,Unknown,No,No,Unknown,Unknown,Unknown
38.0864489,-2.5848481,Makueni,Kibwezi East,Ivingoni/Nzambani,Market,Chicken,Unknown,Unknown,Unknown,Unknown,Unknown,Unknown,Unknown,No
39.1356098,-4.3870284,Kwale,Matuga,Mkongani,Village/Farm,Goats,Unknown,No,Unknown,No,No,Unknown,Unknown,Unknown
35.77924685552716,0.4631842626258731,Baringo,Baringo Central,Sacho,Village/Farm,Cattle,Intensive,No,No,Unknown,No,Unknown,No,Unknown
37.5674098,-1.76963791,Makueni,Kaiti,Kee,Village/Farm,Chicken,Intensive,Unknown,Unknown,Unknown,Unknown,Unknown,Unknown,No
37.735485,-1.929415,Makueni,Makueni,Kathonzweni,Village/Farm,Chicken,Mixed,Unknown,Unknown,Unknown,Unknown,Unknown,Unknown,Unknown
37.804762,-1.816156,Makueni,Makueni,Mavindini,Village/Farm,Chicken,Mixed,Unknown,Unknown,Unknown,Unknown,Unknown,Unknown,Unknown
35.1348938,0.2046789,Nandi,Emgwen,Kilibwoni,Village/Farm,Sheep,Unknown,No,Unknown,No,No,Unknown,Unknown,Unknown
40.939596,2.8340216,Mandera,Mandera South,Elwak South,Abattoir,Camel,Extensive,No,Unknown,Unknown,No,Unknown,Unknown,Unknown
40.939596,2.8340216,Mandera,Mandera South,Elwak South,Abattoir,Sheep,Extensive,No,Unknown,No,No,Unknown,Unknown,Unknown
40.939596,2.8340216,Mandera,Mandera South,Elwak South,Abattoir,Goats,Extensive,No,Unknown,No,No,No,Unknown,Unknown
37.9395532,0.3521801,Meru,Igembe North,Antuambui,Abattoir,Sheep,Intensive,No,Unknown,Unknown,No,Unknown,Unknown,Unknown
36.7054105,1.0918299,Samburu,Samburu West,Maralal,Market,Cattle,Extensive,No,No,Unknown,No,Unknown,No,Unknown
36.7054105,1.0918299,Samburu,Samburu West,Maralal,Market,Sheep,Extensive,No,Unknown,No,No,Unknown,Unknown,Unknown
36.7054105,1.0918299,Samburu,Samburu West,Maralal,Market,Goats,Extensive,No,Unknown,No,No,No,Unknown,Unknown
36.7054105,1.0918299,Samburu,Samburu West,Maralal,Market,Chicken,Extensive,Unknown,Unknown,Unknown,Unknown,Unknown,Unknown,No
34.6010854,-0.4180625,Homa Bay,Karachuonyo,North Karachuonyo,Village/Farm,Chicken,Mixed,Unknown,Unknown,Unknown,Unknown,Unknown,Unknown,Unknown
39.4501732,-4.1685347,Kwale,Matuga,Tsimba Golini,Village/Farm,Cattle,Extensive,Unknown,Unknown,Unknown,Unknown,Unknown,Unknown,Unknown
35.8712215,-1.0803945,Narok,Narok North,Narok Town,Village/Farm,Chicken,Unknown,Unknown,Unknown,Unknown,Unknown,Unknown,Unknown,Unknown
39.5214402,-4.3899477,Kwale,Msambweni,Kinondo,Village/Farm,Cattle,Intensive,Unknown,No,Unknown,Unknown,Unknown,Unknown,Unknown
40.1534315,-3.1124896,Kilifi,Magarini,Magarini,Abattoir,Cattle,Unknown,No,No,Unknown,No,Unknown,No,Unknown
40.1527917,-3.1110511,Kilifi,Magarini,Magarini,Abattoir,Goats,Unknown,No,Unknown,No,No,No,Unknown,Unknown
40.1527917,-3.1110511,Kilifi,Magarini,Magarini,Abattoir,Sheep,Unknown,No,Unknown,No,No,Unknown,Unknown,Unknown
41.1877625,3.1505294,Mandera,Lafey,Lafey,Village/Farm,Cattle,Unknown,No,No,Unknown,No,Unknown,No,Unknown
37.589067,0.348001,Isiolo,Isiolo North,Wabera,Village/Farm,Goats,Extensive,No,Unknown,No,Unknown,No,Unknown,Unknown
37.589067,0.348001,Isiolo,Isiolo North,Burat,Village/Farm,Goats,Extensive,No,Unknown,No,Unknown,No,Unknown,Unknown
37.35143666666667,-1.853886666666667,Makueni,Kilome,Mukaa,Abattoir,Goats,Unknown,No,Unknown,No,No,No,Unknown,Unknown
37.0073197,-0.3116686,Nyeri,Kieni,Thegu River,Abattoir,Chicken,Intensive,Unknown,Unknown,Unknown,Unknown,Unknown,Unknown,No
34.9429101,0.5135523,Nandi,Mosop,Chepterwai,Village/Farm,Cattle,Mixed,No,No,Unknown,No,Unknown,No,Unknown
37.727671666666666,-1.9093383333333336,Makueni,Makueni,Kathonzweni,Market,Cattle,Unknown,No,No,Unknown,No,Unknown,No,Unknown
37.3646469,-1.9399322,Makueni,Kilome,Kasikeu,Village/Farm,Cattle,Mixed,No,No,Unknown,No,Unknown,No,Unknown
37.5361923,-1.7715573,Makueni,Kaiti,Ukia,Village/Farm,Cattle,Mixed,No,No,Unknown,No,Unknown,No,Unknown
37.5361923,-1.7715573,Makueni,Kaiti,Ukia,Village/Farm,Chicken,Intensive,Unknown,Unknown,Unknown,Unknown,Unknown,Unknown,No
37.5361923,-1.7715573,Makueni,Kaiti,Ukia,Village/Farm,Goats,Mixed,No,Unknown,No,No,No,Unknown,Unknown
37.9398844,0.3521785,Meru,Igembe North,Antuambui,Abattoir,Sheep,Extensive,No,Unknown,No,No,Unknown,Unknown,Unknown
34.8091145,-1.2330361,Narok,Transmara West,Lolgorian,Market,Sheep,Extensive,No,Unknown,No,No,Unknown,Unknown,Unknown
41.187134,3.1500767,Mandera,Lafey,Lafey,Village/Farm,Chicken,Mixed,Unknown,Unknown,Unknown,Unknown,Unknown,Unknown,No
41.187134,3.1500767,Mandera,Lafey,Lafey,Village/Farm,Goats,Intensive,No,Unknown,No,No,No,Unknown,Unknown
41.3035977,3.1572547,Mandera,Lafey,Lafey,Village/Farm,Camel,Mixed,No,Unknown,Unknown,No,Unknown,Unknown,Unknown
38.083144,-2.5869475,Makueni,Kibwezi East,Ivingoni/Nzambani,Village/Farm,Cattle,Mixed,No,No,Unknown,No,Unknown,No,Unknown
38.0312348,-2.532523,Makueni,Kibwezi East,Thange,Village/Farm,Cattle,Mixed,No,No,Unknown,No,Unknown,No,Unknown
38.034873,-2.5314069,Makueni,Kibwezi East,Thange,Village/Farm,Chicken,Mixed,Unknown,Unknown,Unknown,Unknown,Unknown,Unknown,No
38.034873,-2.5314069,Makueni,Kibwezi East,Thange,Village/Farm,Sheep,Mixed,No,Unknown,No,No,Unknown,Unknown,Unknown
38.0312348,-2.532523,Makueni,Kibwezi East,Thange,Village/Farm,Sheep,Mixed,No,Unknown,No,No,Unknown,Unknown,Unknown
38.0279271,-2.5252083,Makueni,Kibwezi East,Thange,Village/Farm,Goats,Mixed,No,Unknown,No,No,No,Unknown,Unknown
38.0859096,-2.4740529,Makueni,Kibwezi East,Masongaleni,Village/Farm,Cattle,Mixed,No,No,Unknown,No,Unknown,No,Unknown
38.1821987,-2.4780494,Makueni,Kibwezi East,Masongaleni,Village/Farm,Cattle,Mixed,No,No,Unknown,No,Unknown,No,Unknown
40.1454333,-2.7636357,Kilifi,Magarini,Adu,Village/Farm,Goats,Extensive,No,Unknown,Unknown,Unknown,Unknown,Unknown,Unknown
40.1463931,-2.7810525,Kilifi,Magarini,Adu,Village/Farm,Cattle,Mixed,Unknown,Unknown,Unknown,No,Unknown,Unknown,Unknown
39.3031529,-4.138795,Kwale,Kinango,Ndavaya,Market,Cattle,Unknown,No,Unknown,Unknown,No,Unknown,No,Unknown
39.3031529,-4.138795,Kwale,Kinango,Ndavaya,Market,Chicken,Unknown,Unknown,Unknown,Unknown,Unknown,Unknown,Unknown,No
39.3031529,-4.138795,Kwale,Kinango,Ndavaya,Market,Goats,Unknown,No,Unknown,No,Unknown,No,Unknown,Unknown
39.3031529,-4.138795,Kwale,Kinango,Ndavaya,Market,Sheep,Unknown,No,Unknown,No,Unknown,Unknown,Unknown,Unknown
35.0819968,0.0592934,Nandi,Aldai,Kobujoi,Village/Farm,Sheep,Mixed,Unknown,Unknown,No,Unknown,Unknown,Unknown,Unknown
36.698514,1.091392,Samburu,Samburu West,Lodokejek,Market,Cattle,Extensive,No,No,Unknown,No,Unknown,No,Unknown
36.765201,0.9497313,Samburu,Samburu West,Lodokejek,Market,Sheep,Extensive,No,Unknown,No,No,Unknown,Unknown,Unknown
36.765201,0.9497313,Samburu,Samburu West,Lodokejek,Market,Sheep,Extensive,No,Unknown,No,No,Unknown,Unknown,Unknown
36.7006082,1.0880907,Samburu,Samburu West,Lodokejek,Market,Goats,Extensive,No,Unknown,No,No,No,Unknown,Unknown
36.698514,1.091392,Samburu,Samburu West,Lodokejek,Market,Chicken,Extensive,Unknown,Unknown,Unknown,Unknown,Unknown,Unknown,No
38.0294425,-2.5381981,Makueni,Kibwezi East,Thange,Village/Farm,Cattle,Mixed,No,No,Unknown,No,Unknown,No,Unknown
38.0341079,-2.538391,Makueni,Kibwezi East,Thange,Village/Farm,Goats,Mixed,No,Unknown,No,No,No,Unknown,Unknown
38.0341079,-2.538391,Makueni,Kibwezi East,Thange,Village/Farm,Sheep,Mixed,No,Unknown,No,No,Unknown,Unknown,Unknown
39.5214123,-4.3898971,Kwale,Msambweni,Kinondo,Village/Farm,Cattle,Intensive,Unknown,No,Unknown,Unknown,Unknown,Unknown,Unknown
37.3646469,-1.9399322,Makueni,Kilome,Kasikeu,Village/Farm,Sheep,Mixed,No,Unknown,No,No,Unknown,Unknown,Unknown
37.365779,-2.021315,Makueni,Kilome,Kasikeu,Abattoir,Goats,Unknown,No,Unknown,No,No,No,Unknown,Unknown
37.365779,-2.021315,Makueni,Kilome,Mukaa,Abattoir,Cattle,Unknown,No,No,Unknown,No,Unknown,No,Unknown
37.66091666666667,-1.8521133333333333,Makueni,Makueni,Muvau/Kikuumini,Abattoir,Goats,Unknown,No,Unknown,No,No,No,Unknown,Unknown
37.72596166666666,-1.9091066666666667,Makueni,Makueni,Kathonzweni,Abattoir,Goats,Unknown,No,Unknown,No,No,No,Unknown,Unknown
37.3417724,-1.9852115,Makueni,Kilome,Kasikeu,Abattoir,Cattle,Unknown,No,No,Unknown,No,Unknown,No,Unknown
39.5625622,-4.2808512,Kwale,Msambweni,Gombato Bongwe,Village/Farm,Cattle,Extensive,No,No,Unknown,No,Unknown,No,Unknown
39.5625622,-4.2808512,Kwale,Msambweni,Gombato Bongwe,Abattoir,Goats,Extensive,No,Unknown,No,No,No,Unknown,Unknown
39.5625622,-4.2808512,Kwale,Msambweni,Gombato Bongwe,Abattoir,Sheep,Extensive,No,Unknown,No,No,Unknown,Unknown,Unknown
39.5619162,-4.2783522,Kwale,Msambweni,Gombato Bongwe,Abattoir,Goats,Extensive,No,Unknown,No,No,No,Unknown,Unknown
39.5625622,-4.2808512,Kwale,Msambweni,Gombato Bongwe,Abattoir,Cattle,Extensive,No,No,Unknown,No,Unknown,No,Unknown
39.5593318,-4.2909526,Kwale,Msambweni,Gombato Bongwe,Village/Farm,Cattle,Extensive,No,No,Unknown,No,Unknown,No,Unknown
40.1535374,-3.1169979,Kilifi,Magarini,Magarini,Abattoir,Cattle,Unknown,No,No,Unknown,No,Unknown,No,Unknown
40.1535374,-3.1169979,Kilifi,Magarini,Magarini,Abattoir,Goats,Unknown,No,Unknown,No,No,No,Unknown,Unknown
37.661375,-1.8538816666666664,Makueni,Makueni,Muvau/Kikuumini,Abattoir,Goats,Unknown,No,Unknown,No,No,No,Unknown,Unknown
35.3522829,-0.0338886,Nandi,Tinderet,Tindiret,Village/Farm,Cattle,Extensive,Unknown,Unknown,Unknown,No,Unknown,Unknown,Unknown
36.692604,1.0926162,Samburu,Samburu West,Maralal,Crush,Cattle,Mixed,No,Unknown,Unknown,No,Unknown,No,Unknown
37.65907333333334,-1.855956666666667,Makueni,Makueni,Muvau/Kikuumini,Village/Farm,Goats,Unknown,No,Unknown,No,No,No,Unknown,Unknown
36.5864811,1.0189685,Samburu,Samburu West,Suguta Marmar,Abattoir,Cattle,Mixed,No,Unknown,Unknown,No,Unknown,No,Unknown
36.5864811,1.0189685,Samburu,Samburu West,Suguta Marmar,Village/Farm,Sheep,Mixed,No,Unknown,No,Unknown,Unknown,Unknown,Unknown
36.6760028,0.8503902,Samburu,Samburu West,Suguta Marmar,Village/Farm,Chicken,Mixed,Unknown,Unknown,Unknown,Unknown,Unknown,Unknown,No
36.7366591,1.0038458,Samburu,Samburu West,Loosuk,Crush,Cattle,Mixed,No,Unknown,Unknown,No,Unknown,No,Unknown
36.7366591,1.0038458,Samburu,Samburu West,Loosuk,Crush,Sheep,Mixed,No,Unknown,No,Unknown,Unknown,Unknown,Unknown
36.7366591,1.0038458,Samburu,Samburu West,Loosuk,Village/Farm,Goats,Mixed,No,Unknown,No,Unknown,No,Unknown,Unknown
36.7366591,1.0038458,Samburu,Samburu West,Loosuk,Village/Farm,Chicken,Mixed,Unknown,Unknown,Unknown,Unknown,Unknown,Unknown,No
36.7366591,1.0038458,Samburu,Samburu West,Loosuk,Village/Farm,Camel,Mixed,No,Unknown,Unknown,Unknown,Unknown,Unknown,Unknown
39.1620081,-3.7602823,Kwale,Kinango,Mackinnon Road,Village/Farm,Goats,Extensive,Unknown,Unknown,No,No,No,Unknown,Unknown
36.7000944,1.0957503,Samburu,Samburu West,Maralal,Crush,Cattle,Mixed,No,Unknown,Unknown,No,Unknown,No,Unknown
34.1363301,0.1369409,Siaya,Alego Usonga,West Alego,Village/Farm,Cattle,Intensive,No,No,Unknown,No,Unknown,No,Unknown
38.0818219,-2.5847636,Makueni,Kibwezi East,Mtito Andei,Market,Cattle,Unknown,No,No,Unknown,No,Unknown,No,Unknown
38.0818219,-2.5847636,Makueni,Kibwezi East,Mtito Andei,Market,Goats,Unknown,No,Unknown,No,No,No,Unknown,Unknown
38.0818219,-2.5847636,Makueni,Kibwezi East,Mtito Andei,Market,Chicken,Unknown,Unknown,Unknown,Unknown,Unknown,Unknown,Unknown,No
38.0818219,-2.5847636,Makueni,Kibwezi East,Ivingoni/Nzambani,Market,Chicken,Unknown,Unknown,Unknown,Unknown,Unknown,Unknown,Unknown,No
37.1172795,-0.6128686,Nyeri,Mukurweini,Rugi,Village/Farm,Cattle,Mixed,No,No,Unknown,No,Unknown,No,Unknown
37.9406094,0.3504286,Meru,Igembe North,Antuambui,Abattoir,Goats,Extensive,No,Unknown,No,No,No,Unknown,Unknown
41.1880767,3.1505143,Mandera,Lafey,Lafey,Village/Farm,Sheep,Mixed,No,Unknown,No,No,Unknown,Unknown,Unknown
36.7054105,1.0918299,Samburu,Samburu West,Maralal,Market,Cattle,Extensive,No,No,Unknown,No,Unknown,No,Unknown
36.7054105,1.0918299,Samburu,Samburu West,Maralal,Market,Sheep,Extensive,No,Unknown,No,No,Unknown,Unknown,Unknown
36.7054105,1.0918299,Samburu,Samburu West,Maralal,Market,Goats,Extensive,No,Unknown,No,No,No,Unknown,Unknown
36.7054105,1.0918299,Samburu,Samburu West,Maralal,Market,Chicken,Extensive,Unknown,Unknown,Unknown,Unknown,Unknown,Unknown,No
41.1880767,3.1505143,Mandera,Lafey,Lafey,Clinic,Chicken,Mixed,Unknown,Unknown,Unknown,Unknown,Unknown,Unknown,No
36.8419574,-0.9661579,Kiambu,Gatundu South,Ndarugu,Village/Farm,Cattle,Intensive,No,No,Unknown,No,Unknown,No,Unknown
40.132954,-3.0305602,Kilifi,Magarini,Adu,Crush,Goats,Mixed,No,Unknown,Unknown,Unknown,Unknown,Unknown,Unknown
40.138074,-3.001289,Kilifi,Magarini,Adu,Crush,Goats,Mixed,Unknown,Unknown,Unknown,Unknown,No,Unknown,Unknown
40.132954,-3.0305602,Kilifi,Magarini,Adu,Crush,Cattle,Mixed,Unknown,Unknown,Unknown,No,Unknown,Unknown,Unknown
41.1830487,3.1490655,Mandera,Lafey,Lafey,Clinic,Sheep,Mixed,No,Unknown,No,No,Unknown,Unknown,Unknown
0.0,0.0,Makueni,Kibwezi West,Kikumbulyu North,Abattoir,Goats,Unknown,No,Unknown,No,No,No,Unknown,Unknown
37.9706791,-2.4054621,Makueni,Kibwezi West,Kikumbulyu South,Abattoir,Goats,Unknown,No,Unknown,No,No,No,Unknown,Unknown
37.9680307,-2.4107359,Makueni,Kibwezi West,Kikumbulyu South,Abattoir,Cattle,Unknown,No,No,Unknown,No,Unknown,No,Unknown
0.0,0.0,Makueni,Kibwezi West,Kikumbulyu North,Abattoir,Goats,Unknown,No,Unknown,No,No,No,Unknown,Unknown
37.727345,-1.9096366666666669,Makueni,Makueni,Kathonzweni,Abattoir,Goats,Unknown,No,Unknown,No,No,No,Unknown,Unknown
0.0,0.0,Kwale,Msambweni,Kinondo,Village/Farm,Cattle,Mixed,No,Unknown,Unknown,Unknown,Unknown,Unknown,Unknown
37.717867,-1.8993206,Makueni,Makueni,Kathonzweni,Market,Goats,Unknown,No,Unknown,No,No,No,Unknown,Unknown
37.726305,-1.9081316666666663,Makueni,Makueni,Kathonzweni,Market,Goats,Unknown,No,Unknown,No,No,No,Unknown,Unknown
37.9739483,-2.4022372,Makueni,Kibwezi East,Masongaleni,Village/Farm,Cattle,Mixed,No,No,Unknown,No,Unknown,No,Unknown
37.9739483,-2.4022372,Makueni,Kibwezi East,Masongaleni,Village/Farm,Sheep,Mixed,No,Unknown,No,No,Unknown,Unknown,Unknown
37.9739483,-2.4022372,Makueni,Kibwezi East,Masongaleni,Village/Farm,Goats,Mixed,No,Unknown,No,No,No,Unknown,Unknown
39.1392878,-3.7541863,Kwale,Kinango,Mackinnon Road,Village/Farm,Goats,Mixed,No,Unknown,No,Unknown,No,Unknown,Unknown
40.0605867,-3.028646,Kilifi,Magarini,Magarini,Village/Farm,Cattle,Mixed,Unknown,Unknown,Unknown,No,Unknown,Unknown,Unknown
0.0,0.0,Makueni,Kibwezi East,Thange,Abattoir,Cattle,Unknown,No,No,Unknown,No,Unknown,No,Unknown
40.1159907,-3.1940809,Kilifi,Magarini,Sabaki,Abattoir,Cattle,Unknown,No,No,Unknown,No,Unknown,No,Unknown
41.5982181,3.9512327,Mandera,Mandera East,Khalalio,Village/Farm,Chicken,Mixed,Unknown,Unknown,Unknown,Unknown,Unknown,Unknown,No
41.2621457,3.933654,Mandera,Lafey,Libehia,Village/Farm,Goats,Unknown,No,Unknown,No,No,No,Unknown,Unknown
0.0,0.0,Baringo,Baringo North,Bartabwa,Village/Farm,Goats,Extensive,No,Unknown,No,No,No,Unknown,Unknown
0.0,0.0,Baringo,Baringo North,Bartabwa,Village/Farm,Chicken,Extensive,Unknown,Unknown,Unknown,Unknown,Unknown,Unknown,No
39.5625622,-4.2805973,Kwale,Msambweni,Gombato Bongwe,Village/Farm,Cattle,Extensive,No,No,Unknown,No,Unknown,No,Unknown
39.5625622,-4.2805973,Kwale,Msambweni,Gombato Bongwe,Village/Farm,Goats,Extensive,No,Unknown,No,No,No,Unknown,Unknown
39.5515781,-4.3264937,Kwale,Msambweni,Ukunda,Village/Farm,Cattle,Extensive,No,No,Unknown,No,Unknown,No,Unknown
35.1895997,-0.5917243,Kericho,Bureti,Litein,Abattoir,Cattle,Unknown,No,No,Unknown,No,Unknown,No,Unknown
37.204906,-1.7584169,Makueni,Kilome,Kiima Kiu/Kalanzoni,Village/Farm,Cattle,Mixed,No,No,Unknown,No,Unknown,No,Unknown
36.6981008,1.0928491,Samburu,Samburu West,Lodokejek,Market,Cattle,Extensive,No,No,Unknown,No,Unknown,No,Unknown
0.02,0.01,Tharaka-Nithi,Chuka/Igambang'Ombe,Magumoni,Village/Farm,Cattle,Mixed,Unknown,Unknown,Unknown,Unknown,Unknown,Unknown,Unknown
0.09,0.1,Tharaka-Nithi,Chuka/Igambang'Ombe,Karingani,Village/Farm,Cattle,Mixed,Unknown,Unknown,Unknown,Unknown,Unknown,Unknown,Unknown
0.12,0.01,Tharaka-Nithi,Chuka/Igambang'Ombe,Mugwe,Village/Farm,Goats,Mixed,Unknown,Unknown,Unknown,Unknown,Unknown,Unknown,Unknown
37.3614511,-2.0048861,Makueni,Kilome,Kasikeu,Abattoir,Goats,Unknown,No,Unknown,No,No,No,Unknown,Unknown
37.3614511,-2.0048861,Makueni,Kilome,Mukaa,Abattoir,Cattle,Unknown,No,No,Unknown,No,Unknown,No,Unknown
0.0,0.0,Makueni,Kibwezi East,Thange,Abattoir,Cattle,Unknown,No,No,Unknown,No,Unknown,No,Unknown
36.7036412,1.0873226,Samburu,Samburu West,Lodokejek,Market,Goats,Extensive,No,Unknown,No,No,No,Unknown,Unknown
37.589176,0.34795,Isiolo,Isiolo North,Wabera,Village/Farm,Sheep,Extensive,No,Unknown,No,No,Unknown,Unknown,Unknown
37.5363868,-1.77314731,Makueni,Kaiti,Ukia,Village/Farm,Cattle,Mixed,No,No,Unknown,No,Unknown,No,Unknown
37.5363868,-1.7714731,Makueni,Kaiti,Ukia,Village/Farm,Goats,Mixed,No,Unknown,No,No,No,Unknown,Unknown
37.4977318,-1.7639261,Makueni,Kaiti,Ukia,Village/Farm,Goats,Mixed,No,Unknown,No,No,No,Unknown,Unknown
40.1536002,-3.1170967,Kilifi,Magarini,Magarini,Abattoir,Cattle,Unknown,No,No,Unknown,No,Unknown,No,Unknown
40.1536002,-3.1170967,Kilifi,Magarini,Magarini,Abattoir,Goats,Unknown,No,Unknown,No,No,No,Unknown,Unknown
40.1536002,-3.1170967,Kilifi,Magarini,Marafa,Abattoir,Sheep,Unknown,No,Unknown,No,No,Unknown,Unknown,Unknown
35.9758004,0.4407703,Baringo,Baringo South,Marigat,Market,Sheep,Unknown,No,Unknown,No,No,Unknown,Unknown,Unknown
35.9758004,0.4407703,Baringo,Baringo South,Marigat,Market,Cattle,Unknown,No,No,Unknown,No,Unknown,No,Unknown
35.9758004,0.4407703,Baringo,Baringo South,Marigat,Market,Goats,Unknown,No,Unknown,No,No,No,Unknown,Unknown
41.258736,3.9344487,Mandera,Lafey,Libehia,Village/Farm,Cattle,Unknown,No,No,Unknown,No,Unknown,No,Unknown
37.3852065,-1.9478777,Makueni,Kilome,Kasikeu,Abattoir,Goats,Unknown,No,Unknown,No,No,No,Unknown,Unknown
37.3417724,-1.9852115,Makueni,Kilome,Mukaa,Abattoir,Cattle,Unknown,No,No,Unknown,No,Unknown,No,Unknown
37.3614511,-2.0048861,Makueni,Kilome,Kasikeu,Abattoir,Cattle,Unknown,No,No,Unknown,No,Unknown,No,Unknown
37.433041,0.394904,Isiolo,Isiolo North,Burat,Village/Farm,Sheep,Extensive,No,Unknown,No,No,Unknown,Unknown,Unknown
37.433041,0.394904,Isiolo,Isiolo North,Burat,Village/Farm,Goats,Extensive,No,Unknown,No,No,No,Unknown,Unknown
37.588244,0.359054,Isiolo,Isiolo North,Wabera,Village/Farm,Sheep,Extensive,No,Unknown,No,No,Unknown,Unknown,Unknown
37.588244,0.359054,Isiolo,Isiolo North,Wabera,Village/Farm,Goats,Extensive,No,Unknown,No,No,No,Unknown,Unknown
37.588244,0.359054,Isiolo,Isiolo North,Wabera,Village/Farm,Chicken,Intensive,Unknown,Unknown,Unknown,Unknown,Unknown,Unknown,No
39.1506283,-3.7561008,Kwale,Kinango,Mackinnon Road,Village/Farm,Goats,Mixed,No,Unknown,No,No,No,Unknown,Unknown
35.7678601,0.480033,Baringo,Baringo North,Kabartonjo,Village/Farm,Goats,Intensive,No,Unknown,No,Unknown,No,Unknown,Unknown
35.1934861,-0.5873144,Kericho,Bureti,Litein,Abattoir,Cattle,Unknown,No,No,Unknown,No,Unknown,No,Unknown
37.73180666666666,-1.9146416666666668,Makueni,Makueni,Kathonzweni,Abattoir,Goats,Unknown,No,Unknown,No,No,No,Unknown,Unknown
37.38599,-1.9438216,Makueni,Kilome,Kasikeu,Abattoir,Goats,Unknown,No,Unknown,No,No,No,Unknown,Unknown
37.3852065,-1.9478777,Makueni,Kilome,Kasikeu,Abattoir,Cattle,Unknown,No,No,Unknown,No,Unknown,No,Unknown
0.0,0.0,Kwale,Msambweni,Kinondo,Abattoir,Cattle,Extensive,Unknown,Unknown,Unknown,No,Unknown,Unknown,Unknown
39.5439758,-4.3630928,Kwale,Msambweni,Kinondo,Village/Farm,Cattle,Intensive,Unknown,Unknown,Unknown,No,Unknown,Unknown,Unknown
0.0,0.0,Kwale,Msambweni,Kinondo,Abattoir,Cattle,Extensive,Unknown,Unknown,Unknown,Unknown,Unknown,No,Unknown
0.0,0.0,Kwale,Msambweni,Kinondo,Abattoir,Cattle,Extensive,No,Unknown,Unknown,Unknown,Unknown,Unknown,Unknown
0.0,0.0,Kwale,Msambweni,Kinondo,Abattoir,Cattle,Extensive,Unknown,No,Unknown,Unknown,Unknown,Unknown,Unknown
39.5370425,-4.3526629,Kwale,Msambweni,Kinondo,Village/Farm,Goats,Mixed,No,Unknown,Unknown,Unknown,Unknown,Unknown,Unknown
0.0,0.0,Kwale,Msambweni,Kinondo,Abattoir,Cattle,Extensive,No,Unknown,Unknown,Unknown,Unknown,Unknown,Unknown
37.78811666666666,-1.8171616666666663,Makueni,Makueni,Mavindini,Abattoir,Goats,Unknown,No,Unknown,No,No,No,Unknown,Unknown
39.5625622,-4.2805973,Kwale,Msambweni,Gombato Bongwe,Abattoir,Sheep,Extensive,No,Unknown,No,No,Unknown,Unknown,Unknown
39.5638543,-4.2825488,Kwale,Msambweni,Gombato Bongwe,Abattoir,Goats,Extensive,No,Unknown,No,No,No,Unknown,Unknown
39.5625622,-4.2805973,Kwale,Msambweni,Gombato Bongwe,Abattoir,Cattle,Extensive,No,No,Unknown,No,Unknown,No,Unknown
39.5625622,-4.2805973,Kwale,Msambweni,Gombato Bongwe,Village/Farm,Cattle,Extensive,No,No,Unknown,No,Unknown,No,Unknown
39.5615931,-4.2819263,Kwale,Msambweni,Gombato Bongwe,Village/Farm,Goats,Extensive,No,Unknown,No,No,No,Unknown,Unknown
35.43220153,-0.93727423,Narok,Narok West,Ilmotiok,Market,Cattle,Mixed,No,No,Unknown,No,Unknown,No,Unknown
35.43215412,-0.93737252,Narok,Narok West,Ilmotiok,Market,Sheep,Mixed,No,Unknown,No,No,Unknown,Unknown,Unknown
35.43240196,-0.93727411,Narok,Narok West,Ilmotiok,Market,Goats,Mixed,No,Unknown,No,No,No,Unknown,Unknown
35.43256005,-0.93704511,Narok,Narok West,Ilmotiok,Market,Chicken,Mixed,Unknown,Unknown,Unknown,Unknown,Unknown,Unknown,No
39.5509505,2.3518012,Wajir,Eldas,Della,Village/Farm,Cattle,Extensive,No,No,Unknown,No,Unknown,No,Unknown
39.5509505,2.3518012,Wajir,Eldas,Della,Village/Farm,Camel,Extensive,No,Unknown,Unknown,Unknown,Unknown,Unknown,Unknown
37.54477166666666,-1.9879633333333333,Makueni,Makueni,Nzaui/Kilili/Kalamba,Village/Farm,Cattle,Mixed,No,No,Unknown,No,Unknown,No,Unknown
36.7656218,-1.2433129,Kiambu,Kabete,Kabete,Village/Farm,Cattle,Intensive,No,No,Unknown,No,Unknown,No,Unknown
39.5622392,-4.280871,Kwale,Msambweni,Gombato Bongwe,Abattoir,Cattle,Extensive,No,No,Unknown,No,Unknown,No,Unknown
39.5622392,-4.280871,Kwale,Msambweni,Gombato Bongwe,Abattoir,Goats,Extensive,No,Unknown,No,No,No,Unknown,Unknown
37.568109,0.328223,Isiolo,Isiolo North,Wabera,Village/Farm,Sheep,Extensive,No,Unknown,No,No,Unknown,Unknown,Unknown
37.568109,0.328223,Isiolo,Isiolo North,Wabera,Village/Farm,Goats,Extensive,No,Unknown,No,No,No,Unknown,Unknown
36.705242,1.0918323,Samburu,Samburu West,Maralal,Market,Cattle,Extensive,No,No,Unknown,No,Unknown,No,Unknown
36.705242,1.0918323,Samburu,Samburu West,Maralal,Market,Sheep,Extensive,No,Unknown,No,No,Unknown,Unknown,Unknown
36.705242,1.0918323,Samburu,Samburu West,Maralal,Market,Goats,Extensive,No,Unknown,No,No,No,Unknown,Unknown
36.705242,1.0918323,Samburu,Samburu West,Maralal,Market,Chicken,Extensive,Unknown,Unknown,Unknown,Unknown,Unknown,Unknown,No
39.6417242,-0.4592785,Garissa,Fafi,Jarajila,Village/Farm,Goats,Extensive,No,Unknown,No,No,No,Unknown,Unknown
0.0021,0.001,Tharaka-Nithi,Chuka/Igambang'Ombe,Magumoni,Village/Farm,Cattle,Mixed,Unknown,Unknown,Unknown,Unknown,Unknown,Unknown,Unknown
37.6446028,-0.3339982,Tharaka-Nithi,Chuka/Igambang'Ombe,Karingani,Village/Farm,Cattle,Mixed,Unknown,Unknown,Unknown,No,Unknown,Unknown,Unknown
0.0,0.0,Makueni,Kibwezi East,Thange,Abattoir,Cattle,Unknown,No,No,Unknown,No,Unknown,No,Unknown
39.5625622,-4.2808512,Kwale,Msambweni,Gombato Bongwe,Village/Farm,Cattle,Extensive,No,No,Unknown,No,Unknown,No,Unknown
39.5625622,-4.2808512,Kwale,Msambweni,Gombato Bongwe,Village/Farm,Goats,Extensive,No,Unknown,No,No,No,Unknown,Unknown
35.1126087,0.4638317,Nandi,Mosop,Ndalat,Village/Farm,Cattle,Mixed,No,No,Unknown,No,Unknown,No,Unknown
35.9826365,0.470942,Baringo,Baringo South,Ilchamus,Crush,Chicken,Mixed,Unknown,Unknown,Unknown,Unknown,Unknown,Unknown,No
36.7006082,1.0883324,Samburu,Samburu West,Maralal,Market,Cattle,Extensive,No,No,Unknown,No,Unknown,No,Unknown
35.7445696,0.4915713,Baringo,Baringo Central,Kabarnet,Village/Farm,Cattle,Mixed,No,No,Unknown,No,Unknown,No,Unknown
39.5622392,-4.280871,Kwale,Msambweni,Gombato Bongwe,Abattoir,Cattle,Extensive,No,No,Unknown,No,Unknown,No,Unknown
39.5622392,-4.280871,Kwale,Msambweni,Gombato Bongwe,Abattoir,Goats,Extensive,No,Unknown,No,No,No,Unknown,Unknown
36.2242637,-1.1052541,Narok,Narok East,Suswa,Crush,Cattle,Unknown,Unknown,Unknown,Unknown,Unknown,Unknown,Unknown,Unknown
36.3665674,-1.0445228,Narok,Narok East,Suswa,Crush,Sheep,Unknown,Unknown,Unknown,Unknown,Unknown,Unknown,Unknown,Unknown
39.4505873,-4.1668074,Kwale,Matuga,Tsimba Golini,Village/Farm,Chicken,Unknown,Unknown,Unknown,Unknown,Unknown,Unknown,Unknown,No
37.27226,-1.90339,Makueni,Kilome,Kasikeu,Village/Farm,Cattle,Mixed,No,No,Unknown,No,Unknown,No,Unknown
39.806614,-3.8279314,Kilifi,Kilifi South,Junju,Abattoir,Cattle,Mixed,No,No,Unknown,No,Unknown,No,Unknown
40.1566304,-3.1187041,Kilifi,Magarini,Magarini,Abattoir,Cattle,Unknown,No,No,Unknown,No,Unknown,No,Unknown
40.1566304,-3.1187041,Kilifi,Magarini,Magarini,Abattoir,Sheep,Unknown,No,Unknown,No,No,Unknown,Unknown,Unknown
40.1575901,-3.1186601,Kilifi,Magarini,Magarini,Abattoir,Goats,Unknown,No,Unknown,No,No,No,Unknown,Unknown
39.5622392,-4.280871,Kwale,Msambweni,Gombato Bongwe,Abattoir,Cattle,Extensive,No,No,Unknown,No,Unknown,No,Unknown
39.5622392,-4.280871,Kwale,Msambweni,Gombato Bongwe,Abattoir,Sheep,Extensive,No,Unknown,No,No,Unknown,Unknown,Unknown
39.5622392,-4.280871,Kwale,Msambweni,Gombato Bongwe,Abattoir,Sheep,Extensive,No,Unknown,No,No,Unknown,Unknown,Unknown
37.9865678,0.3373203,Meru,Igembe North,Antubetwe Kiongo,Abattoir,Cattle,Intensive,No,Unknown,Unknown,No,Unknown,No,Unknown
35.0024985,0.4429078,Nandi,Mosop,Kipkaren,Village/Farm,Cattle,Mixed,No,No,Unknown,No,Unknown,No,Unknown
37.27224833333333,-1.9033833333333332,Makueni,Kilome,Kasikeu,Village/Farm,Chicken,Mixed,Unknown,Unknown,Unknown,Unknown,Unknown,Unknown,No
37.3739526,-2.0139029,Makueni,Kilome,Kasikeu,Abattoir,Goats,Unknown,No,Unknown,No,No,No,Unknown,Unknown
37.2585299,-1.854735,Makueni,Kilome,Kasikeu,Abattoir,Cattle,Unknown,No,No,Unknown,No,Unknown,No,Unknown
37.9395532,0.3521801,Meru,Igembe North,Antuambui,Abattoir,Sheep,Extensive,No,Unknown,No,No,Unknown,Unknown,Unknown
37.9395532,0.3524126,Meru,Igembe North,Antuambui,Abattoir,Sheep,Extensive,No,Unknown,No,No,Unknown,Unknown,Unknown
35.0723664,-0.5197697,Kericho,Bureti,Tebesonik,Village/Farm,Cattle,Mixed,No,No,Unknown,No,Unknown,No,Unknown
35.063421,-0.5186144,Kericho,Bureti,Chemosot,Abattoir,Cattle,Unknown,No,No,Unknown,No,Unknown,No,Unknown
35.0596362,-0.5232453,Kericho,Bureti,Tebesonik,Village/Farm,Goats,Mixed,No,Unknown,No,No,No,Unknown,Unknown
35.0596362,-0.5232453,Kericho,Bureti,Tebesonik,Village/Farm,Cattle,Mixed,No,No,Unknown,No,Unknown,No,Unknown
37.9875607,0.3380125,Meru,Igembe North,Antubetwe Kiongo,Abattoir,Goats,Extensive,No,Unknown,No,No,No,Unknown,Unknown
37.54434666666667,-1.9881866666666668,Makueni,Makueni,Nzaui/Kilili/Kalamba,Village/Farm,Cattle,Mixed,No,No,Unknown,No,Unknown,No,Unknown
37.73659666666666,-1.92002,Makueni,Makueni,Kathonzweni,Abattoir,Goats,Unknown,No,Unknown,No,No,No,Unknown,Unknown
37.73661333333334,-1.9200583333333328,Makueni,Makueni,Kathonzweni,Abattoir,Cattle,Unknown,No,No,Unknown,No,Unknown,No,Unknown
39.5967943,-4.2531241,Kwale,Msambweni,Gombato Bongwe,Village/Farm,Goats,Extensive,No,Unknown,No,No,No,Unknown,Unknown
39.5622392,-4.280871,Kwale,Msambweni,Gombato Bongwe,Abattoir,Cattle,Extensive,No,No,Unknown,No,Unknown,No,Unknown
39.5622392,-4.280871,Kwale,Msambweni,Gombato Bongwe,Abattoir,Goats,Extensive,No,Unknown,No,No,No,Unknown,Unknown
39.5622392,-4.2806171,Kwale,Msambweni,Gombato Bongwe,Abattoir,Cattle,Extensive,No,No,Unknown,No,Unknown,No,Unknown
36.6992602,1.0934282,Samburu,Samburu West,Maralal,Market,Cattle,Extensive,No,No,Unknown,No,Unknown,No,Unknown
36.7054105,1.0918299,Samburu,Samburu West,Maralal,Market,Goats,Extensive,No,Unknown,No,No,No,Unknown,Unknown
36.705242,1.0918323,Samburu,Samburu West,Maralal,Market,Chicken,Extensive,Unknown,Unknown,Unknown,Unknown,Unknown,Unknown,No
37.5545876,-1.765318,Makueni,Kaiti,Ukia,Village/Farm,Cattle,Mixed,No,No,Unknown,No,Unknown,No,Unknown
37.6175358,-1.7998589,Makueni,Kaiti,Ukia,Village/Farm,Goats,Mixed,No,Unknown,No,No,No,Unknown,Unknown
37.6175358,-1.7998589,Makueni,Kaiti,Ukia,Village/Farm,Sheep,Mixed,No,Unknown,No,No,Unknown,Unknown,Unknown
37.6175358,-1.7998589,Makueni,Kaiti,Ukia,Village/Farm,Chicken,Intensive,Unknown,Unknown,Unknown,Unknown,Unknown,Unknown,No
39.1594072,-3.759413,Kwale,Kinango,Mackinnon Road,Village/Farm,Cattle,Extensive,No,No,Unknown,No,Unknown,No,Unknown
39.0523753,-3.7349502,Kwale,Kinango,Mackinnon Road,Village/Farm,Sheep,Extensive,No,Unknown,No,No,Unknown,Unknown,Unknown
39.0897931,-3.7447114,Kwale,Kinango,Mackinnon Road,Village/Farm,Sheep,Extensive,No,Unknown,No,No,Unknown,Unknown,Unknown
39.1600575,-3.7598823,Kwale,Kinango,Mackinnon Road,Village/Farm,Goats,Extensive,Unknown,Unknown,No,Unknown,No,Unknown,Unknown
39.0523753,-3.7349502,Kwale,Kinango,Mackinnon Road,Village/Farm,Chicken,Intensive,Unknown,Unknown,Unknown,Unknown,Unknown,Unknown,No
39.0523753,-3.7349502,Kwale,Kinango,Mackinnon Road,Village/Farm,Goats,Mixed,No,Unknown,No,No,No,Unknown,Unknown
39.1337174,-3.7522121,Kwale,Kinango,Mackinnon Road,Village/Farm,Goats,Extensive,Unknown,Unknown,No,Unknown,No,Unknown,Unknown
39.5590088,-4.2785309,Kwale,Msambweni,Gombato Bongwe,Abattoir,Cattle,Extensive,No,No,Unknown,No,Unknown,No,Unknown
39.5625622,-4.2803434,Kwale,Msambweni,Gombato Bongwe,Abattoir,Goats,Extensive,No,Unknown,No,No,No,Unknown,Unknown
37.9448522,0.3558746,Meru,Igembe North,Antuambui,Abattoir,Sheep,Extensive,No,Unknown,No,No,Unknown,Unknown,Unknown
37.9448522,0.3558746,Meru,Igembe North,Antuambui,Abattoir,Goats,Intensive,No,Unknown,No,No,No,Unknown,Unknown
35.0596362,-0.5232453,Kericho,Bureti,Tebesonik,Village/Farm,Cattle,Mixed,No,No,Unknown,No,Unknown,No,Unknown
36.692604,1.0926162,Samburu,Samburu West,Maralal,Market,Cattle,Mixed,No,Unknown,Unknown,No,Unknown,No,Unknown
36.6927725,1.0921303,Samburu,Samburu West,Maralal,Village/Farm,Sheep,Mixed,No,Unknown,No,Unknown,Unknown,Unknown,Unknown
36.6927725,1.0921303,Samburu,Samburu West,Maralal,Village/Farm,Goats,Mixed,No,Unknown,No,Unknown,No,Unknown,Unknown
36.692604,1.0926162,Samburu,Samburu West,Maralal,Village/Farm,Chicken,Mixed,Unknown,Unknown,Unknown,Unknown,Unknown,Unknown,No
36.692604,1.0926162,Samburu,Samburu West,Maralal,Village/Farm,Camel,Unknown,No,Unknown,Unknown,Unknown,Unknown,Unknown,Unknown
35.8595189,-1.0993876,Narok,Narok North,Narok Town,Village/Farm,Chicken,Unknown,Unknown,Unknown,Unknown,Unknown,Unknown,Unknown,Unknown
39.3886171,-4.4614122,Kwale,Msambweni,Ramisi,Village/Farm,Goats,Extensive,No,Unknown,No,No,No,Unknown,Unknown
34.752166,-0.107132,Homa Bay,Kabondo Kasipul,Kojwach,Village/Farm,Cattle,Mixed,Unknown,No,Unknown,No,Unknown,No,Unknown
34.7524987,-0.1063704,Kisumu,Kisumu Central,Nyalenda B,Village/Farm,Chicken,Intensive,Unknown,Unknown,Unknown,Unknown,Unknown,Unknown,No
41.1839915,3.1495032,Mandera,Lafey,Lafey,Village/Farm,Sheep,Mixed,No,Unknown,No,No,Unknown,Unknown,Unknown
35.9766312,0.4525806,Baringo,Baringo South,Marigat,Market,Sheep,Unknown,No,Unknown,No,No,Unknown,Unknown,Unknown
35.9766312,0.4525806,Baringo,Baringo South,Marigat,Market,Chicken,Unknown,Unknown,Unknown,Unknown,Unknown,Unknown,Unknown,No
37.432480000000005,-1.8476933333333332,Makueni,Kaiti,Ilima,Abattoir,Goats,Unknown,No,Unknown,No,No,No,Unknown,Unknown
35.9766312,0.4525806,Baringo,Baringo South,Marigat,Market,Cattle,Unknown,No,No,Unknown,No,Unknown,No,Unknown
35.9766312,0.4525806,Baringo,Baringo South,Marigat,Market,Goats,Unknown,No,Unknown,No,No,No,Unknown,Unknown
34.751808,-0.1073323,Migori,Nyatike,Got Kachola,Village/Farm,Cattle,Mixed,Unknown,No,Unknown,No,Unknown,No,Unknown
34.7521054,-0.1072704,Migori,Nyatike,Got Kachola,Village/Farm,Cattle,Mixed,Unknown,No,Unknown,No,Unknown,No,Unknown
34.7520878,-0.107322,Migori,Nyatike,Got Kachola,Village/Farm,Cattle,Mixed,Unknown,No,Unknown,No,Unknown,No,Unknown
34.751808,-0.1073323,Migori,Nyatike,Got Kachola,Village/Farm,Sheep,Mixed,Unknown,Unknown,No,No,Unknown,Unknown,Unknown
34.7520886,-0.107306,Migori,Nyatike,Got Kachola,Village/Farm,Cattle,Mixed,Unknown,No,Unknown,No,Unknown,No,Unknown
34.7527127,-0.1065649,Migori,Nyatike,Got Kachola,Village/Farm,Cattle,Mixed,Unknown,No,Unknown,No,Unknown,No,Unknown
34.7520928,-0.1073086,Migori,Nyatike,Got Kachola,Village/Farm,Cattle,Mixed,Unknown,No,Unknown,No,Unknown,No,Unknown
34.7520878,-0.1073005,Migori,Nyatike,Got Kachola,Village/Farm,Cattle,Mixed,Unknown,No,Unknown,No,Unknown,No,Unknown
34.7520858,-0.1072869,Migori,Nyatike,Got Kachola,Village/Farm,Cattle,Mixed,Unknown,No,Unknown,No,Unknown,No,Unknown
34.7520893,-0.1073057,Migori,Nyatike,Got Kachola,Village/Farm,Cattle,Mixed,Unknown,No,Unknown,No,Unknown,No,Unknown
34.7520893,-0.1073051,Migori,Nyatike,Got Kachola,Village/Farm,Cattle,Mixed,Unknown,No,Unknown,No,Unknown,No,Unknown
34.7520872,-0.1073176,Migori,Nyatike,Got Kachola,Village/Farm,Cattle,Mixed,Unknown,No,Unknown,No,Unknown,No,Unknown
34.7520887,-0.1073194,Migori,Nyatike,Got Kachola,Village/Farm,Cattle,Mixed,Unknown,No,Unknown,No,Unknown,No,Unknown
34.7520893,-0.1073177,Migori,Nyatike,Got Kachola,Village/Farm,Cattle,Mixed,Unknown,No,Unknown,No,Unknown,No,Unknown
34.7520801,-0.1072992,Migori,Nyatike,Got Kachola,Village/Farm,Cattle,Mixed,Unknown,No,Unknown,No,Unknown,No,Unknown
34.7520869,-0.1073229,Migori,Nyatike,Got Kachola,Village/Farm,Sheep,Mixed,Unknown,Unknown,No,No,Unknown,Unknown,Unknown
34.7520876,-0.1073179,Migori,Nyatike,Got Kachola,Village/Farm,Cattle,Mixed,Unknown,No,Unknown,No,Unknown,No,Unknown
34.7520879,-0.1073183,Migori,Nyatike,Got Kachola,Village/Farm,Cattle,Mixed,Unknown,No,Unknown,No,Unknown,No,Unknown
34.7521133,-0.1072755,Migori,Nyatike,Got Kachola,Village/Farm,Cattle,Mixed,Unknown,No,Unknown,No,Unknown,No,Unknown
34.7520887,-0.1073052,Migori,Nyatike,Got Kachola,Village/Farm,Cattle,Mixed,Unknown,No,Unknown,No,Unknown,No,Unknown
34.7520963,-0.1072824,Migori,Nyatike,Got Kachola,Village/Farm,Cattle,Mixed,Unknown,No,Unknown,No,Unknown,No,Unknown
34.7521014,-0.107263,Migori,Nyatike,Got Kachola,Village/Farm,Cattle,Mixed,Unknown,No,Unknown,No,Unknown,No,Unknown
34.7521095,-0.1072562,Migori,Nyatike,Got Kachola,Village/Farm,Goats,Mixed,Unknown,Unknown,No,No,No,Unknown,Unknown
34.7520894,-0.107312,Migori,Nyatike,Got Kachola,Village/Farm,Sheep,Mixed,Unknown,Unknown,No,No,Unknown,Unknown,Unknown
34.7521099,-0.1072704,Migori,Nyatike,Got Kachola,Village/Farm,Sheep,Mixed,Unknown,Unknown,No,No,Unknown,Unknown,Unknown
34.7520876,-0.1073191,Migori,Nyatike,Got Kachola,Village/Farm,Cattle,Mixed,No,No,Unknown,No,Unknown,No,Unknown
34.752089,-0.1073161,Migori,Nyatike,Got Kachola,Village/Farm,Sheep,Mixed,Unknown,Unknown,No,No,Unknown,Unknown,Unknown
34.7520874,-0.1072902,Migori,Nyatike,Got Kachola,Village/Farm,Sheep,Mixed,Unknown,Unknown,No,No,Unknown,Unknown,Unknown
34.7520888,-0.1073233,Migori,Nyatike,Got Kachola,Village/Farm,Goats,Mixed,Unknown,Unknown,No,No,No,Unknown,Unknown
34.7520889,-0.1072994,Migori,Nyatike,Got Kachola,Village/Farm,Sheep,Mixed,Unknown,Unknown,No,No,Unknown,Unknown,Unknown
34.7521013,-0.1072798,Migori,Nyatike,Got Kachola,Village/Farm,Sheep,Mixed,Unknown,Unknown,No,No,Unknown,Unknown,Unknown
34.7520885,-0.1073166,Migori,Nyatike,Got Kachola,Village/Farm,Goats,Mixed,Unknown,Unknown,No,No,No,Unknown,Unknown
34.7520932,-0.1073085,Migori,Nyatike,Got Kachola,Village/Farm,Sheep,Mixed,Unknown,Unknown,No,No,Unknown,Unknown,Unknown
34.7520882,-0.1072999,Migori,Nyatike,Got Kachola,Village/Farm,Sheep,Mixed,Unknown,Unknown,No,No,Unknown,Unknown,Unknown
34.7520879,-0.1072632,Migori,Nyatike,Got Kachola,Village/Farm,Sheep,Mixed,Unknown,Unknown,No,No,Unknown,Unknown,Unknown
34.752092,-0.1073083,Migori,Nyatike,Got Kachola,Village/Farm,Sheep,Mixed,Unknown,Unknown,No,No,Unknown,Unknown,Unknown
34.7520896,-0.1073158,Migori,Nyatike,Got Kachola,Village/Farm,Sheep,Mixed,Unknown,Unknown,No,No,Unknown,Unknown,Unknown
34.7521016,-0.1072791,Migori,Nyatike,Got Kachola,Village/Farm,Sheep,Mixed,Unknown,Unknown,No,No,Unknown,Unknown,Unknown
34.7520893,-0.1073051,Migori,Nyatike,Got Kachola,Village/Farm,Sheep,Mixed,Unknown,Unknown,No,No,Unknown,Unknown,Unknown
34.7520887,-0.1073194,Migori,Nyatike,Got Kachola,Village/Farm,Sheep,Mixed,Unknown,Unknown,No,No,Unknown,Unknown,Unknown
34.7520869,-0.1073186,Migori,Nyatike,Got Kachola,Village/Farm,Sheep,Mixed,No,Unknown,No,No,Unknown,Unknown,Unknown
34.7520849,-0.1072802,Migori,Nyatike,Got Kachola,Village/Farm,Sheep,Mixed,Unknown,Unknown,No,No,Unknown,Unknown,Unknown
34.7520886,-0.1073064,Migori,Nyatike,Got Kachola,Village/Farm,Sheep,Mixed,No,Unknown,No,No,Unknown,Unknown,Unknown
35.2740461,-0.6395554,Bomet,Sotik,Kapletundo,Village/Farm,Goats,Mixed,Unknown,Unknown,No,Unknown,Unknown,Unknown,Unknown
34.7521085,-0.107274,Migori,Nyatike,Got Kachola,Village/Farm,Goats,Mixed,Unknown,Unknown,No,No,No,Unknown,Unknown
34.7521004,-0.1072794,Migori,Nyatike,Got Kachola,Village/Farm,Goats,Mixed,Unknown,Unknown,No,No,No,Unknown,Unknown
34.7521049,-0.1072708,Migori,Nyatike,Got Kachola,Village/Farm,Goats,Mixed,Unknown,Unknown,No,No,No,Unknown,Unknown
34.7520755,-0.1072828,Migori,Nyatike,Got Kachola,Village/Farm,Goats,Mixed,Unknown,Unknown,No,No,No,Unknown,Unknown
34.7520548,-0.1072243,Migori,Nyatike,Got Kachola,Village/Farm,Goats,Mixed,No,Unknown,No,No,No,Unknown,Unknown
34.7529566,-0.1062965,Migori,Nyatike,Got Kachola,Village/Farm,Sheep,Mixed,Unknown,Unknown,No,No,Unknown,Unknown,Unknown
34.7524987,-0.1068509,Migori,Nyatike,Got Kachola,Village/Farm,Cattle,Mixed,Unknown,No,Unknown,No,Unknown,No,Unknown
34.7520902,-0.1073134,Migori,Nyatike,Got Kachola,Village/Farm,Goats,Mixed,Unknown,Unknown,No,No,No,Unknown,Unknown
34.7520926,-0.1072269,Migori,Nyatike,Got Kachola,Village/Farm,Goats,Mixed,Unknown,Unknown,No,No,No,Unknown,Unknown
34.7520889,-0.1073188,Migori,Nyatike,Got Kachola,Village/Farm,Goats,Mixed,Unknown,Unknown,No,No,No,Unknown,Unknown
34.7520798,-0.1072883,Migori,Nyatike,Got Kachola,Village/Farm,Goats,Mixed,Unknown,Unknown,No,No,No,Unknown,Unknown
34.7520893,-0.1073051,Migori,Nyatike,Got Kachola,Village/Farm,Goats,Mixed,Unknown,Unknown,No,No,No,Unknown,Unknown
34.7520877,-0.1073199,Migori,Nyatike,Got Kachola,Village/Farm,Goats,Mixed,Unknown,Unknown,No,No,No,Unknown,Unknown
34.7528986,-0.1062586,Migori,Nyatike,Got Kachola,Village/Farm,Goats,Mixed,Unknown,Unknown,No,No,No,Unknown,Unknown
34.7520876,-0.1072631,Migori,Nyatike,Got Kachola,Village/Farm,Goats,Mixed,Unknown,Unknown,No,No,No,Unknown,Unknown
34.7520887,-0.107319,Migori,Nyatike,Got Kachola,Village/Farm,Goats,Mixed,Unknown,Unknown,No,No,No,Unknown,Unknown
34.7520931,-0.1072834,Migori,Nyatike,Got Kachola,Village/Farm,Goats,Mixed,Unknown,Unknown,No,No,No,Unknown,Unknown
34.752092,-0.1073083,Migori,Nyatike,Got Kachola,Village/Farm,Goats,Mixed,Unknown,Unknown,No,No,No,Unknown,Unknown
34.7520881,-0.1073182,Migori,Nyatike,Got Kachola,Village/Farm,Goats,Mixed,Unknown,Unknown,No,No,No,Unknown,Unknown
34.752089,-0.1072994,Migori,Nyatike,Got Kachola,Village/Farm,Chicken,Mixed,Unknown,Unknown,Unknown,Unknown,Unknown,Unknown,No
34.752088,-0.1073173,Migori,Nyatike,Got Kachola,Village/Farm,Chicken,Mixed,Unknown,Unknown,Unknown,Unknown,Unknown,Unknown,No
34.752087,-0.107318,Migori,Nyatike,Got Kachola,Village/Farm,Cattle,Mixed,Unknown,No,Unknown,No,Unknown,No,Unknown
34.7520889,-0.1073178,Migori,Nyatike,Got Kachola,Village/Farm,Chicken,Mixed,Unknown,Unknown,Unknown,Unknown,Unknown,Unknown,No
34.752089,-0.1073069,Migori,Nyatike,Got Kachola,Village/Farm,Cattle,Mixed,Unknown,No,Unknown,No,Unknown,No,Unknown
34.7521244,-0.1072679,Migori,Nyatike,Got Kachola,Village/Farm,Chicken,Mixed,Unknown,Unknown,Unknown,Unknown,Unknown,Unknown,No
34.7520716,-0.1072603,Migori,Nyatike,Got Kachola,Village/Farm,Chicken,Mixed,Unknown,Unknown,Unknown,Unknown,Unknown,Unknown,No
36.6935308,1.0952023,Samburu,Samburu West,Maralal,Village/Farm,Cattle,Mixed,No,Unknown,Unknown,No,Unknown,No,Unknown
34.752088,-0.1073201,Migori,Nyatike,Got Kachola,Village/Farm,Chicken,Mixed,Unknown,Unknown,Unknown,Unknown,Unknown,Unknown,No
34.7521049,-0.1072713,Migori,Nyatike,Got Kachola,Village/Farm,Chicken,Mixed,Unknown,Unknown,Unknown,Unknown,Unknown,Unknown,No
34.7520887,-0.1073197,Migori,Nyatike,Got Kachola,Village/Farm,Chicken,Mixed,Unknown,Unknown,Unknown,Unknown,Unknown,Unknown,No
34.7520836,-0.1072877,Migori,Nyatike,Got Kachola,Village/Farm,Chicken,Mixed,Unknown,Unknown,Unknown,Unknown,Unknown,Unknown,No
34.7520891,-0.1073056,Migori,Nyatike,Got Kachola,Village/Farm,Chicken,Mixed,Unknown,Unknown,Unknown,Unknown,Unknown,Unknown,No
34.7520893,-0.1073051,Migori,Nyatike,Got Kachola,Village/Farm,Chicken,Mixed,Unknown,Unknown,Unknown,Unknown,Unknown,Unknown,Unknown
34.7520885,-0.1072982,Migori,Nyatike,Got Kachola,Village/Farm,Cattle,Mixed,Unknown,No,Unknown,No,Unknown,No,Unknown
34.75208,-0.107328,Migori,Nyatike,Got Kachola,Village/Farm,Chicken,Mixed,Unknown,Unknown,Unknown,Unknown,Unknown,Unknown,No
34.7520874,-0.1073073,Migori,Nyatike,Got Kachola,Village/Farm,Chicken,Mixed,Unknown,Unknown,Unknown,Unknown,Unknown,Unknown,No
34.7520884,-0.1073168,Migori,Nyatike,Got Kachola,Village/Farm,Goats,Mixed,Unknown,Unknown,No,No,No,Unknown,Unknown
34.7520876,-0.1073179,Migori,Nyatike,Got Kachola,Village/Farm,Sheep,Mixed,Unknown,Unknown,No,No,Unknown,Unknown,Unknown
34.7520991,-0.1072782,Migori,Nyatike,Got Kachola,Village/Farm,Chicken,Mixed,Unknown,Unknown,Unknown,Unknown,Unknown,Unknown,No
34.7520916,-0.1072555,Migori,Nyatike,Got Kachola,Village/Farm,Goats,Mixed,Unknown,Unknown,No,No,No,Unknown,Unknown
34.7520723,-0.1072592,Migori,Nyatike,Got Kachola,Village/Farm,Cattle,Mixed,Unknown,No,Unknown,No,Unknown,No,Unknown
34.7520848,-0.1072883,Migori,Nyatike,Got Kachola,Village/Farm,Chicken,Mixed,Unknown,Unknown,Unknown,Unknown,Unknown,Unknown,No
34.7521008,-0.1072807,Migori,Nyatike,Got Kachola,Village/Farm,Chicken,Mixed,Unknown,Unknown,Unknown,Unknown,Unknown,Unknown,No
34.7520867,-0.1073032,Migori,Nyatike,Got Kachola,Village/Farm,Goats,Mixed,Unknown,Unknown,No,No,No,Unknown,Unknown
34.752088,-0.1072854,Migori,Nyatike,Got Kachola,Village/Farm,Sheep,Mixed,Unknown,Unknown,No,No,Unknown,Unknown,Unknown
34.7520918,-0.1073134,Migori,Nyatike,Got Kachola,Village/Farm,Cattle,Mixed,Unknown,No,Unknown,No,Unknown,No,Unknown
34.7520928,-0.1072846,Migori,Nyatike,Got Kachola,Village/Farm,Goats,Mixed,Unknown,Unknown,No,No,No,Unknown,Unknown
34.7520885,-0.1072999,Migori,Nyatike,Got Kachola,Village/Farm,Chicken,Mixed,Unknown,Unknown,Unknown,Unknown,Unknown,Unknown,No
34.7520968,-0.1072853,Migori,Nyatike,Got Kachola,Village/Farm,Chicken,Mixed,Unknown,Unknown,Unknown,Unknown,Unknown,Unknown,No
34.7520964,-0.1072984,Migori,Nyatike,Got Kachola,Village/Farm,Sheep,Mixed,Unknown,Unknown,No,No,Unknown,Unknown,Unknown
34.7520964,-0.1072984,Migori,Nyatike,Got Kachola,Village/Farm,Goats,Mixed,Unknown,Unknown,No,No,No,Unknown,Unknown
34.7520964,-0.1072984,Migori,Nyatike,Got Kachola,Village/Farm,Cattle,Mixed,Unknown,No,Unknown,No,Unknown,No,Unknown
34.7520935,-0.1073115,Migori,Nyatike,Got Kachola,Village/Farm,Chicken,Mixed,Unknown,Unknown,Unknown,Unknown,Unknown,Unknown,No
34.7520938,-0.1073124,Migori,Nyatike,Got Kachola,Village/Farm,Sheep,Mixed,Unknown,Unknown,Unknown,Unknown,Unknown,Unknown,Unknown
34.7521012,-0.1073132,Homa Bay,Karachuonyo,Kibiri,Village/Farm,Cattle,Intensive,No,No,Unknown,Unknown,Unknown,No,Unknown
34.7520898,-0.1073165,Homa Bay,Karachuonyo,Kibiri,Village/Farm,Cattle,Intensive,No,No,Unknown,Unknown,Unknown,No,Unknown
34.7520896,-0.1073161,Homa Bay,Karachuonyo,Kibiri,Village/Farm,Cattle,Intensive,No,No,Unknown,Unknown,Unknown,No,Unknown
34.7520971,-0.1073019,Migori,Nyatike,Got Kachola,Village/Farm,Chicken,Mixed,Unknown,Unknown,Unknown,Unknown,Unknown,Unknown,No
34.7520966,-0.1073021,Migori,Nyatike,Got Kachola,Village/Farm,Sheep,Mixed,Unknown,Unknown,No,No,Unknown,Unknown,Unknown
34.7520886,-0.1073168,Migori,Nyatike,Got Kachola,Village/Farm,Goats,Mixed,Unknown,Unknown,No,No,No,Unknown,Unknown
34.7520883,-0.1073189,Migori,Nyatike,Got Kachola,Village/Farm,Cattle,Mixed,Unknown,No,Unknown,No,Unknown,No,Unknown
34.7520966,-0.1072956,Migori,Nyatike,Got Kachola,Village/Farm,Cattle,Mixed,Unknown,No,Unknown,No,Unknown,No,Unknown
34.7521054,-0.1072704,Migori,Nyatike,Got Kachola,Village/Farm,Sheep,Mixed,Unknown,Unknown,No,No,Unknown,Unknown,Unknown
34.7521051,-0.1072711,Migori,Nyatike,Got Kachola,Village/Farm,Chicken,Mixed,Unknown,Unknown,Unknown,Unknown,Unknown,Unknown,No
34.7521051,-0.1072711,Migori,Nyatike,Got Kachola,Village/Farm,Goats,Mixed,Unknown,Unknown,No,No,No,Unknown,Unknown
34.7520148,-0.1073088,Migori,Nyatike,Got Kachola,Village/Farm,Chicken,Extensive,Unknown,Unknown,Unknown,Unknown,Unknown,Unknown,Unknown
34.7520502,-0.1072393,Migori,Nyatike,Got Kachola,Village/Farm,Goats,Mixed,Unknown,Unknown,No,No,No,Unknown,Unknown
34.7520888,-0.1073198,Migori,Nyatike,Got Kachola,Village/Farm,Cattle,Mixed,Unknown,No,Unknown,No,Unknown,No,Unknown
34.7521312,-0.1072484,Migori,Nyatike,Got Kachola,Village/Farm,Sheep,Mixed,Unknown,Unknown,No,No,Unknown,Unknown,Unknown
34.7520886,-0.1073185,Migori,Kuria West,Isibania,Crush,Cattle,Mixed,No,No,Unknown,Unknown,Unknown,No,Unknown
34.7520874,-0.1073185,Migori,Kuria West,Isibania,Crush,Sheep,Mixed,No,Unknown,No,No,Unknown,Unknown,Unknown
34.7527164,-0.1065611,Homa Bay,Karachuonyo,Kibiri,Village/Farm,Cattle,Intensive,No,No,Unknown,Unknown,Unknown,No,Unknown
34.7520878,-0.1073197,Migori,Kuria West,Isibania,Crush,Goats,Mixed,No,Unknown,No,No,No,Unknown,Unknown
34.752092,-0.1073143,Homa Bay,Mbita,Rusinga Island,Village/Farm,Cattle,Mixed,No,No,Unknown,No,Unknown,No,Unknown
34.7520964,-0.1073238,Homa Bay,Mbita,Rusinga Island,Village/Farm,Chicken,Mixed,Unknown,Unknown,Unknown,Unknown,Unknown,Unknown,No
34.7521077,-0.1072827,Homa Bay,Mbita,Rusinga Island,Village/Farm,Cattle,Mixed,No,No,Unknown,No,Unknown,No,Unknown
34.7520965,-0.1072821,Homa Bay,Mbita,Rusinga Island,Village/Farm,Sheep,Mixed,No,Unknown,No,No,Unknown,Unknown,Unknown
35.2740461,-0.6395554,Bomet,Sotik,Kapletundo,Village/Farm,Chicken,Mixed,Unknown,Unknown,Unknown,Unknown,Unknown,Unknown,No
34.752087,-0.1073209,Homa Bay,Mbita,Rusinga Island,Village/Farm,Cattle,Mixed,No,No,Unknown,No,Unknown,No,Unknown
34.7520877,-0.1073,Homa Bay,Mbita,Rusinga Island,Village/Farm,Goats,Mixed,No,Unknown,No,No,No,Unknown,Unknown
34.7521044,-0.1072904,Kisii,Bonchari,Bomorenda,Village/Farm,Cattle,Mixed,No,No,Unknown,No,Unknown,No,Unknown
34.7520843,-0.1072797,Kisii,Bonchari,Bomorenda,Village/Farm,Cattle,Mixed,No,No,Unknown,No,Unknown,No,Unknown
34.7520916,-0.1073106,Homa Bay,Mbita,Rusinga Island,Village/Farm,Goats,Mixed,No,Unknown,No,No,No,Unknown,Unknown
34.7521007,-0.1072793,Homa Bay,Mbita,Rusinga Island,Village/Farm,Chicken,Mixed,Unknown,Unknown,Unknown,Unknown,Unknown,Unknown,No
34.7520877,-0.1073175,Kisii,Nyaribari Chache,Birongo,Village/Farm,Cattle,Unknown,No,No,Unknown,No,Unknown,No,Unknown
34.7521005,-0.1072795,Homa Bay,Mbita,Rusinga Island,Village/Farm,Chicken,Mixed,Unknown,Unknown,Unknown,Unknown,Unknown,Unknown,No
34.7520966,-0.1072826,Homa Bay,Mbita,Rusinga Island,Village/Farm,Goats,Mixed,No,Unknown,No,No,No,Unknown,Unknown
34.7520874,-0.1073177,Homa Bay,Mbita,Rusinga Island,Village/Farm,Sheep,Mixed,No,Unknown,No,No,Unknown,Unknown,Unknown
34.7520796,-0.107289,Homa Bay,Mbita,Rusinga Island,Village/Farm,Cattle,Mixed,No,No,Unknown,No,Unknown,No,Unknown
0.0,0.0,Kisii,Bonchari,Bomorenda,Village/Farm,Goats,Mixed,No,Unknown,No,No,No,Unknown,Unknown
34.752095,-0.1072996,Kisii,Bonchari,Bomorenda,Village/Farm,Goats,Mixed,No,Unknown,No,No,No,Unknown,Unknown
34.7520958,-0.1072969,Homa Bay,Mbita,Rusinga Island,Village/Farm,Cattle,Mixed,No,No,Unknown,No,Unknown,No,Unknown
34.7520876,-0.1073213,Homa Bay,Mbita,Rusinga Island,Village/Farm,Chicken,Mixed,Unknown,Unknown,Unknown,Unknown,Unknown,Unknown,No
34.752088,-0.1073174,Homa Bay,Mbita,Rusinga Island,Village/Farm,Cattle,Mixed,No,No,Unknown,No,Unknown,No,Unknown
34.7520929,-0.1073076,Homa Bay,Mbita,Rusinga Island,Village/Farm,Cattle,Mixed,No,No,Unknown,No,Unknown,No,Unknown
34.752096,-0.1072997,Kisii,Bonchari,Bomorenda,Village/Farm,Goats,Mixed,No,Unknown,No,No,No,Unknown,Unknown
38.0156874,-2.5080509,Makueni,Kibwezi East,Thange,Market,Cattle,Mixed,No,No,Unknown,No,Unknown,No,Unknown
34.7520997,-0.1072996,Homa Bay,Mbita,Rusinga Island,Village/Farm,Chicken,Mixed,Unknown,Unknown,Unknown,Unknown,Unknown,Unknown,No
34.7520877,-0.1073176,Homa Bay,Mbita,Rusinga Island,Village/Farm,Chicken,Mixed,Unknown,Unknown,Unknown,Unknown,Unknown,Unknown,No
34.7520922,-0.1073086,Homa Bay,Mbita,Rusinga Island,Village/Farm,Chicken,Mixed,Unknown,Unknown,Unknown,Unknown,Unknown,Unknown,No
34.7520913,-0.1073088,Homa Bay,Mbita,Rusinga Island,Village/Farm,Sheep,Mixed,No,Unknown,No,No,Unknown,Unknown,Unknown
34.752087,-0.1073179,Homa Bay,Mbita,Rusinga Island,Village/Farm,Goats,Mixed,No,Unknown,No,No,No,Unknown,Unknown
34.754916,-0.1082892,Migori,Kuria West,Isibania,Crush,Camel,Mixed,No,Unknown,Unknown,No,Unknown,Unknown,Unknown
34.7524987,-0.1068509,Migori,Nyatike,Got Kachola,Village/Farm,Chicken,Mixed,Unknown,Unknown,Unknown,Unknown,Unknown,Unknown,No
34.752076,-0.1072716,Homa Bay,Mbita,Rusinga Island,Village/Farm,Chicken,Mixed,Unknown,Unknown,Unknown,Unknown,Unknown,Unknown,No
34.7520834,-0.1072801,Homa Bay,Mbita,Rusinga Island,Village/Farm,Sheep,Mixed,No,Unknown,No,No,Unknown,Unknown,Unknown
34.7520751,-0.1072831,Homa Bay,Mbita,Rusinga Island,Village/Farm,Goats,Mixed,No,Unknown,No,No,No,Unknown,Unknown
34.752844,-0.1063699,Migori,Nyatike,Got Kachola,Village/Farm,Sheep,Mixed,Unknown,Unknown,No,No,Unknown,Unknown,Unknown
34.7520839,-0.1072803,Homa Bay,Mbita,Rusinga Island,Village/Farm,Cattle,Mixed,No,No,Unknown,No,Unknown,No,Unknown
34.7524987,-0.1068509,Migori,Nyatike,Got Kachola,Village/Farm,Goats,Mixed,Unknown,Unknown,No,No,Unknown,Unknown,Unknown
34.752844,-0.1063699,Migori,Nyatike,Got Kachola,Village/Farm,Cattle,Mixed,Unknown,No,Unknown,No,Unknown,No,Unknown
34.7520959,-0.1072994,Kisii,Bonchari,Bomorenda,Village/Farm,Goats,Mixed,No,Unknown,No,No,No,Unknown,Unknown
34.7520842,-0.1072804,Migori,Nyatike,Got Kachola,Village/Farm,Chicken,Mixed,Unknown,Unknown,Unknown,Unknown,Unknown,Unknown,No
34.7520875,-0.1073078,Kisii,Bonchari,Bomorenda,Village/Farm,Cattle,Mixed,No,No,Unknown,No,Unknown,No,Unknown
34.7520799,-0.1072692,Migori,Nyatike,Got Kachola,Village/Farm,Cattle,Mixed,Unknown,No,Unknown,No,Unknown,No,Unknown
34.7520804,-0.1072886,Migori,Nyatike,Got Kachola,Village/Farm,Goats,Mixed,Unknown,Unknown,No,No,No,Unknown,Unknown
34.7520756,-0.107254,Migori,Nyatike,Got Kachola,Village/Farm,Sheep,Mixed,Unknown,Unknown,No,No,Unknown,Unknown,Unknown
34.7520875,-0.1073178,Kisii,Bonchari,Bomorenda,Village/Farm,Cattle,Mixed,No,No,Unknown,No,Unknown,No,Unknown
34.7520872,-0.1073186,Kisii,Bonchari,Bomorenda,Village/Farm,Goats,Mixed,No,Unknown,No,No,No,Unknown,Unknown
34.7520886,-0.107321,Kisii,Nyaribari Chache,Birongo,Village/Farm,Cattle,Intensive,No,No,Unknown,No,Unknown,No,Unknown
34.7520919,-0.1073146,Migori,Kuria West,Isibania,Crush,Cattle,Mixed,No,No,Unknown,Unknown,Unknown,No,Unknown
34.7521005,-0.1072794,Migori,Kuria West,Isibania,Village/Farm,Cattle,Mixed,No,No,Unknown,Unknown,Unknown,No,Unknown
34.7520882,-0.1073217,Migori,Kuria West,Isibania,Crush,Sheep,Mixed,No,Unknown,No,No,Unknown,Unknown,Unknown
34.7520887,-0.1073199,Migori,Kuria West,Isibania,Crush,Goats,Mixed,No,Unknown,No,No,No,Unknown,Unknown
34.7520881,-0.1073212,Migori,Kuria West,Isibania,Crush,Camel,Mixed,No,Unknown,Unknown,No,Unknown,Unknown,Unknown
34.7521016,-0.1072793,Migori,Nyatike,Got Kachola,Village/Farm,Goats,Mixed,No,Unknown,No,No,No,Unknown,Unknown
34.7521047,-0.1072905,Migori,Kuria West,Isibania,Village/Farm,Sheep,Mixed,Unknown,Unknown,Unknown,Unknown,Unknown,Unknown,Unknown
34.7521054,-0.1072912,Migori,Kuria West,Isibania,Village/Farm,Goats,Mixed,No,Unknown,No,No,No,Unknown,Unknown
34.7521055,-0.1072911,Migori,Kuria West,Isibania,Village/Farm,Camel,Mixed,No,Unknown,Unknown,Unknown,Unknown,Unknown,Unknown
34.7521058,-0.1072917,Migori,Kuria West,Isibania,Village/Farm,Cattle,Mixed,No,No,Unknown,Unknown,Unknown,No,Unknown
34.7520928,-0.1072817,Migori,Kuria West,Isibania,Village/Farm,Goats,Mixed,No,Unknown,No,No,No,Unknown,Unknown
34.752081,-0.1072871,Migori,Kuria West,Isibania,Village/Farm,Camel,Mixed,No,Unknown,Unknown,Unknown,Unknown,Unknown,Unknown
34.7520852,-0.1072561,Migori,Kuria West,Isibania,Village/Farm,Cattle,Mixed,No,No,Unknown,Unknown,Unknown,No,Unknown
34.7520881,-0.1072997,Kisii,Bonchari,Bomorenda,Village/Farm,Cattle,Mixed,No,No,Unknown,No,Unknown,No,Unknown
34.7520641,-0.1072227,Homa Bay,Mbita,Rusinga Island,Village/Farm,Chicken,Mixed,Unknown,Unknown,Unknown,Unknown,Unknown,Unknown,No
34.7520595,-0.1072382,Homa Bay,Mbita,Rusinga Island,Village/Farm,Goats,Mixed,No,Unknown,No,No,No,Unknown,Unknown
34.7520667,-0.1072396,Homa Bay,Mbita,Rusinga Island,Village/Farm,Sheep,Mixed,No,Unknown,No,No,Unknown,Unknown,Unknown
34.7520671,-0.107212,Homa Bay,Mbita,Rusinga Island,Village/Farm,Cattle,Mixed,No,No,Unknown,No,Unknown,No,Unknown
34.7520884,-0.1073055,Migori,Nyatike,Got Kachola,Village/Farm,Cattle,Mixed,Unknown,No,Unknown,No,Unknown,No,Unknown
34.7521162,-0.1072912,Kisii,Nyaribari Chache,Birongo,Village/Farm,Cattle,Unknown,No,No,Unknown,No,Unknown,No,Unknown
39.1603826,-3.759865,Kwale,Kinango,Mackinnon Road,Village/Farm,Chicken,Extensive,Unknown,Unknown,Unknown,Unknown,Unknown,Unknown,No
34.754916,-0.1082892,Migori,Kuria West,Isibania,Crush,Goats,Mixed,No,Unknown,No,No,No,Unknown,Unknown
34.754916,-0.1082892,Migori,Nyatike,Got Kachola,Village/Farm,Sheep,Mixed,Unknown,Unknown,No,No,Unknown,Unknown,Unknown
34.754916,-0.1082892,Migori,Nyatike,Got Kachola,Village/Farm,Goats,Mixed,Unknown,Unknown,No,No,No,Unknown,Unknown
34.754916,-0.1082892,Migori,Kuria West,Isibania,Crush,Sheep,Mixed,No,Unknown,No,No,Unknown,Unknown,Unknown
34.754916,-0.1082892,Migori,Nyatike,Got Kachola,Village/Farm,Cattle,Mixed,Unknown,No,Unknown,No,Unknown,No,Unknown
34.754916,-0.1082892,Migori,Kuria West,Isibania,Crush,Cattle,Mixed,No,No,Unknown,Unknown,Unknown,No,Unknown
34.7520882,-0.1073161,Kisii,Nyaribari Chache,Birongo,Village/Farm,Cattle,Unknown,No,No,Unknown,No,Unknown,No,Unknown
34.7520969,-0.1072964,Migori,Nyatike,Got Kachola,Village/Farm,Goats,Mixed,Unknown,Unknown,No,No,No,Unknown,Unknown
34.7520869,-0.1073215,Kisii,Nyaribari Chache,Bobaracho,Village/Farm,Cattle,Intensive,No,No,Unknown,No,Unknown,No,Unknown
34.7521055,-0.1072944,Migori,Nyatike,Got Kachola,Village/Farm,Cattle,Mixed,Unknown,No,Unknown,No,Unknown,No,Unknown
34.7521049,-0.1072911,Migori,Nyatike,Got Kachola,Village/Farm,Chicken,Mixed,Unknown,Unknown,Unknown,Unknown,Unknown,Unknown,No
34.7520891,-0.1073081,Migori,Nyatike,Got Kachola,Village/Farm,Sheep,Mixed,Unknown,Unknown,No,No,Unknown,Unknown,Unknown
37.34184666666667,-1.90099,Makueni,Kilome,Kasikeu,Village/Farm,Cattle,Mixed,No,No,Unknown,No,Unknown,No,Unknown
37.2585299,-1.854735,Makueni,Kilome,Kasikeu,Crush,Cattle,Mixed,No,No,Unknown,No,Unknown,No,Unknown
34.7520878,-0.1073211,Homa Bay,Mbita,Rusinga Island,Village/Farm,Sheep,Mixed,No,Unknown,No,No,Unknown,Unknown,Unknown
34.752096,-0.1073003,Homa Bay,Karachuonyo,Kibiri,Village/Farm,Chicken,Intensive,Unknown,Unknown,Unknown,Unknown,Unknown,Unknown,No
34.7520992,-0.1073145,Homa Bay,Karachuonyo,Kibiri,Village/Farm,Cattle,Intensive,No,No,Unknown,Unknown,Unknown,No,Unknown
34.752088,-0.1073201,Homa Bay,Mbita,Rusinga Island,Village/Farm,Goats,Mixed,No,Unknown,No,No,No,Unknown,Unknown
34.7520885,-0.1073182,Migori,Nyatike,Got Kachola,Village/Farm,Sheep,Mixed,Unknown,Unknown,No,No,Unknown,Unknown,Unknown
34.752844,-0.1061297,Homa Bay,Karachuonyo,Kibiri,Village/Farm,Chicken,Intensive,Unknown,Unknown,Unknown,Unknown,Unknown,Unknown,No
34.752844,-0.1061297,Homa Bay,Karachuonyo,Kibiri,Village/Farm,Cattle,Intensive,No,No,Unknown,Unknown,Unknown,No,Unknown
34.7520847,-0.1072884,Migori,Nyatike,Got Kachola,Village/Farm,Chicken,Mixed,Unknown,Unknown,Unknown,Unknown,Unknown,Unknown,No
34.7666561,-0.0847409,Kisumu,Kisumu Central,Railways,Village/Farm,Chicken,Intensive,Unknown,Unknown,Unknown,Unknown,Unknown,Unknown,No
34.7886728,-0.1203173,Kisumu,Kisumu East,Kolwa Central,Village/Farm,Cattle,Mixed,No,No,Unknown,No,Unknown,No,Unknown
34.7873702,-0.119296,Kisumu,Kisumu East,Kolwa Central,Village/Farm,Cattle,Mixed,No,No,Unknown,No,Unknown,No,Unknown
34.7882807,-0.1227324,Kisumu,Kisumu East,Kolwa Central,Village/Farm,Cattle,Mixed,No,No,Unknown,No,Unknown,No,Unknown
34.7863346,-0.1164146,Kisumu,Kisumu East,Kolwa Central,Village/Farm,Cattle,Mixed,No,No,Unknown,No,Unknown,No,Unknown
34.7520892,-0.1073165,Migori,Nyatike,Got Kachola,Village/Farm,Goats,Mixed,Unknown,Unknown,No,No,No,Unknown,Unknown
34.7848057,-0.1144999,Kisumu,Kisumu East,Kolwa Central,Village/Farm,Cattle,Mixed,No,No,Unknown,No,Unknown,No,Unknown
34.787025,-0.118816,Kisumu,Kisumu East,Kolwa Central,Village/Farm,Cattle,Mixed,No,No,Unknown,No,Unknown,No,Unknown
34.7856442,-0.1156949,Kisumu,Kisumu East,Kolwa Central,Village/Farm,Cattle,Mixed,No,No,Unknown,No,Unknown,No,Unknown
34.7520965,-0.107288,Homa Bay,Mbita,Rusinga Island,Village/Farm,Chicken,Mixed,Unknown,Unknown,Unknown,Unknown,Unknown,Unknown,No
34.7918545,-0.1228998,Kisumu,Kisumu East,Kolwa Central,Village/Farm,Cattle,Mixed,No,No,Unknown,No,Unknown,No,Unknown
34.7520874,-0.1073001,Homa Bay,Mbita,Rusinga Island,Village/Farm,Sheep,Mixed,No,Unknown,No,No,Unknown,Unknown,Unknown
34.787025,-0.1171343,Kisumu,Kisumu East,Kolwa Central,Village/Farm,Cattle,Mixed,No,No,Unknown,No,Unknown,No,Unknown
34.7520842,-0.1072881,Migori,Nyatike,Got Kachola,Village/Farm,Chicken,Mixed,Unknown,Unknown,Unknown,Unknown,Unknown,Unknown,No
34.752844,-0.1061297,Kisii,Bonchari,Bomorenda,Village/Farm,Cattle,Mixed,No,No,Unknown,No,Unknown,No,Unknown
34.7521007,-0.1072755,Homa Bay,Mbita,Rusinga Island,Village/Farm,Goats,Mixed,No,Unknown,No,No,No,Unknown,Unknown
34.75208,-0.107288,Homa Bay,Mbita,Rusinga Island,Village/Farm,Cattle,Mixed,No,No,Unknown,No,Unknown,No,Unknown
34.7524987,-0.1068509,Kisii,Bonchari,Bomorenda,Village/Farm,Goats,Mixed,No,Unknown,No,No,No,Unknown,Unknown
34.7520885,-0.1072993,Migori,Nyatike,Got Kachola,Village/Farm,Goats,Mixed,Unknown,Unknown,No,No,No,Unknown,Unknown
34.787025,-0.1233809,Kisumu,Kisumu East,Kolwa Central,Village/Farm,Cattle,Intensive,No,No,Unknown,No,Unknown,No,Unknown
35.3378593,-0.7331641,Bomet,Sotik,Kapletundo,Village/Farm,Cattle,Mixed,Unknown,Unknown,Unknown,No,Unknown,Unknown,Unknown
34.7521088,-0.1072813,Migori,Kuria West,Isibania,Crush,Sheep,Mixed,No,Unknown,No,No,Unknown,Unknown,Unknown
34.7520969,-0.1072973,Migori,Nyatike,Got Kachola,Village/Farm,Cattle,Mixed,Unknown,No,Unknown,No,Unknown,No,Unknown
34.7520961,-0.1072968,Migori,Nyatike,Got Kachola,Village/Farm,Sheep,Mixed,Unknown,Unknown,No,No,Unknown,Unknown,Unknown
34.7520969,-0.1073022,Homa Bay,Karachuonyo,Kibiri,Village/Farm,Chicken,Mixed,Unknown,Unknown,Unknown,Unknown,Unknown,Unknown,No
34.7520877,-0.1073179,Homa Bay,Mbita,Rusinga Island,Village/Farm,Sheep,Mixed,No,Unknown,No,No,Unknown,Unknown,Unknown
34.752092,-0.1073101,Homa Bay,Mbita,Rusinga Island,Village/Farm,Goats,Mixed,No,Unknown,No,No,No,Unknown,Unknown
34.7520889,-0.107305,Kisii,Nyaribari Chache,Bobaracho,Village/Farm,Cattle,Intensive,No,No,Unknown,No,Unknown,No,Unknown
34.7863346,-0.1164146,Kisumu,Kisumu East,Kolwa Central,Village/Farm,Cattle,Mixed,No,No,Unknown,No,Unknown,No,Unknown
34.7520969,-0.1072829,Migori,Kuria West,Isibania,Crush,Cattle,Mixed,No,No,Unknown,Unknown,Unknown,No,Unknown
34.7520871,-0.1073188,Homa Bay,Mbita,Rusinga Island,Village/Farm,Sheep,Mixed,No,Unknown,No,No,Unknown,Unknown,Unknown
34.7520968,-0.1073252,Homa Bay,Mbita,Rusinga Island,Village/Farm,Goats,Mixed,No,Unknown,No,No,No,Unknown,Unknown
34.7520926,-0.1072543,Migori,Nyatike,Got Kachola,Village/Farm,Goats,Mixed,Unknown,Unknown,No,No,No,Unknown,Unknown
34.75208,-0.1072996,Homa Bay,Karachuonyo,North Karachuonyo,Village/Farm,Chicken,Intensive,Unknown,Unknown,Unknown,Unknown,Unknown,Unknown,No
34.7520889,-0.1073154,Migori,Nyatike,Got Kachola,Village/Farm,Chicken,Mixed,Unknown,Unknown,Unknown,Unknown,Unknown,Unknown,No
34.7520871,-0.1073231,Homa Bay,Karachuonyo,Kibiri,Village/Farm,Cattle,Intensive,No,No,Unknown,Unknown,Unknown,No,Unknown
34.7680372,-0.0816192,Kisumu,Kisumu Central,Railways,Village/Farm,Cattle,Intensive,No,No,Unknown,No,Unknown,No,Unknown
34.7880605,-0.1178535,Kisumu,Kisumu East,Kolwa Central,Village/Farm,Cattle,Mixed,No,No,Unknown,No,Unknown,No,Unknown
34.78702,-0.118816,Kisumu,Kisumu East,Kolwa Central,Village/Farm,Cattle,Mixed,No,No,Unknown,No,Unknown,No,Unknown
34.752101,-0.1072768,Migori,Kuria West,Isibania,Village/Farm,Sheep,Mixed,No,Unknown,No,No,Unknown,Unknown,Unknown
34.7520921,-0.1072823,Migori,Kuria West,Isibania,Village/Farm,Goats,Mixed,No,Unknown,No,No,No,Unknown,Unknown
34.7521089,-0.1072709,Migori,Kuria West,Isibania,Village/Farm,Camel,Mixed,No,Unknown,Unknown,No,Unknown,Unknown,Unknown
34.7666561,-0.0847409,Kisumu,Kisumu Central,Railways,Village/Farm,Cattle,Intensive,No,No,Unknown,No,Unknown,No,Unknown
34.7520887,-0.1073101,Migori,Nyatike,Got Kachola,Village/Farm,Goats,Mixed,No,Unknown,No,No,No,Unknown,Unknown
34.7520974,-0.1072987,Migori,Nyatike,Got Kachola,Village/Farm,Cattle,Mixed,Unknown,Unknown,Unknown,Unknown,Unknown,Unknown,Unknown
34.7520882,-0.1073215,Homa Bay,Karachuonyo,Kibiri,Village/Farm,Cattle,Intensive,No,No,Unknown,Unknown,Unknown,No,Unknown
36.705242,1.0918323,Samburu,Samburu West,Maralal,Market,Cattle,Extensive,No,No,Unknown,No,Unknown,No,Unknown
34.7520882,-0.1073171,Migori,Nyatike,Got Kachola,Village/Farm,Sheep,Mixed,Unknown,Unknown,No,No,Unknown,Unknown,Unknown
34.7520849,-0.1072788,Migori,Kuria West,Isibania,Crush,Goats,Mixed,No,Unknown,No,No,No,Unknown,Unknown
36.705242,1.0918323,Samburu,Samburu West,Maralal,Market,Sheep,Extensive,No,Unknown,No,No,Unknown,Unknown,Unknown
34.7714898,-0.0835358,Kisumu,Kisumu Central,Railways,Village/Farm,Chicken,Intensive,Unknown,Unknown,Unknown,Unknown,Unknown,Unknown,No
36.7009452,1.0868773,Samburu,Samburu West,Maralal,Market,Goats,Extensive,No,Unknown,No,No,No,Unknown,Unknown
36.7006082,1.0890576,Samburu,Samburu West,Maralal,Market,Chicken,Extensive,Unknown,Unknown,Unknown,Unknown,Unknown,Unknown,No
34.7676919,-0.0832997,Kisumu,Kisumu Central,Railways,Village/Farm,Cattle,Intensive,No,No,Unknown,No,Unknown,No,Unknown
34.7880605,-0.1178535,Kisumu,Kisumu East,Kolwa Central,Village/Farm,Cattle,Mixed,No,No,Unknown,No,Unknown,No,Unknown
34.7530145,-0.1063344,Kisii,Nyaribari Chache,Birongo,Village/Farm,Cattle,Unknown,No,No,Unknown,No,Unknown,No,Unknown
34.7688883,-0.0832563,Kisumu,Kisumu Central,Railways,Village/Farm,Cattle,Intensive,No,No,Unknown,No,Unknown,No,Unknown
34.7527164,-0.1065611,Homa Bay,Karachuonyo,Kibiri,Village/Farm,Chicken,Intensive,Unknown,Unknown,Unknown,Unknown,Unknown,Unknown,No
0.0,0.0,Kisumu,Kisumu East,Kolwa Central,Village/Farm,Cattle,Mixed,No,No,Unknown,No,Unknown,No,Unknown
34.7520958,-0.1072991,Kisumu,Kisumu Central,Railways,Village/Farm,Cattle,Intensive,No,No,Unknown,No,Unknown,No,Unknown
34.7520869,-0.1073243,Homa Bay,Karachuonyo,Kibiri,Village/Farm,Chicken,Intensive,Unknown,Unknown,Unknown,Unknown,Unknown,Unknown,No
34.7905003,-0.1221089,Kisumu,Kisumu East,Kolwa Central,Village/Farm,Cattle,Mixed,No,No,Unknown,No,Unknown,No,Unknown
34.7520879,-0.1073206,Migori,Kuria West,Isibania,Crush,Goats,Mixed,No,Unknown,No,No,No,Unknown,Unknown
34.7520925,-0.1073102,Kisii,Nyaribari Chache,Birongo,Village/Farm,Cattle,Unknown,No,No,Unknown,No,Unknown,No,Unknown
0.0,0.0,Kisumu,Kisumu Central,Railways,Village/Farm,Cattle,Intensive,No,No,Unknown,No,Unknown,No,Unknown
34.7520924,-0.1073113,Migori,Kuria West,Isibania,Crush,Cattle,Mixed,No,No,Unknown,Unknown,Unknown,No,Unknown
34.7520871,-0.1073196,Migori,Kuria West,Isibania,Crush,Sheep,Mixed,No,Unknown,No,No,Unknown,Unknown,Unknown
34.787025,-0.118816,Kisumu,Kisumu East,Kolwa Central,Village/Farm,Cattle,Mixed,No,No,Unknown,No,Unknown,No,Unknown
0.0,0.0,Kisumu,Kisumu Central,Railways,Village/Farm,Chicken,Intensive,Unknown,Unknown,Unknown,Unknown,Unknown,Unknown,No
35.2136448,-0.7539653,Bomet,Sotik,Kipsonoi,Village/Farm,Cattle,Mixed,Unknown,Unknown,Unknown,No,Unknown,Unknown,Unknown
34.7535346,-0.1087716,Kisii,Bonchari,Bomorenda,Village/Farm,Goats,Mixed,No,Unknown,No,No,No,Unknown,Unknown
34.7520846,-0.1072794,Homa Bay,Karachuonyo,Kibiri,Village/Farm,Chicken,Extensive,Unknown,Unknown,Unknown,Unknown,Unknown,Unknown,No
34.7688883,-0.0832563,Kisumu,Kisumu Central,Railways,Village/Farm,Chicken,Intensive,Unknown,Unknown,Unknown,Unknown,Unknown,Unknown,No
34.7520926,-0.1072828,Homa Bay,Karachuonyo,Kibiri,Village/Farm,Cattle,Intensive,No,No,Unknown,Unknown,Unknown,No,Unknown
34.7520884,-0.1072633,Migori,Nyatike,Got Kachola,Village/Farm,Cattle,Mixed,Unknown,No,Unknown,No,Unknown,No,Unknown
34.7521004,-0.107277,Migori,Nyatike,Got Kachola,Village/Farm,Chicken,Mixed,Unknown,Unknown,Unknown,Unknown,Unknown,Unknown,No
34.7535346,-0.1087716,Kisii,Bonchari,Bomorenda,Village/Farm,Cattle,Mixed,No,No,Unknown,No,Unknown,No,Unknown
34.7659656,-0.0847416,Kisumu,Kisumu Central,Railways,Village/Farm,Cattle,Intensive,No,No,Unknown,No,Unknown,No,Unknown
34.7670014,-0.0840204,Kisumu,Kisumu Central,Railways,Village/Farm,Cattle,Intensive,Unknown,No,Unknown,No,Unknown,No,Unknown
37.34795666666666,-1.889678333333333,Makueni,Kilome,Kasikeu,Village/Farm,Cattle,Mixed,No,No,Unknown,No,Unknown,No,Unknown
34.7688883,-0.0832563,Kisumu,Kisumu Central,Railways,Village/Farm,Cattle,Mixed,No,No,Unknown,No,Unknown,No,Unknown
37.34798333333333,-1.88957,Makueni,Kilome,Kasikeu,Abattoir,Cattle,Mixed,No,No,Unknown,No,Unknown,No,Unknown
0.0,0.0,Mandera,Banissa,Banissa,Village/Farm,Camel,Extensive,No,Unknown,Unknown,No,Unknown,Unknown,Unknown
40.3466,3.940056666666666,Mandera,Banissa,Guba,Village/Farm,Cattle,Extensive,No,No,Unknown,No,Unknown,No,Unknown
37.1514866,-1.8904468,Makueni,Kilome,Kiima Kiu/Kalanzoni,Market,Cattle,Mixed,No,No,Unknown,No,Unknown,No,Unknown
34.7524987,-0.1066106,Homa Bay,Karachuonyo,Kibiri,Village/Farm,Cattle,Intensive,No,No,Unknown,Unknown,Unknown,No,Unknown
34.7676919,-0.0832997,Kisumu,Kisumu Central,Railways,Village/Farm,Chicken,Intensive,Unknown,Unknown,Unknown,Unknown,Unknown,Unknown,No
37.8026606,-2.2660107,Makueni,Kibwezi West,Makindu,Village/Farm,Chicken,Mixed,Unknown,Unknown,Unknown,Unknown,Unknown,Unknown,No
34.7863346,-0.1164146,Kisumu,Kisumu East,Kolwa Central,Village/Farm,Cattle,Mixed,No,No,Unknown,No,Unknown,No,Unknown
34.7279766,-0.7969645,Kisii,Bomachoge Chache,Bosoti/Sengera,Village/Farm,Chicken,Mixed,Unknown,Unknown,Unknown,Unknown,Unknown,Unknown,No
34.759405,-0.858061,Kisii,Bobasi,Masige West,Village/Farm,Cattle,Mixed,No,No,Unknown,No,Unknown,No,Unknown
39.5625622,-4.2805973,Kwale,Msambweni,Gombato Bongwe,Abattoir,Cattle,Extensive,No,No,Unknown,No,Unknown,No,Unknown
39.5625622,-4.2805973,Kwale,Msambweni,Gombato Bongwe,Abattoir,Goats,Extensive,No,Unknown,No,No,No,Unknown,Unknown
39.5622392,-4.2806171,Kwale,Msambweni,Gombato Bongwe,Abattoir,Cattle,Extensive,No,No,Unknown,No,Unknown,No,Unknown
35.782889,0.5867471,Baringo,Baringo North,Kabartonjo,Village/Farm,Cattle,Extensive,No,No,Unknown,No,Unknown,No,Unknown
39.6435905,-0.4393513,Garissa,Garissa Township,Galbet,Village/Farm,Sheep,Extensive,Unknown,Unknown,Unknown,Unknown,Unknown,Unknown,Unknown
37.3698104,-2.0129811,Makueni,Kilome,Kasikeu,Abattoir,Cattle,Unknown,No,No,Unknown,No,Unknown,No,Unknown
37.3698104,-2.0129811,Makueni,Kilome,Kasikeu,Abattoir,Goats,Unknown,No,Unknown,No,No,No,Unknown,Unknown
34.6730356,-0.7535547,Kisii,South Mugirango,Bogetenga,Village/Farm,Cattle,Mixed,No,No,Unknown,No,Unknown,No,Unknown
34.5616645,-0.3743004,Homa Bay,Karachuonyo,North Karachuonyo,Village/Farm,Chicken,Mixed,Unknown,Unknown,Unknown,Unknown,Unknown,Unknown,Unknown
37.735485,-1.929415,Makueni,Makueni,Kathonzweni,Village/Farm,Chicken,Mixed,Unknown,Unknown,Unknown,Unknown,Unknown,Unknown,Unknown
37.72953,-1.861615,Makueni,Makueni,Mavindini,Village/Farm,Chicken,Mixed,Unknown,Unknown,Unknown,Unknown,Unknown,Unknown,Unknown
40.34647833333334,3.940098333333333,Mandera,Banissa,Derkhale,Village/Farm,Camel,Extensive,No,Unknown,Unknown,No,Unknown,Unknown,Unknown
34.7866798,-0.117375,Kisumu,Kisumu East,Kolwa Central,Village/Farm,Cattle,Mixed,No,No,Unknown,No,Unknown,No,Unknown
35.7118488,-1.8069676,Narok,Narok South,Loita,Village/Farm,Sheep,Mixed,No,Unknown,No,Unknown,Unknown,Unknown,Unknown
34.6668136,-0.6585603,Kisii,Bonchari,Riana,Village/Farm,Cattle,Mixed,No,No,Unknown,No,Unknown,No,Unknown
34.6668136,-0.6585603,Kisii,Bonchari,Riana,Village/Farm,Chicken,Intensive,Unknown,Unknown,Unknown,Unknown,Unknown,Unknown,No
34.7520636,-0.1072514,Kisumu,Kisumu Central,Railways,Village/Farm,Cattle,Intensive,No,No,Unknown,No,Unknown,No,Unknown
34.7676919,-0.0835397,Kisumu,Kisumu Central,Railways,Village/Farm,Cattle,Intensive,No,No,Unknown,No,Unknown,No,Unknown
34.7676919,-0.0832997,Kisumu,Kisumu Central,Railways,Village/Farm,Chicken,Intensive,Unknown,Unknown,Unknown,Unknown,Unknown,Unknown,No
37.9448522,0.3558746,Meru,Igembe North,Antuambui,Abattoir,Sheep,Extensive,No,Unknown,No,No,Unknown,Unknown,Unknown
37.8026606,-2.2660107,Makueni,Kibwezi West,Makindu,Village/Farm,Cattle,Mixed,No,No,Unknown,No,Unknown,No,Unknown
37.735485,-1.929415,Makueni,Makueni,Kathonzweni,Village/Farm,Chicken,Mixed,Unknown,Unknown,Unknown,Unknown,Unknown,Unknown,Unknown
36.5849258,1.0382004,Samburu,Samburu West,Loosuk,Village/Farm,Cattle,Intensive,Unknown,Unknown,Unknown,Unknown,Unknown,Unknown,Unknown
34.7452464,-0.6564699,Kisii,Kitutu Chache South,Nyakoe,Village/Farm,Cattle,Mixed,No,No,Unknown,No,Unknown,No,Unknown
34.745807,-0.7724408,Kisii,South Mugirango,Tabaka,Village/Farm,Cattle,Mixed,No,No,Unknown,No,Unknown,No,Unknown
40.1393539,-3.1016349,Kilifi,Magarini,Magarini,Village/Farm,Cattle,Extensive,No,No,Unknown,No,Unknown,No,Unknown
35.1899433,-0.5924497,Kericho,Bureti,Litein,Abattoir,Cattle,Unknown,No,No,Unknown,No,Unknown,No,Unknown
39.3300993,-4.5338202,Kwale,Msambweni,Ramisi,Village/Farm,Cattle,Mixed,No,No,Unknown,No,Unknown,No,Unknown
35.1899433,-0.5924497,Kericho,Bureti,Litein,Abattoir,Goats,Unknown,No,Unknown,No,No,No,Unknown,Unknown
39.034005,-3.7247147,Kwale,Kinango,Mackinnon Road,Village/Farm,Goats,Extensive,No,Unknown,No,No,No,Unknown,Unknown
35.1923481,-0.5880655,Kericho,Bureti,Litein,Abattoir,Chicken,Unknown,Unknown,Unknown,Unknown,Unknown,Unknown,Unknown,No
35.1404574,-0.4467513,Kericho,Bureti,Chemosot,Abattoir,Cattle,Unknown,No,No,Unknown,No,Unknown,No,Unknown
39.034005,-3.7247147,Kwale,Kinango,Mackinnon Road,Village/Farm,Cattle,Extensive,No,No,Unknown,No,Unknown,No,Unknown
35.1404574,-0.4467513,Kericho,Bureti,Chemosot,Abattoir,Goats,Unknown,No,Unknown,No,No,No,Unknown,Unknown
35.1404574,-0.4467513,Kericho,Bureti,Chemosot,Abattoir,Sheep,Unknown,No,Unknown,No,No,Unknown,Unknown,Unknown
34.2590044,0.0505005,Siaya,Alego Usonga,Siaya Township,Village/Farm,Cattle,Intensive,No,No,Unknown,No,Unknown,No,Unknown
35.7927091,-1.7597476,Narok,Narok South,Loita,Village/Farm,Cattle,Mixed,No,No,Unknown,No,Unknown,No,Unknown
35.3334226,-0.7964442,Bomet,Chepalungu,Nyangores,Market,Chicken,Mixed,Unknown,Unknown,Unknown,Unknown,Unknown,Unknown,No
34.464358,-0.5267875,Homa Bay,Homa Bay Town,Homa Bay Central,Village/Farm,Chicken,Extensive,Unknown,Unknown,Unknown,Unknown,Unknown,Unknown,No
38.0699225,-2.6062588,Makueni,Kibwezi East,Ivingoni/Nzambani,Village/Farm,Cattle,Mixed,No,No,Unknown,No,Unknown,No,Unknown
36.705242,1.0918323,Samburu,Samburu West,Maralal,Market,Goats,Extensive,No,Unknown,No,No,No,Unknown,Unknown
38.0699225,-2.6062588,Makueni,Kibwezi East,Ivingoni/Nzambani,Village/Farm,Goats,Mixed,No,Unknown,No,No,No,Unknown,Unknown
38.0699225,-2.6062588,Makueni,Kibwezi East,Ivingoni/Nzambani,Village/Farm,Sheep,Mixed,No,Unknown,No,No,Unknown,Unknown,Unknown
38.0699225,-2.6062588,Makueni,Kibwezi East,Ivingoni/Nzambani,Village/Farm,Chicken,Mixed,Unknown,Unknown,Unknown,Unknown,Unknown,Unknown,No
36.705242,1.0918323,Samburu,Samburu West,Maralal,Market,Sheep,Extensive,No,Unknown,No,No,Unknown,Unknown,Unknown
34.464358,-0.5258106,Homa Bay,Homa Bay Town,Homa Bay Central,Village/Farm,Cattle,Intensive,No,No,Unknown,No,Unknown,No,Unknown
38.0749635,-2.5952312,Makueni,Kibwezi East,Ivingoni/Nzambani,Village/Farm,Cattle,Mixed,No,No,Unknown,No,Unknown,No,Unknown
38.0749635,-2.5952312,Makueni,Kibwezi East,Ivingoni/Nzambani,Village/Farm,Goats,Mixed,No,Unknown,No,No,No,Unknown,Unknown
38.0749635,-2.5952312,Makueni,Kibwezi East,Ivingoni/Nzambani,Village/Farm,Sheep,Mixed,No,Unknown,No,No,Unknown,Unknown,Unknown
38.1489026,-2.63991,Makueni,Kibwezi East,Mtito Andei,Village/Farm,Cattle,Mixed,No,No,Unknown,No,Unknown,No,Unknown
38.0749635,-2.5952312,Makueni,Kibwezi East,Ivingoni/Nzambani,Village/Farm,Chicken,Mixed,Unknown,Unknown,Unknown,Unknown,Unknown,Unknown,No
36.705242,1.0918323,Samburu,Samburu West,Maralal,Market,Chicken,Extensive,Unknown,Unknown,Unknown,Unknown,Unknown,Unknown,No
38.0749635,-2.5952312,Makueni,Kibwezi East,Ivingoni/Nzambani,Village/Farm,Cattle,Mixed,No,No,Unknown,No,Unknown,No,Unknown
38.1391093,-2.5816913,Makueni,Kibwezi East,Mtito Andei,Village/Farm,Goats,Mixed,No,Unknown,No,No,No,Unknown,Unknown
38.1026483,-2.6533128,Makueni,Kibwezi East,Mtito Andei,Village/Farm,Cattle,Mixed,No,No,Unknown,No,Unknown,No,Unknown
38.1391093,-2.5816913,Makueni,Kibwezi East,Mtito Andei,Village/Farm,Chicken,Mixed,Unknown,Unknown,Unknown,Unknown,Unknown,Unknown,No
38.1026483,-2.6533128,Makueni,Kibwezi East,Mtito Andei,Village/Farm,Sheep,Mixed,No,Unknown,No,No,Unknown,Unknown,Unknown
37.2557402,-1.8499941,Makueni,Kilome,Mukaa,Abattoir,Cattle,Unknown,No,No,Unknown,No,Unknown,No,Unknown
38.1026483,-2.6533128,Makueni,Kibwezi East,Mtito Andei,Village/Farm,Cattle,Mixed,No,No,Unknown,No,Unknown,No,Unknown
34.6533312,-0.6926936,Kisii,Bonchari,Riana,Market,Cattle,Unknown,No,No,Unknown,No,Unknown,No,Unknown
38.1026483,-2.6533128,Makueni,Kibwezi East,Mtito Andei,Village/Farm,Goats,Mixed,No,Unknown,No,No,No,Unknown,Unknown
37.2557402,-1.8499941,Makueni,Kilome,Kasikeu,Abattoir,Goats,Unknown,No,Unknown,No,No,No,Unknown,Unknown
34.7680372,-0.0840194,Kisumu,Kisumu Central,Railways,Village/Farm,Cattle,Intensive,No,No,Unknown,No,Unknown,No,Unknown
38.1489026,-2.63991,Makueni,Kibwezi East,Mtito Andei,Village/Farm,Cattle,Mixed,No,No,Unknown,No,Unknown,No,Unknown
34.7680372,-0.0840194,Kisumu,Kisumu Central,Railways,Village/Farm,Chicken,Intensive,Unknown,Unknown,Unknown,Unknown,Unknown,Unknown,No
38.1489142,-2.6410633,Makueni,Kibwezi East,Mtito Andei,Village/Farm,Cattle,Mixed,No,No,Unknown,No,Unknown,No,Unknown
38.1489026,-2.63991,Makueni,Kibwezi East,Mtito Andei,Village/Farm,Goats,Mixed,No,Unknown,No,No,No,Unknown,Unknown
36.705242,1.0918323,Samburu,Samburu West,Maralal,Market,Cattle,Extensive,No,No,Unknown,No,Unknown,No,Unknown
34.456181666666666,-0.5306866666666666,Homa Bay,Suba,Ruma-Kaksingri,Village/Farm,Cattle,Intensive,No,No,Unknown,No,Unknown,No,Unknown
37.2667715,-1.8584714,Makueni,Kilome,Kasikeu,Abattoir,Goats,Unknown,No,Unknown,No,No,No,Unknown,Unknown
37.30929666666667,0.8322416666666667,Samburu,Samburu East,Wamba West,Village/Farm,Goats,Extensive,No,Unknown,No,No,No,Unknown,Unknown
38.1519283,-2.6667727,Makueni,Kibwezi East,Mtito Andei,Village/Farm,Cattle,Mixed,No,No,Unknown,No,Unknown,No,Unknown
38.1474824,-2.648715,Makueni,Kibwezi East,Mtito Andei,Village/Farm,Goats,Mixed,No,Unknown,No,No,No,Unknown,Unknown
37.310388333333336,0.8329066666666667,Samburu,Samburu East,Wamba West,Village/Farm,Sheep,Extensive,No,Unknown,No,No,Unknown,Unknown,Unknown
38.1474824,-2.648715,Makueni,Kibwezi East,Mtito Andei,Village/Farm,Cattle,Mixed,No,No,Unknown,No,Unknown,No,Unknown
37.309935,0.8326583333333333,Samburu,Samburu East,Wamba West,Village/Farm,Chicken,Extensive,Unknown,Unknown,Unknown,Unknown,Unknown,Unknown,No
38.1474824,-2.648715,Makueni,Kibwezi East,Mtito Andei,Village/Farm,Cattle,Mixed,No,No,Unknown,No,Unknown,No,Unknown
38.1026483,-2.6533128,Makueni,Kibwezi East,Mtito Andei,Village/Farm,Goats,Mixed,No,Unknown,No,No,No,Unknown,Unknown
34.6668812,-0.658469,Kisii,Bonchari,Riana,Village/Farm,Cattle,Extensive,No,No,Unknown,No,Unknown,No,Unknown
38.1489026,-2.63991,Makueni,Kibwezi East,Mtito Andei,Village/Farm,Goats,Mixed,No,Unknown,No,No,No,Unknown,Unknown
38.1481983,-2.6448891,Makueni,Kibwezi East,Mtito Andei,Village/Farm,Chicken,Mixed,Unknown,Unknown,Unknown,Unknown,Unknown,Unknown,No
0.07,0.9,Tharaka-Nithi,Chuka/Igambang'Ombe,Mugwe,Village/Farm,Sheep,Mixed,Unknown,Unknown,Unknown,Unknown,Unknown,Unknown,Unknown
38.1026483,-2.6533128,Makueni,Kibwezi East,Mtito Andei,Village/Farm,Goats,Mixed,No,Unknown,No,No,No,Unknown,Unknown
38.1436191,-2.5890602,Makueni,Kibwezi East,Mtito Andei,Village/Farm,Cattle,Mixed,No,No,Unknown,No,Unknown,No,Unknown
38.1286226,-2.6190608,Makueni,Kibwezi East,Mtito Andei,Village/Farm,Goats,Mixed,No,Unknown,No,No,No,Unknown,Unknown
41.1836772,3.1495182,Mandera,Lafey,Lafey,Clinic,Cattle,Intensive,No,No,Unknown,No,Unknown,No,Unknown
38.0882271,-2.6425606,Makueni,Kibwezi East,Mtito Andei,Village/Farm,Cattle,Mixed,No,No,Unknown,No,Unknown,No,Unknown
38.0882271,-2.6425606,Makueni,Kibwezi East,Mtito Andei,Village/Farm,Cattle,Mixed,No,No,Unknown,No,Unknown,No,Unknown
35.7408588,0.4815956,Baringo,Baringo Central,Kabarnet,Village/Farm,Cattle,Mixed,No,No,Unknown,No,Unknown,No,Unknown
35.7415412,0.47919,Baringo,Baringo Central,Kabarnet,Village/Farm,Chicken,Extensive,Unknown,Unknown,Unknown,Unknown,Unknown,Unknown,No
37.994759,-2.4809835,Makueni,Kibwezi East,Thange,Village/Farm,Cattle,Mixed,No,No,Unknown,No,Unknown,No,Unknown
37.994759,-2.4809835,Makueni,Kibwezi East,Thange,Village/Farm,Sheep,Mixed,No,Unknown,No,No,Unknown,Unknown,Unknown
37.994759,-2.4809835,Makueni,Kibwezi East,Thange,Village/Farm,Goats,Mixed,No,Unknown,No,No,No,Unknown,Unknown
37.9388908,0.3514858,Meru,Igembe North,Antuambui,Abattoir,Sheep,Intensive,No,Unknown,No,No,Unknown,Unknown,Unknown
39.5625622,-4.2805973,Kwale,Msambweni,Gombato Bongwe,Abattoir,Cattle,Extensive,No,No,Unknown,No,Unknown,No,Unknown
39.5622392,-4.2806171,Kwale,Msambweni,Gombato Bongwe,Abattoir,Sheep,Extensive,No,Unknown,No,No,Unknown,Unknown,Unknown
34.7279766,-0.7969645,Kisii,Nyaribari Chache,Ibeno,Village/Farm,Cattle,Mixed,No,No,Unknown,No,Unknown,No,Unknown
38.0382176,-2.547751,Makueni,Kibwezi East,Thange,Village/Farm,Goats,Mixed,No,Unknown,No,No,No,Unknown,Unknown
38.0382176,-2.547751,Makueni,Kibwezi East,Thange,Village/Farm,Cattle,Mixed,No,No,Unknown,No,Unknown,No,Unknown
38.0382176,-2.547751,Makueni,Kibwezi East,Thange,Village/Farm,Goats,Mixed,No,Unknown,No,No,No,Unknown,Unknown
38.0315655,-2.5325116,Makueni,Kibwezi East,Thange,Village/Farm,Cattle,Mixed,No,No,Unknown,No,Unknown,No,Unknown
38.0325578,-2.5307439,Makueni,Kibwezi East,Thange,Village/Farm,Cattle,Mixed,No,No,Unknown,No,Unknown,No,Unknown
37.3866772,-1.9382861,Makueni,Kilome,Kasikeu,Abattoir,Cattle,Unknown,No,No,Unknown,No,Unknown,No,Unknown
35.05,-0.79,Kisii,Bobasi,Basi Central,Village/Farm,Cattle,Mixed,No,No,Unknown,No,Unknown,No,Unknown
34.7262494,-0.7952628,Kisii,Bomachoge Borabu,Bokimonge,Village/Farm,Goats,Mixed,No,Unknown,No,No,No,Unknown,Unknown
34.8149811,-0.8174647,Kisii,Bobasi,Bobasi Boitangare,Village/Farm,Cattle,Mixed,No,No,Unknown,No,Unknown,No,Unknown
34.8149811,-0.8174647,Kisii,Bobasi,Bobasi Boitangare,Village/Farm,Chicken,Mixed,Unknown,Unknown,Unknown,Unknown,Unknown,Unknown,No
39.4588175,-4.4495131,Kwale,Msambweni,Ramisi,Village/Farm,Chicken,Intensive,Unknown,Unknown,Unknown,Unknown,Unknown,Unknown,No
39.5009496,-4.4178412,Kwale,Msambweni,Ramisi,Village/Farm,Cattle,Extensive,No,No,Unknown,No,Unknown,No,Unknown
34.7756328,-0.8247291,Kisii,Bobasi,Masige West,Village/Farm,Cattle,Mixed,No,No,Unknown,No,Unknown,No,Unknown
41.1836772,3.1495182,Mandera,Lafey,Lafey,Clinic,Chicken,Unknown,Unknown,Unknown,Unknown,Unknown,Unknown,Unknown,No
41.1868197,3.1500917,Mandera,Lafey,Lafey,Village/Farm,Cattle,Unknown,No,No,Unknown,No,Unknown,No,Unknown
35.7446549,0.4921713,Baringo,Baringo Central,Kabarnet,Market,Goats,Mixed,No,Unknown,No,No,No,Unknown,Unknown
34.4570817,-0.5334291,Homa Bay,Homa Bay Town,Homa Bay Arujo,Village/Farm,Chicken,Mixed,Unknown,Unknown,Unknown,Unknown,Unknown,Unknown,No
34.4570817,-0.5334291,Homa Bay,Homa Bay Town,Homa Bay Arujo,Village/Farm,Goats,Mixed,No,Unknown,No,No,No,Unknown,Unknown
36.6999342,1.0943857,Samburu,Samburu West,Maralal,Crush,Cattle,Mixed,No,Unknown,Unknown,No,Unknown,No,Unknown
36.6999342,1.0953528,Samburu,Samburu West,Poro,Village/Farm,Chicken,Mixed,Unknown,Unknown,Unknown,Unknown,Unknown,Unknown,No
34.5526656,-1.0215099,Migori,Uriri,East Kanyamkago,Village/Farm,Chicken,Intensive,Unknown,Unknown,Unknown,Unknown,Unknown,Unknown,No
36.6927158,1.0924104,Samburu,Samburu West,Maralal,Crush,Cattle,Mixed,No,Unknown,Unknown,No,Unknown,No,Unknown
35.0200864,-0.7525862,Bomet,Sotik,Kipsonoi,Village/Farm,Cattle,Mixed,Unknown,Unknown,Unknown,No,Unknown,Unknown,Unknown
0.0,0.0,Kwale,Msambweni,Kinondo,Abattoir,Cattle,Extensive,No,Unknown,Unknown,Unknown,Unknown,Unknown,Unknown
35.093313,-0.8503933,Bomet,Sotik,Ndanai/Abosi,Market,Chicken,Mixed,Unknown,Unknown,Unknown,Unknown,Unknown,Unknown,Unknown
36.692681,1.0925553,Samburu,Samburu West,Maralal,Crush,Chicken,Mixed,Unknown,Unknown,Unknown,Unknown,Unknown,Unknown,No
34.7296313,-0.7928574,Kisii,Bobasi,Basi Central,Village/Farm,Cattle,Intensive,No,No,Unknown,No,Unknown,No,Unknown
34.7296313,-0.7928574,Kisii,Bobasi,Basi Central,Village/Farm,Chicken,Mixed,Unknown,Unknown,Unknown,Unknown,Unknown,Unknown,No
36.6927609,1.0924043,Samburu,Samburu West,Maralal,Crush,Sheep,Extensive,No,Unknown,No,Unknown,Unknown,Unknown,Unknown
34.7296313,-0.7928574,Kisii,Bomachoge Chache,Boochi/Tendere,Village/Farm,Cattle,Mixed,No,No,Unknown,No,Unknown,No,Unknown
36.6926863,1.0925604,Samburu,Samburu West,Maralal,Crush,Goats,Extensive,No,Unknown,No,Unknown,No,Unknown,Unknown
34.7296313,-0.7928574,Kisii,Bomachoge Chache,Bosoti/Sengera,Village/Farm,Chicken,Mixed,Unknown,Unknown,Unknown,Unknown,Unknown,Unknown,No
34.728322,-0.7949974,Kisii,Bobasi,Basi Central,Village/Farm,Cattle,Mixed,No,No,Unknown,No,Unknown,No,Unknown
35.0173029,-0.753341,Bomet,Sotik,Rongena/Manaret,Village/Farm,Cattle,Mixed,No,No,Unknown,No,Unknown,No,Unknown
36.6999342,1.0953528,Samburu,Samburu West,Poro,Village/Farm,Cattle,Mixed,No,Unknown,Unknown,No,Unknown,No,Unknown
39.5622392,-4.2806171,Kwale,Msambweni,Gombato Bongwe,Abattoir,Cattle,Extensive,No,No,Unknown,No,Unknown,No,Unknown
34.6775396,-0.4142048,Homa Bay,Karachuonyo,Kendu Bay Town,Village/Farm,Cattle,Mixed,No,No,Unknown,No,Unknown,No,Unknown
36.6999342,1.0953528,Samburu,Samburu West,Maralal,Village/Farm,Sheep,Mixed,No,Unknown,No,Unknown,Unknown,Unknown,Unknown
34.6775396,-0.4142048,Homa Bay,Karachuonyo,Kendu Bay Town,Village/Farm,Goats,Mixed,No,Unknown,No,No,No,Unknown,Unknown
36.6999342,1.0953528,Samburu,Samburu West,Poro,Village/Farm,Goats,Mixed,No,Unknown,No,Unknown,No,Unknown,Unknown
34.6775396,-0.4142048,Homa Bay,Karachuonyo,Kendu Bay Town,Village/Farm,Chicken,Mixed,Unknown,Unknown,Unknown,Unknown,Unknown,Unknown,No
35.8329381,-1.7591059,Narok,Narok South,Loita,Village/Farm,Cattle,Mixed,No,No,Unknown,Unknown,Unknown,No,Unknown
40.872961,3.5501111,Mandera,Mandera North,Ashabito,Crush,Sheep,Extensive,No,Unknown,No,No,Unknown,Unknown,Unknown
39.525665,-4.3840857,Kwale,Msambweni,Kinondo,Village/Farm,Cattle,Intensive,Unknown,Unknown,Unknown,No,Unknown,Unknown,Unknown
39.525665,-4.3840857,Kwale,Msambweni,Kinondo,Village/Farm,Chicken,Mixed,Unknown,Unknown,Unknown,Unknown,Unknown,Unknown,No
39.4222584,-4.3643367,Kwale,Msambweni,Kinondo,Village/Farm,Cattle,Extensive,No,Unknown,Unknown,Unknown,Unknown,Unknown,Unknown
39.5369622,-4.3523386,Kwale,Msambweni,Kinondo,Abattoir,Cattle,Extensive,Unknown,Unknown,Unknown,No,Unknown,Unknown,Unknown
39.5369622,-4.3523386,Kwale,Msambweni,Kinondo,Abattoir,Goats,Extensive,No,Unknown,Unknown,Unknown,Unknown,Unknown,Unknown
34.7303945,-0.8937919,Kisii,Bomachoge Borabu,Bokimonge,Village/Farm,Chicken,Mixed,Unknown,Unknown,Unknown,Unknown,Unknown,Unknown,No
0.0,0.0,Kisii,Nyaribari Masaba,Gesusu,Village/Farm,Chicken,Extensive,Unknown,Unknown,Unknown,Unknown,Unknown,Unknown,No
37.3810048,-2.022589,Makueni,Kilome,Mukaa,Crush,Goats,Mixed,No,Unknown,No,No,No,Unknown,Unknown
39.5587907,-4.2786072,Kwale,Msambweni,Gombato Bongwe,Abattoir,Goats,Extensive,No,Unknown,No,No,No,Unknown,Unknown
41.1880767,3.1505143,Mandera,Lafey,Lafey,Village/Farm,Camel,Mixed,No,Unknown,Unknown,No,Unknown,Unknown,Unknown
39.5622597,-4.2804504,Kwale,Msambweni,Gombato Bongwe,Abattoir,Cattle,Extensive,No,No,Unknown,No,Unknown,No,Unknown
37.3810048,-2.022589,Makueni,Kilome,Kasikeu,Abattoir,Cattle,Unknown,No,No,Unknown,No,Unknown,No,Unknown
39.5625622,-4.2818667,Kwale,Msambweni,Gombato Bongwe,Abattoir,Goats,Extensive,No,Unknown,No,No,No,Unknown,Unknown
0.0,0.0,Kisii,Nyaribari Masaba,Gesusu,Village/Farm,Goats,Mixed,No,Unknown,No,Unknown,No,Unknown,Unknown
34.728322,-0.7949974,Kisii,Bomachoge Chache,Majoge Basi,Village/Farm,Chicken,Mixed,Unknown,Unknown,Unknown,Unknown,Unknown,Unknown,No
41.1868197,3.1500917,Mandera,Lafey,Lafey,Village/Farm,Chicken,Mixed,Unknown,Unknown,Unknown,Unknown,Unknown,Unknown,No
41.1880767,3.1505143,Mandera,Lafey,Lafey,Village/Farm,Chicken,Unknown,Unknown,Unknown,Unknown,Unknown,Unknown,Unknown,No
34.4421806,-1.1654755,Migori,Kuria West,Tagare,Abattoir,Goats,Unknown,No,Unknown,No,No,No,Unknown,Unknown
35.1408011,-0.445541,Kericho,Bureti,Chemosot,Abattoir,Cattle,Unknown,No,No,Unknown,No,Unknown,No,Unknown
34.7670014,-0.0835404,Kisumu,Kisumu Central,Railways,Village/Farm,Chicken,Intensive,Unknown,Unknown,Unknown,Unknown,Unknown,Unknown,No
34.7673467,-0.0840201,Kisumu,Kisumu Central,Railways,Village/Farm,Cattle,Intensive,No,No,Unknown,No,Unknown,No,Unknown
35.206432,-0.3311665,Kericho,Bureti,Chemosot,Abattoir,Sheep,Unknown,No,Unknown,No,No,Unknown,Unknown,Unknown
34.607337,-0.8153378,Kisii,South Mugirango,Bogetenga,Market,Goats,Unknown,No,Unknown,No,No,No,Unknown,Unknown
0.0,0.0,Migori,Kuria East,Nyabasi West,Village/Farm,Cattle,Mixed,No,No,Unknown,No,Unknown,No,Unknown
40.39784,0.12202,Garissa,Dadaab,Damajale,Village/Farm,Cattle,Extensive,No,No,Unknown,No,Unknown,No,Unknown
36.7054105,1.0918299,Samburu,Samburu West,Maralal,Market,Sheep,Extensive,No,Unknown,No,No,Unknown,Unknown,Unknown
34.8208473,-1.2216864,Narok,Transmara West,Lolgorian,Village/Farm,Cattle,Extensive,No,No,Unknown,No,Unknown,No,Unknown
37.8970429,0.2839845,Meru,Igembe Central,Kangeta,Village/Farm,Goats,Mixed,No,Unknown,No,No,No,Unknown,Unknown
37.8958546,0.2817416,Meru,Igembe Central,Kangeta,Village/Farm,Cattle,Mixed,No,No,Unknown,No,Unknown,No,Unknown
40.3112012,0.0477895,Garissa,Dadaab,Dadaab,Village/Farm,Camel,Extensive,No,Unknown,Unknown,Unknown,Unknown,Unknown,Unknown
34.7262494,-0.9123052,Kisii,Bomachoge Borabu,Bokimonge,Village/Farm,Cattle,Intensive,No,No,Unknown,No,Unknown,No,Unknown
34.6459912,-0.3883159,Homa Bay,Karachuonyo,Kendu Bay Town,Village/Farm,Cattle,Mixed,No,No,Unknown,No,Unknown,No,Unknown
0.0,0.0,Migori,Kuria East,Nyabasi East,Village/Farm,Chicken,Mixed,Unknown,Unknown,Unknown,Unknown,Unknown,Unknown,No
34.6459912,-0.3883159,Homa Bay,Karachuonyo,Kendu Bay Town,Village/Farm,Sheep,Mixed,No,Unknown,No,No,Unknown,Unknown,Unknown
34.6459912,-0.3883159,Homa Bay,Karachuonyo,Kendu Bay Town,Village/Farm,Chicken,Mixed,Unknown,Unknown,Unknown,Unknown,Unknown,Unknown,No
38.082483,-2.5859795,Makueni,Kibwezi East,Mtito Andei,Market,Cattle,Unknown,No,No,Unknown,No,Unknown,No,Unknown
34.8208473,-1.2216864,Narok,Transmara West,Lolgorian,Village/Farm,Sheep,Extensive,No,Unknown,No,No,Unknown,Unknown,Unknown
34.8208473,-1.2216864,Narok,Transmara West,Lolgorian,Village/Farm,Goats,Extensive,No,Unknown,No,No,No,Unknown,Unknown
34.6647433,-0.6541047,Kisii,Bonchari,Riana,Village/Farm,Cattle,Intensive,No,No,Unknown,No,Unknown,No,Unknown
34.5114449,-0.9541581,Migori,Suna East,Kakrao,Village/Farm,Chicken,Mixed,Unknown,Unknown,Unknown,Unknown,Unknown,Unknown,No
37.3617516,-2.0055494,Makueni,Kilome,Kasikeu,Village/Farm,Goats,Mixed,No,Unknown,No,No,No,Unknown,Unknown
37.3617516,-2.0055494,Makueni,Kilome,Kasikeu,Abattoir,Cattle,Unknown,No,No,Unknown,No,Unknown,No,Unknown
37.4450982,-1.7403828,Makueni,Kaiti,Ukia,Village/Farm,Sheep,Mixed,No,Unknown,No,No,Unknown,Unknown,Unknown
34.5960763,-1.194211,Migori,Kuria West,Bukira East,Abattoir,Goats,Unknown,No,Unknown,No,No,No,Unknown,Unknown
34.8518968,-0.7382193,Kisii,Bobasi,Basi Central,Village/Farm,Cattle,Mixed,No,No,Unknown,No,Unknown,No,Unknown
39.5641774,-4.2777055,Kwale,Msambweni,Gombato Bongwe,Abattoir,Cattle,Extensive,No,No,Unknown,No,Unknown,No,Unknown
34.480641,-1.2361834,Migori,Kuria West,Isibania,Abattoir,Cattle,Unknown,No,No,Unknown,No,Unknown,No,Unknown
41.8546124,3.9387791,Mandera,Mandera East,Neboi,Abattoir,Cattle,Extensive,No,No,Unknown,No,Unknown,No,Unknown
34.4809874,-1.2349315,Migori,Kuria West,Isibania,Abattoir,Cattle,Unknown,No,No,Unknown,No,Unknown,No,Unknown
34.4809874,-1.2349315,Migori,Kuria West,Isibania,Abattoir,Goats,Unknown,No,Unknown,No,No,No,Unknown,Unknown
41.1880767,3.1505143,Mandera,Lafey,Lafey,Village/Farm,Cattle,Mixed,No,No,Unknown,No,Unknown,No,Unknown
34.4761375,-1.2429839,Migori,Kuria West,Nyamosense/Komosoko,Abattoir,Cattle,Unknown,No,No,Unknown,No,Unknown,No,Unknown
34.4771768,-1.2272585,Migori,Kuria West,Tagare,Abattoir,Cattle,Unknown,No,No,Unknown,No,Unknown,No,Unknown
34.4446065,-1.1684293,Migori,Kuria West,Tagare,Abattoir,Cattle,Unknown,No,No,Unknown,No,Unknown,No,Unknown
34.4435668,-1.1674479,Migori,Kuria West,Tagare,Abattoir,Goats,Unknown,No,Unknown,No,No,No,Unknown,Unknown
34.4199976,-1.1707658,Migori,Kuria West,Nyamosense/Komosoko,Abattoir,Cattle,Unknown,No,No,Unknown,No,Unknown,No,Unknown
38.082483,-2.5859795,Makueni,Kibwezi East,Mtito Andei,Market,Cattle,Unknown,No,No,Unknown,No,Unknown,No,Unknown
38.082483,-2.5859795,Makueni,Kibwezi East,Mtito Andei,Market,Goats,Unknown,No,Unknown,No,No,No,Unknown,Unknown
38.082483,-2.5859795,Makueni,Kibwezi East,Ivingoni/Nzambani,Market,Chicken,Unknown,Unknown,Unknown,Unknown,Unknown,Unknown,Unknown,No
34.7656729,-0.0829445,Kisumu,Kisumu Central,Railways,Village/Farm,Cattle,Intensive,No,No,Unknown,No,Unknown,No,Unknown
34.7656729,-0.0829445,Kisumu,Kisumu Central,Railways,Village/Farm,Chicken,Intensive,Unknown,Unknown,Unknown,Unknown,Unknown,Unknown,No
34.607337,-0.8153378,Kisii,South Mugirango,Bogetenga,Market,Goats,Unknown,No,Unknown,No,No,No,Unknown,Unknown
36.6927725,1.0926138,Samburu,Samburu West,Maralal,Crush,Sheep,Extensive,No,Unknown,No,Unknown,Unknown,Unknown,Unknown
34.607337,-0.8153378,Kisii,South Mugirango,Bogetenga,Market,Cattle,Unknown,No,No,Unknown,No,Unknown,No,Unknown
0.0,0.0,Kisii,Nyaribari Masaba,Kiamokama,Village/Farm,Goats,Unknown,No,Unknown,No,No,No,Unknown,Unknown
34.607337,-0.8153378,Kisii,South Mugirango,Bogetenga,Market,Cattle,Unknown,No,No,Unknown,No,Unknown,No,Unknown
0.0,0.0,Kisii,Nyaribari Masaba,Kiamokama,Village/Farm,Sheep,Unknown,No,Unknown,No,No,Unknown,Unknown,Unknown
39.6062548,-4.0326501,Kwale,Matuga,Waa,Village/Farm,Goats,Extensive,No,Unknown,No,No,No,Unknown,Unknown
39.5587907,-4.2786072,Kwale,Msambweni,Gombato Bongwe,Abattoir,Cattle,Extensive,No,No,Unknown,No,Unknown,No,Unknown
0.0,0.0,Kisii,Nyaribari Masaba,Kiamokama,Village/Farm,Chicken,Extensive,Unknown,Unknown,Unknown,Unknown,Unknown,Unknown,No
41.1877625,3.1505294,Mandera,Lafey,Lafey,Village/Farm,Cattle,Mixed,No,No,Unknown,No,Unknown,No,Unknown
34.7688883,-0.0832563,Kisumu,Kisumu Central,Railways,Village/Farm,Cattle,Intensive,No,No,Unknown,No,Unknown,No,Unknown
37.3228405,0.9777566,Samburu,Samburu East,Wamba East,Market,Goats,Extensive,No,Unknown,No,No,No,Unknown,Unknown
37.6778766,0.6447122,Samburu,Samburu East,Waso,Market,Sheep,Extensive,No,Unknown,No,No,Unknown,Unknown,Unknown
37.5878667,1.1069696,Samburu,Samburu East,Waso,Village/Farm,Chicken,Extensive,Unknown,Unknown,Unknown,Unknown,Unknown,Unknown,No
37.3174891,0.9794421,Samburu,Samburu East,Wamba East,Village/Farm,Camel,Extensive,No,Unknown,Unknown,No,Unknown,Unknown,Unknown
37.3188323,0.9796548,Samburu,Samburu East,Wamba East,Crush,Goats,Extensive,No,Unknown,No,No,No,Unknown,Unknown
36.7019563,1.0948405,Samburu,Samburu West,Maralal,Market,Cattle,Extensive,No,No,Unknown,No,Unknown,No,Unknown
36.7054105,1.0919508,Samburu,Samburu West,Maralal,Market,Sheep,Extensive,No,Unknown,No,No,Unknown,Unknown,Unknown
0.0,0.0,Migori,Kuria East,Nyabasi East,Village/Farm,Cattle,Mixed,No,No,Unknown,No,Unknown,No,Unknown
34.5960763,-1.194211,Migori,Kuria West,Bukira East,Abattoir,Cattle,Unknown,No,No,Unknown,No,Unknown,No,Unknown
36.7054105,1.0919508,Samburu,Samburu West,Maralal,Market,Goats,Extensive,No,Unknown,No,No,No,Unknown,Unknown
34.7714898,-0.0835358,Kisumu,Kisumu Central,Railways,Village/Farm,Chicken,Intensive,Unknown,Unknown,Unknown,Unknown,Unknown,Unknown,No
36.7054105,1.0918299,Samburu,Samburu West,Maralal,Market,Chicken,Extensive,Unknown,Unknown,Unknown,Unknown,Unknown,Unknown,No
34.7349358,-0.8197968,Kisii,Bomachoge Chache,Boochi/Tendere,Village/Farm,Chicken,Mixed,Unknown,Unknown,Unknown,Unknown,Unknown,Unknown,No
34.4425271,-1.0811745,Migori,Suna West,Ragana-Oruba,Market,Cattle,Mixed,No,No,Unknown,No,Unknown,No,Unknown
34.4425271,-1.0811745,Migori,Suna West,Ragana-Oruba,Market,Goats,Mixed,No,Unknown,No,No,No,Unknown,Unknown
34.4345558,-1.0743236,Migori,Suna West,Ragana-Oruba,Market,Sheep,Mixed,No,Unknown,No,No,Unknown,Unknown,Unknown
34.3856722,-1.190936,Migori,Kuria West,Nyamosense/Komosoko,Market,Cattle,Unknown,No,No,Unknown,No,Unknown,No,Unknown
34.6238969,-1.1899506,Migori,Kuria West,Bukira East,Village/Farm,Goats,Unknown,No,Unknown,No,No,No,Unknown,Unknown
0.0,0.0,Migori,Kuria East,Nyabasi East,Village/Farm,Cattle,Mixed,No,No,Unknown,No,Unknown,No,Unknown
39.5662963,-4.3367226,Kwale,Msambweni,Kinondo,Abattoir,Goats,Extensive,Unknown,Unknown,Unknown,Unknown,No,Unknown,Unknown
35.8690586,-1.0772746,Narok,Narok North,Narok Town,Village/Farm,Chicken,Intensive,Unknown,Unknown,Unknown,Unknown,Unknown,Unknown,Unknown
34.790822,-0.9187304,Kisii,Bomachoge Borabu,Bokimonge,Village/Farm,Cattle,Intensive,No,No,Unknown,Unknown,Unknown,No,Unknown
39.5662963,-4.3367226,Kwale,Msambweni,Kinondo,Abattoir,Cattle,Extensive,No,Unknown,Unknown,Unknown,Unknown,Unknown,Unknown
39.5620818,-4.280503,Kwale,Msambweni,Gombato Bongwe,Abattoir,Cattle,Extensive,No,No,Unknown,No,Unknown,No,Unknown
37.476179,0.361976,Isiolo,Isiolo North,Burat,Village/Farm,Sheep,Extensive,No,Unknown,No,No,Unknown,Unknown,Unknown
39.5600569,-4.2873105,Kwale,Msambweni,Ukunda,Village/Farm,Cattle,Mixed,No,Unknown,Unknown,Unknown,Unknown,Unknown,Unknown
37.476179,0.361976,Isiolo,Isiolo North,Burat,Village/Farm,Goats,Extensive,No,Unknown,No,No,No,Unknown,Unknown
39.5625622,-4.2805973,Kwale,Msambweni,Gombato Bongwe,Abattoir,Goats,Extensive,No,Unknown,No,No,No,Unknown,Unknown
34.4812668,-1.233262,Migori,Kuria West,Isibania,Abattoir,Cattle,Unknown,No,No,Unknown,No,Unknown,Unknown,Unknown
0.0,0.0,Migori,Kuria East,Nyabasi West,Village/Farm,Chicken,Mixed,Unknown,Unknown,Unknown,Unknown,Unknown,Unknown,No
34.4812668,-1.233262,Migori,Kuria West,Isibania,Abattoir,Goats,Unknown,No,Unknown,No,No,No,Unknown,Unknown
39.908845,-3.1902403,Kilifi,Magarini,Garashi,Crush,Cattle,Mixed,Unknown,Unknown,Unknown,No,Unknown,Unknown,Unknown
39.5644852,-4.3266482,Kwale,Msambweni,Kinondo,Village/Farm,Cattle,Intensive,Unknown,No,Unknown,Unknown,Unknown,Unknown,Unknown
34.7293583,-0.8930646,Kisii,Bomachoge Borabu,Bokimonge,Village/Farm,Cattle,Mixed,No,No,Unknown,No,Unknown,No,Unknown
34.4812668,-1.233262,Migori,Kuria West,Isibania,Abattoir,Cattle,Unknown,No,No,Unknown,No,Unknown,No,Unknown
34.4812668,-1.233262,Migori,Kuria West,Tagare,Abattoir,Cattle,Unknown,No,No,Unknown,No,Unknown,No,Unknown
34.7293583,-0.8930646,Kisii,Bomachoge Borabu,Bokimonge,Village/Farm,Goats,Mixed,No,Unknown,No,No,No,Unknown,Unknown
34.4812668,-1.233262,Migori,Kuria West,Nyamosense/Komosoko,Abattoir,Cattle,Unknown,No,No,Unknown,No,Unknown,No,Unknown
34.7148492,-0.8892822,Kisii,Bomachoge Borabu,Bokimonge,Village/Farm,Sheep,Mixed,No,Unknown,No,No,Unknown,Unknown,Unknown
39.5662963,-4.3367226,Kwale,Msambweni,Kinondo,Abattoir,Cattle,Extensive,Unknown,Unknown,Unknown,Unknown,Unknown,No,Unknown
34.3688508,-1.1104123,Migori,Suna West,Wasimbete,Market,Cattle,Mixed,No,No,Unknown,No,Unknown,No,Unknown
34.3738807,-1.109912,Migori,Suna West,Wasimbete,Market,Sheep,Mixed,No,Unknown,No,No,Unknown,Unknown,Unknown
34.4812668,-1.233262,Migori,Kuria West,Isibania,Abattoir,Goats,Unknown,No,Unknown,No,No,No,Unknown,Unknown
36.2676604,-1.0992918,Narok,Narok East,Suswa,Crush,Cattle,Unknown,Unknown,Unknown,Unknown,Unknown,Unknown,Unknown,Unknown
36.2676604,-1.0992918,Narok,Narok East,Suswa,Crush,Sheep,Unknown,Unknown,Unknown,Unknown,Unknown,Unknown,Unknown,Unknown
34.4414874,-1.1859065,Migori,Suna West,Wasimbete,Market,Goats,Mixed,No,Unknown,No,No,No,Unknown,Unknown
37.6607643,-0.3157206,Tharaka-Nithi,Chuka/Igambang'Ombe,Karingani,Abattoir,Goats,Unknown,Unknown,Unknown,Unknown,Unknown,Unknown,Unknown,Unknown
39.555874,-4.3663753,Kwale,Msambweni,Kinondo,Village/Farm,Chicken,Mixed,Unknown,Unknown,Unknown,Unknown,Unknown,Unknown,No
39.5368308,-4.3531904,Kwale,Msambweni,Kinondo,Abattoir,Cattle,Extensive,Unknown,No,Unknown,Unknown,Unknown,Unknown,Unknown
39.5208163,-4.3897068,Kwale,Msambweni,Kinondo,Village/Farm,Cattle,Mixed,No,Unknown,Unknown,Unknown,Unknown,Unknown,Unknown
38.0037763,-2.3441914,Makueni,Kibwezi West,Kikumbulyu North,Crush,Goats,Mixed,No,Unknown,No,No,No,Unknown,Unknown
39.5368308,-4.3531904,Kwale,Msambweni,Kinondo,Abattoir,Goats,Extensive,Unknown,Unknown,Unknown,Unknown,No,Unknown,Unknown
34.4812668,-1.233262,Migori,Kuria West,Isibania,Abattoir,Cattle,Unknown,No,No,Unknown,No,Unknown,No,Unknown
34.4812668,-1.233262,Migori,Kuria West,Isibania,Abattoir,Goats,Unknown,No,Unknown,No,No,No,Unknown,Unknown
34.6460472,-0.3883187,Homa Bay,Karachuonyo,Kendu Bay Town,Village/Farm,Sheep,Mixed,No,Unknown,No,No,Unknown,Unknown,Unknown
38.0041072,-2.3434415,Makueni,Kibwezi West,Kikumbulyu North,Crush,Cattle,Mixed,No,Unknown,Unknown,No,Unknown,No,Unknown
34.4812668,-1.233262,Migori,Kuria West,Nyamosense/Komosoko,Abattoir,Cattle,Unknown,No,No,Unknown,No,Unknown,No,Unknown
36.692734,1.0922819,Samburu,Samburu West,Maralal,Crush,Cattle,Mixed,No,Unknown,Unknown,No,Unknown,No,Unknown
34.4761375,-1.2429839,Migori,Kuria West,Nyamosense/Komosoko,Abattoir,Goats,Unknown,No,Unknown,No,No,No,Unknown,Unknown
36.6927725,1.0922512,Samburu,Samburu West,Maralal,Village/Farm,Cattle,Mixed,No,Unknown,Unknown,No,Unknown,No,Unknown
36.6927725,1.0922512,Samburu,Samburu West,Maralal,Village/Farm,Sheep,Mixed,No,Unknown,No,No,Unknown,Unknown,Unknown
34.6512568,-0.6885474,Kisii,Bonchari,Riana,Market,Cattle,Unknown,No,No,Unknown,No,Unknown,No,Unknown
34.8674173,-0.4167368,Homa Bay,Kabondo Kasipul,Kabondo East,Village/Farm,Chicken,Mixed,Unknown,Unknown,Unknown,Unknown,Unknown,Unknown,No
35.8540672,-1.7578906,Narok,Narok South,Loita,Village/Farm,Cattle,Mixed,No,No,Unknown,Unknown,Unknown,No,Unknown
37.588975,0.348007,Isiolo,Isiolo North,Wabera,Village/Farm,Cattle,Extensive,No,No,Unknown,No,Unknown,No,Unknown
37.578107,0.334781,Isiolo,Isiolo North,Wabera,Village/Farm,Sheep,Extensive,No,Unknown,No,No,Unknown,Unknown,Unknown
36.6927725,1.0922512,Samburu,Samburu West,Maralal,Village/Farm,Chicken,Mixed,Unknown,Unknown,Unknown,Unknown,Unknown,Unknown,No
35.1383948,0.2083801,Nandi,Emgwen,Kilibwoni,Village/Farm,Cattle,Mixed,Unknown,No,Unknown,No,Unknown,No,Unknown
35.1383948,0.1743333,Nandi,Emgwen,Kilibwoni,Village/Farm,Sheep,Mixed,No,Unknown,No,No,Unknown,Unknown,Unknown
37.578107,0.334781,Isiolo,Isiolo North,Wabera,Village/Farm,Goats,Extensive,No,Unknown,No,No,No,Unknown,Unknown
37.588975,0.348007,Isiolo,Isiolo North,Wabera,Village/Farm,Sheep,Extensive,No,Unknown,No,No,Unknown,Unknown,Unknown
39.5414413,-4.3178276,Kwale,Msambweni,Ukunda,Village/Farm,Goats,Mixed,Unknown,Unknown,Unknown,Unknown,No,Unknown,Unknown
39.5414413,-4.3178276,Kwale,Msambweni,Ukunda,Village/Farm,Goats,Mixed,No,Unknown,Unknown,Unknown,Unknown,Unknown,Unknown
34.7905276,-0.9261366,Kisii,Bomachoge Borabu,Bokimonge,Village/Farm,Cattle,Mixed,No,No,Unknown,No,Unknown,Unknown,Unknown
37.588975,0.348007,Isiolo,Isiolo North,Wabera,Village/Farm,Goats,Extensive,No,Unknown,No,No,No,Unknown,Unknown
37.588975,0.348007,Isiolo,Isiolo North,Wabera,Village/Farm,Chicken,Extensive,Unknown,Unknown,Unknown,Unknown,Unknown,Unknown,No
34.8011767,-0.9375734,Kisii,Bomachoge Borabu,Bokimonge,Village/Farm,Cattle,Mixed,No,No,Unknown,No,Unknown,No,Unknown
34.7196858,-0.902772,Kisii,Bomachoge Borabu,Magenche,Village/Farm,Cattle,Mixed,No,No,Unknown,No,Unknown,Unknown,Unknown
34.7193404,-0.9000669,Kisii,Bomachoge Borabu,Magenche,Village/Farm,Cattle,Mixed,No,No,Unknown,Unknown,Unknown,No,Unknown
37.4156008,-2.0477221,Makueni,Kaiti,Ukia,Village/Farm,Cattle,Mixed,No,No,Unknown,No,Unknown,No,Unknown
34.4432203,-1.1686977,Migori,Kuria West,Tagare,Abattoir,Cattle,Unknown,No,No,Unknown,No,Unknown,No,Unknown
37.4450982,-1.7403828,Makueni,Kaiti,Ukia,Village/Farm,Goats,Mixed,No,Unknown,No,No,No,Unknown,Unknown
37.9622782,-2.409535,Makueni,Kibwezi East,Thange,Crush,Cattle,Mixed,No,No,Unknown,No,Unknown,No,Unknown
34.3813043,-1.1063918,Migori,Kuria West,Tagare,Abattoir,Goats,Unknown,No,Unknown,No,No,No,Unknown,Unknown
34.0740603,-0.7332769,Homa Bay,Suba,Gwassi South,Village/Farm,Cattle,Intensive,No,No,Unknown,No,Unknown,No,Unknown
36.6927016,1.0924499,Samburu,Samburu West,Maralal,Village/Farm,Goats,Mixed,No,Unknown,No,Unknown,No,Unknown,Unknown
34.480641,-1.235934,Migori,Kuria West,Isibania,Abattoir,Cattle,Unknown,No,No,Unknown,No,Unknown,No,Unknown
37.506042,0.342844,Isiolo,Isiolo North,Burat,Village/Farm,Sheep,Extensive,No,Unknown,No,No,Unknown,Unknown,Unknown
37.476179,0.361976,Isiolo,Isiolo North,Ngare Mara,Village/Farm,Goats,Extensive,No,Unknown,No,No,No,Unknown,Unknown
37.476179,0.361976,Isiolo,Isiolo North,Ngare Mara,Village/Farm,Sheep,Extensive,No,Unknown,No,No,Unknown,Unknown,Unknown
37.476179,0.361976,Isiolo,Isiolo North,Ngare Mara,Village/Farm,Goats,Extensive,No,Unknown,No,No,No,Unknown,Unknown
37.58904,0.347992,Isiolo,Isiolo North,Wabera,Village/Farm,Goats,Intensive,No,Unknown,No,No,No,Unknown,Unknown
34.677625,-0.41429,Homa Bay,Karachuonyo,Kendu Bay Town,Village/Farm,Cattle,Mixed,No,No,Unknown,No,Unknown,No,Unknown
34.677625,-0.41429,Homa Bay,Karachuonyo,Kendu Bay Town,Village/Farm,Chicken,Mixed,Unknown,Unknown,Unknown,Unknown,Unknown,Unknown,No
34.480641,-1.2341886,Migori,Kuria West,Isibania,Abattoir,Cattle,Unknown,No,No,Unknown,No,Unknown,No,Unknown
37.9577669,-2.4073668,Makueni,Kibwezi East,Thange,Crush,Goats,Mixed,No,Unknown,No,No,No,Unknown,Unknown
37.9564424,-2.406175,Makueni,Kibwezi East,Thange,Crush,Sheep,Mixed,No,Unknown,No,No,Unknown,Unknown,Unknown
37.162545,-1.8989716666666667,Makueni,Kilome,Kiima Kiu/Kalanzoni,Crush,Cattle,Mixed,No,No,Unknown,No,Unknown,No,Unknown
37.16242,-1.898906666666667,Makueni,Kilome,Kiima Kiu/Kalanzoni,Crush,Goats,Mixed,No,Unknown,No,No,No,Unknown,Unknown
35.8700806,-1.0804347,Narok,Narok North,Narok Town,Village/Farm,Chicken,Intensive,Unknown,Unknown,Unknown,Unknown,Unknown,Unknown,Unknown
36.692604,1.0926162,Samburu,Samburu West,Maralal,Village/Farm,Chicken,Unknown,Unknown,Unknown,Unknown,Unknown,Unknown,Unknown,No
36.692604,1.0926162,Samburu,Samburu West,Maralal,Village/Farm,Goats,Mixed,No,Unknown,No,Unknown,No,Unknown,Unknown
36.6927725,1.0922512,Samburu,Samburu West,Maralal,Crush,Cattle,Mixed,No,Unknown,Unknown,No,Unknown,No,Unknown
36.692604,1.0926162,Samburu,Samburu West,Maralal,Village/Farm,Sheep,Mixed,No,Unknown,No,Unknown,Unknown,Unknown,Unknown
37.506042,0.342844,Isiolo,Isiolo North,Burat,Village/Farm,Sheep,Extensive,No,Unknown,No,No,Unknown,Unknown,Unknown
37.506042,0.342844,Isiolo,Isiolo North,Burat,Village/Farm,Goats,Extensive,No,Unknown,No,No,No,Unknown,Unknown
37.506042,0.342844,Isiolo,Isiolo North,Burat,Village/Farm,Sheep,Extensive,No,Unknown,No,No,Unknown,Unknown,Unknown
34.631057,-1.1857915,Migori,Kuria West,Bukira Centrl/Ikerege,Village/Farm,Chicken,Mixed,Unknown,Unknown,Unknown,Unknown,Unknown,Unknown,No
34.4792553,-1.232713,Migori,Kuria West,Isibania,Abattoir,Goats,Unknown,No,Unknown,No,No,No,Unknown,Unknown
34.480641,-1.2341886,Migori,Kuria West,Isibania,Abattoir,Goats,Unknown,No,Unknown,No,No,No,Unknown,Unknown
34.4473789,-1.1703824,Migori,Kuria West,Tagare,Market,Cattle,Unknown,No,No,Unknown,No,Unknown,No,Unknown
34.4463393,-1.169152,Migori,Kuria West,Tagare,Market,Cattle,Unknown,No,No,Unknown,No,Unknown,No,Unknown
37.506042,0.342844,Isiolo,Isiolo North,Burat,Village/Farm,Goats,Extensive,No,Unknown,No,No,No,Unknown,Unknown
34.4809127,-1.2325178,Migori,Kuria West,Isibania,Abattoir,Cattle,Unknown,No,No,Unknown,No,Unknown,No,Unknown
34.4809127,-1.2325178,Migori,Kuria West,Isibania,Abattoir,Goats,Unknown,No,Unknown,No,No,No,Unknown,Unknown
34.4809127,-1.2325178,Migori,Kuria West,Isibania,Abattoir,Cattle,Unknown,No,No,Unknown,No,Unknown,No,Unknown
34.4809127,-1.2325178,Migori,Kuria West,Isibania,Abattoir,Goats,Unknown,No,Unknown,No,No,No,Unknown,Unknown
34.4809127,-1.2325178,Migori,Kuria West,Nyamosense/Komosoko,Abattoir,Cattle,Unknown,No,No,Unknown,No,Unknown,No,Unknown
34.4750982,-1.2432488,Migori,Kuria West,Nyamosense/Komosoko,Abattoir,Goats,Unknown,No,Unknown,No,No,No,Unknown,Unknown
34.7260983,-0.7955315,Kisii,Bobasi,Bobasi Boitangare,Village/Farm,Chicken,Mixed,Unknown,Unknown,Unknown,Unknown,Unknown,Unknown,No
37.6123164,-1.8297576,Makueni,Makueni,Kathonzweni,Village/Farm,Cattle,Mixed,No,No,Unknown,No,Unknown,No,Unknown
34.7260983,-0.7955315,Kisii,Bobasi,Bobasi Boitangare,Village/Farm,Cattle,Mixed,No,No,Unknown,No,Unknown,No,Unknown
39.5643379,-4.2770755,Kwale,Msambweni,Gombato Bongwe,Abattoir,Cattle,Extensive,No,No,Unknown,No,Unknown,No,Unknown
0.0,0.0,Baringo,Baringo Central,Kapropita,Village/Farm,Cattle,Mixed,No,No,Unknown,No,Unknown,No,Unknown
39.5607059,-4.3480162,Kwale,Msambweni,Kinondo,Abattoir,Cattle,Extensive,No,Unknown,Unknown,Unknown,Unknown,Unknown,Unknown
35.0988528,-0.5057904,Kericho,Bureti,Kisiara,Village/Farm,Cattle,Mixed,No,No,Unknown,Unknown,Unknown,No,Unknown
39.5943105,-4.1861509,Kwale,Matuga,Waa,Village/Farm,Cattle,Intensive,No,No,Unknown,No,Unknown,No,Unknown
0.0,0.0,Tharaka-Nithi,Chuka/Igambang'Ombe,Karingani,Village/Farm,Cattle,Intensive,No,No,Unknown,No,Unknown,No,Unknown
39.5368308,-4.3531904,Kwale,Msambweni,Kinondo,Village/Farm,Cattle,Mixed,Unknown,No,Unknown,Unknown,Unknown,Unknown,Unknown
35.7695677,0.4833873,Baringo,Baringo Central,Ewalel/Chapchap,Village/Farm,Sheep,Extensive,No,Unknown,No,No,Unknown,Unknown,Unknown
0.0,0.0,Kisii,Nyaribari Masaba,Kiamokama,Village/Farm,Chicken,Unknown,Unknown,Unknown,Unknown,Unknown,Unknown,Unknown,No
0.0,0.0,Kisii,Nyaribari Masaba,Kiamokama,Village/Farm,Goats,Mixed,No,Unknown,No,No,No,Unknown,Unknown
0.0,0.0,Kisii,Nyaribari Masaba,Kiamokama,Village/Farm,Sheep,Mixed,No,Unknown,No,No,Unknown,Unknown,Unknown
34.4809127,-1.2325178,Migori,Kuria West,Isibania,Abattoir,Cattle,Unknown,No,No,Unknown,No,Unknown,No,Unknown
34.4809127,-1.2325178,Migori,Kuria West,Isibania,Abattoir,Goats,Unknown,No,Unknown,No,No,No,Unknown,Unknown
34.4809127,-1.2325178,Migori,Kuria West,Isibania,Abattoir,Cattle,Unknown,No,No,Unknown,No,Unknown,No,Unknown
34.4809127,-1.2325178,Migori,Kuria West,Isibania,Abattoir,Goats,Unknown,No,Unknown,No,No,Unknown,Unknown,Unknown
38.0156874,-2.5080509,Makueni,Kibwezi East,Thange,Market,Goats,Mixed,No,Unknown,No,No,No,Unknown,Unknown
37.9405468,0.3514778,Meru,Igembe North,Antuambui,Abattoir,Goats,Extensive,No,Unknown,No,No,No,Unknown,Unknown
34.4712968,-1.0758619,Migori,Kuria West,Tagare,Abattoir,Cattle,Unknown,No,No,Unknown,No,Unknown,No,Unknown
34.4972673,-1.1545073,Migori,Kuria West,Tagare,Village/Farm,Cattle,Mixed,No,No,Unknown,No,Unknown,No,Unknown
34.6204511,-1.1918638,Migori,Kuria West,Bukira East,Village/Farm,Cattle,Mixed,No,No,Unknown,No,Unknown,No,Unknown
34.631057,-1.1857915,Migori,Kuria West,Bukira East,Abattoir,Cattle,Unknown,No,No,Unknown,No,Unknown,No,Unknown
34.4826113,-1.2345491,Migori,Kuria West,Isibania,Village/Farm,Cattle,Unknown,No,No,Unknown,No,Unknown,No,Unknown
0.0,0.0,Mandera,Mandera East,Khalalio,Village/Farm,Cattle,Intensive,No,No,Unknown,No,Unknown,No,Unknown
0.0,0.0,Kwale,Msambweni,Gombato Bongwe,Village/Farm,Cattle,Mixed,Unknown,No,Unknown,Unknown,Unknown,Unknown,Unknown
39.5368694,-4.3532175,Kwale,Msambweni,Kinondo,Village/Farm,Cattle,Intensive,Unknown,Unknown,Unknown,No,Unknown,Unknown,Unknown
34.4217308,-1.1964044,Migori,Kuria West,Nyamosense/Komosoko,Market,Cattle,Unknown,No,No,Unknown,No,Unknown,No,Unknown
34.6204511,-1.1918638,Migori,Kuria West,Bukira East,Market,Goats,Unknown,No,Unknown,No,No,No,Unknown,Unknown
36.7054105,1.0918299,Samburu,Samburu West,Maralal,Market,Cattle,Extensive,No,No,Unknown,No,Unknown,No,Unknown
36.7054105,1.0918299,Samburu,Samburu West,Maralal,Market,Sheep,Extensive,No,Unknown,No,No,Unknown,Unknown,Unknown
36.7054105,1.0918299,Samburu,Samburu West,Maralal,Market,Goats,Extensive,No,Unknown,No,No,No,Unknown,Unknown
36.7054105,1.0918299,Samburu,Samburu West,Maralal,Market,Chicken,Extensive,Unknown,Unknown,Unknown,Unknown,Unknown,Unknown,No
35.9791784,0.4732694,Baringo,Baringo Central,Ewalel/Chapchap,Village/Farm,Cattle,Extensive,No,No,Unknown,No,Unknown,No,Unknown
34.6661223,-0.6548965,Kisii,Bonchari,Riana,Village/Farm,Cattle,Intensive,No,No,Unknown,No,Unknown,No,Unknown
34.8712108,-0.8264706,Kisii,Bobasi,Basi Central,Village/Farm,Cattle,Mixed,No,No,Unknown,No,Unknown,No,Unknown
34.480641,-1.235934,Migori,Kuria West,Isibania,Abattoir,Cattle,Unknown,No,No,Unknown,No,Unknown,No,Unknown
34.480641,-1.235934,Migori,Kuria West,Isibania,Abattoir,Goats,Unknown,No,Unknown,No,No,No,Unknown,Unknown
34.480641,-1.2341886,Migori,Kuria West,Isibania,Abattoir,Cattle,Unknown,No,No,Unknown,No,Unknown,No,Unknown
34.480641,-1.2341886,Migori,Kuria West,Isibania,Abattoir,Goats,Unknown,No,Unknown,No,No,No,Unknown,Unknown
34.4747518,-1.2427551,Migori,Kuria West,Nyamosense/Komosoko,Abattoir,Cattle,Unknown,No,No,Unknown,No,Unknown,No,Unknown
34.4747518,-1.2427551,Migori,Kuria West,Nyamosense/Komosoko,Abattoir,Goats,Unknown,No,Unknown,No,No,No,Unknown,Unknown
39.4589758,-4.1785114,Kwale,Matuga,Kubo South,Village/Farm,Cattle,Intensive,Unknown,Unknown,Unknown,Unknown,Unknown,No,Unknown
39.5368694,-4.3532175,Kwale,Msambweni,Kinondo,Village/Farm,Cattle,Intensive,No,Unknown,Unknown,Unknown,Unknown,Unknown,Unknown
39.5663594,-4.3364407,Kwale,Msambweni,Kinondo,Village/Farm,Cattle,Intensive,Unknown,Unknown,Unknown,Unknown,Unknown,No,Unknown
39.5447531,-4.3196025,Kwale,Msambweni,Kinondo,Village/Farm,Cattle,Intensive,No,Unknown,Unknown,Unknown,Unknown,Unknown,Unknown
34.4747518,-1.2090988,Migori,Kuria West,Tagare,Abattoir,Cattle,Unknown,No,No,Unknown,No,Unknown,No,Unknown
39.5708773,-4.2800126,Kwale,Msambweni,Gombato Bongwe,Village/Farm,Goats,Extensive,No,Unknown,No,No,No,Unknown,Unknown
34.3872779,-1.1879358,Migori,Kuria West,Nyamosense/Komosoko,Market,Cattle,Unknown,No,No,Unknown,No,Unknown,No,Unknown
34.4675574,-1.2008185,Migori,Kuria West,Tagare,Abattoir,Cattle,Unknown,No,No,Unknown,No,Unknown,No,Unknown
34.4435668,-1.1674479,Migori,Kuria West,Tagare,Abattoir,Cattle,Unknown,No,No,Unknown,No,Unknown,No,Unknown
34.4435668,-1.1674479,Migori,Kuria West,Tagare,Abattoir,Cattle,Unknown,No,No,Unknown,No,Unknown,No,Unknown
34.4435668,-1.1674479,Migori,Kuria West,Tagare,Market,Chicken,Unknown,Unknown,Unknown,Unknown,Unknown,Unknown,Unknown,No
34.4494582,-1.1823063,Migori,Kuria West,Tagare,Market,Cattle,Unknown,No,No,Unknown,No,Unknown,No,Unknown
34.4435668,-1.1674479,Migori,Kuria West,Tagare,Abattoir,Goats,Unknown,No,Unknown,No,No,No,Unknown,Unknown
34.6212033,-1.1925168,Migori,Kuria West,Bukira East,Village/Farm,Goats,Mixed,No,Unknown,No,No,No,Unknown,Unknown
34.4435668,-1.1674479,Migori,Kuria West,Tagare,Abattoir,Goats,Unknown,No,Unknown,No,No,No,Unknown,Unknown
34.8705211,-0.4605964,Homa Bay,Kabondo Kasipul,Kojwach,Village/Farm,Chicken,Mixed,Unknown,Unknown,Unknown,Unknown,Unknown,Unknown,No
34.4435668,-1.1674479,Migori,Kuria West,Nyamosense/Komosoko,Village/Farm,Cattle,Unknown,No,No,Unknown,No,Unknown,No,Unknown
39.4995386,2.7914079,Wajir,Wajir North,Batalu,Village/Farm,Cattle,Extensive,No,No,Unknown,No,Unknown,No,Unknown
34.4435668,-1.1674479,Migori,Kuria West,Tagare,Market,Sheep,Unknown,No,Unknown,No,No,Unknown,Unknown,Unknown
39.5014787,2.7886388,Wajir,Wajir North,Batalu,Market,Goats,Extensive,No,Unknown,No,No,No,Unknown,Unknown
34.4761375,-1.2402403,Migori,Kuria West,Nyamosense/Komosoko,Abattoir,Cattle,Unknown,No,No,Unknown,No,Unknown,No,Unknown
39.5841519,-4.2167172,Kwale,Matuga,Tiwi,Village/Farm,Cattle,Intensive,Unknown,Unknown,Unknown,Unknown,Unknown,No,Unknown
39.5841519,-4.2167172,Kwale,Matuga,Tiwi,Village/Farm,Chicken,Extensive,Unknown,Unknown,Unknown,Unknown,Unknown,Unknown,No
34.6305035,-1.1859207,Migori,Kuria West,Bukira East,Abattoir,Cattle,Unknown,No,No,Unknown,No,Unknown,No,Unknown
34.6305035,-1.1859207,Migori,Kuria West,Bukira East,Abattoir,Goats,Unknown,No,Unknown,No,No,No,Unknown,Unknown
34.5964107,-1.1942622,Migori,Kuria West,Bukira East,Abattoir,Cattle,Unknown,No,No,Unknown,No,Unknown,No,Unknown
34.5964107,-1.1942622,Migori,Kuria West,Bukira East,Abattoir,Goats,Unknown,No,Unknown,No,No,No,Unknown,Unknown
34.480641,-1.2344379,Migori,Kuria West,Isibania,Abattoir,Cattle,Unknown,No,No,Unknown,No,Unknown,No,Unknown
34.480641,-1.2344379,Migori,Kuria West,Isibania,Abattoir,Goats,Unknown,No,Unknown,No,No,No,Unknown,Unknown
34.4494582,-1.1823063,Migori,Kuria West,Tagare,Market,Goats,Unknown,No,Unknown,No,No,No,Unknown,Unknown
38.0156874,-2.5080509,Makueni,Kibwezi East,Thange,Market,Sheep,Mixed,No,Unknown,No,No,Unknown,Unknown,Unknown
35.1349571,0.2045507,Nandi,Emgwen,Kapsabet,Village/Farm,Cattle,Intensive,No,No,Unknown,No,Unknown,No,Unknown
35.1349571,0.2045507,Nandi,Emgwen,Kapsabet,Village/Farm,Sheep,Intensive,No,Unknown,No,No,Unknown,Unknown,Unknown
35.1349571,0.2045507,Nandi,Emgwen,Kapsabet,Village/Farm,Chicken,Mixed,Unknown,Unknown,Unknown,Unknown,Unknown,Unknown,No
35.1349571,0.2045507,Nandi,Emgwen,Kapsabet,Village/Farm,Cattle,Extensive,No,No,Unknown,No,Unknown,No,Unknown
34.3775923,-1.107784,Migori,Kuria West,Tagare,Abattoir,Cattle,Unknown,No,No,Unknown,No,Unknown,No,Unknown
34.7680372,-0.0837794,Kisumu,Kisumu Central,Railways,Village/Farm,Cattle,Intensive,No,No,Unknown,No,Unknown,No,Unknown
34.3775923,-1.107784,Migori,Kuria West,Tagare,Abattoir,Goats,Unknown,No,Unknown,No,No,No,Unknown,Unknown
34.7680372,-0.0837794,Kisumu,Kisumu Central,Railways,Village/Farm,Cattle,Intensive,No,No,Unknown,No,Unknown,No,Unknown
37.1906637,-1.685969,Makueni,Kilome,Kiima Kiu/Kalanzoni,Crush,Cattle,Mixed,No,No,Unknown,No,Unknown,No,Unknown
34.7680372,-0.0837794,Kisumu,Kisumu Central,Railways,Village/Farm,Cattle,Intensive,No,No,Unknown,No,Unknown,No,Unknown
34.5964107,-1.1942622,Migori,Kuria West,Bukira East,Abattoir,Cattle,Unknown,No,No,Unknown,No,Unknown,No,Unknown
36.7054105,1.0918299,Samburu,Samburu West,Maralal,Market,Cattle,Extensive,No,No,Unknown,No,Unknown,No,Unknown
34.3867126,-1.1854369,Migori,Kuria West,Nyamosense/Komosoko,Village/Farm,Cattle,Mixed,No,No,Unknown,No,Unknown,No,Unknown
36.7009452,1.0946131,Samburu,Samburu West,Maralal,Market,Goats,Extensive,No,Unknown,No,No,No,Unknown,Unknown
34.5964107,-1.1942622,Migori,Kuria West,Bukira East,Abattoir,Goats,Unknown,No,Unknown,No,No,No,Unknown,Unknown
37.9690239,-2.4089742,Makueni,Kibwezi West,Kikumbulyu South,Abattoir,Cattle,Unknown,No,No,Unknown,No,Unknown,No,Unknown
36.7054105,1.0918299,Samburu,Samburu West,Maralal,Market,Chicken,Extensive,Unknown,Unknown,Unknown,Unknown,Unknown,Unknown,No
35.1095138,0.2055744,Nandi,Chesumei,Chemundu/Kapng'Etuny,Village/Farm,Cattle,Mixed,No,No,Unknown,No,Unknown,No,Unknown
37.27253333333333,-1.7452766666666668,Makueni,Kilome,Kasikeu,Crush,Sheep,Mixed,No,Unknown,No,No,Unknown,Unknown,Unknown
37.27263833333333,-1.7451783333333335,Makueni,Kilome,Kiima Kiu/Kalanzoni,Crush,Goats,Mixed,No,Unknown,No,No,No,Unknown,Unknown
35.1077944,0.2096584,Nandi,Chesumei,Chemundu/Kapng'Etuny,Village/Farm,Sheep,Mixed,No,Unknown,No,No,Unknown,Unknown,Unknown
37.27260166666667,-1.7452083333333337,Makueni,Kilome,Kiima Kiu/Kalanzoni,Crush,Cattle,Mixed,No,No,Unknown,No,Unknown,No,Unknown
34.7590597,-0.7625749,Kisii,Bobasi,Bobasi Chache,Village/Farm,Chicken,Mixed,Unknown,Unknown,Unknown,Unknown,Unknown,Unknown,No
37.9670375,-2.4105214,Makueni,Kibwezi West,Kikumbulyu South,Abattoir,Goats,Unknown,No,Unknown,No,No,No,Unknown,Unknown
34.4747518,-1.2427551,Migori,Kuria West,Nyamosense/Komosoko,Abattoir,Cattle,Unknown,No,No,Unknown,No,Unknown,No,Unknown
34.4681692,-1.1977327,Migori,Kuria West,Tagare,Market,Cattle,Unknown,No,No,Unknown,No,Unknown,No,Unknown
34.7633277,-0.1120025,Homa Bay,Karachuonyo,Kendu Bay Town,Village/Farm,Sheep,Mixed,No,Unknown,Unknown,No,Unknown,Unknown,Unknown
34.7633277,-0.1120025,Homa Bay,Karachuonyo,Kendu Bay Town,Village/Farm,Chicken,Mixed,Unknown,Unknown,Unknown,Unknown,Unknown,Unknown,No
34.7531893,-0.7486589,Kisii,Nyaribari Chache,Kiogoro,Village/Farm,Chicken,Mixed,Unknown,Unknown,Unknown,Unknown,Unknown,Unknown,No
35.8700806,-1.0806789,Narok,Narok North,Narok Town,Village/Farm,Chicken,Unknown,Unknown,Unknown,Unknown,Unknown,Unknown,Unknown,Unknown
0.0,0.0,Kisii,Nyaribari Masaba,Kiamokama,Village/Farm,Chicken,Extensive,Unknown,Unknown,Unknown,Unknown,Unknown,Unknown,No
38.0156874,-2.5080509,Makueni,Kibwezi East,Thange,Market,Chicken,Mixed,Unknown,Unknown,Unknown,Unknown,Unknown,Unknown,No
34.7633277,-0.1120025,Homa Bay,Karachuonyo,Kendu Bay Town,Village/Farm,Goats,Mixed,No,Unknown,No,No,No,Unknown,Unknown
34.7082847,-0.5383963,Homa Bay,Kasipul,West Kasipul,Village/Farm,Cattle,Mixed,No,No,Unknown,No,Unknown,No,Unknown
35.1239556,0.2180161,Nandi,Chesumei,Chemundu/Kapng'Etuny,Village/Farm,Chicken,Mixed,Unknown,Unknown,Unknown,Unknown,Unknown,Unknown,No
34.7082847,-0.5383963,Homa Bay,Kasipul,West Kasipul,Village/Farm,Chicken,Mixed,Unknown,Unknown,Unknown,Unknown,Unknown,Unknown,No
37.33693166666667,-1.9084916666666667,Makueni,Kilome,Kasikeu,Village/Farm,Cattle,Mixed,No,No,Unknown,No,Unknown,No,Unknown
36.6999342,1.0919681,Samburu,Samburu West,Maralal,Market,Goats,Extensive,No,Unknown,No,No,No,Unknown,Unknown
37.560489,0.356704,Isiolo,Isiolo North,Burat,Village/Farm,Goats,Extensive,No,Unknown,No,No,No,Unknown,Unknown
0.0,0.0,Kisii,Nyaribari Masaba,Kiamokama,Village/Farm,Goats,Unknown,No,Unknown,No,No,No,Unknown,Unknown
37.597919,0.341102,Isiolo,Isiolo North,Wabera,Village/Farm,Chicken,Extensive,Unknown,Unknown,Unknown,Unknown,Unknown,Unknown,No
37.597919,0.341102,Isiolo,Isiolo North,Wabera,Village/Farm,Goats,Extensive,No,Unknown,No,No,No,Unknown,Unknown
37.597919,0.341102,Isiolo,Isiolo North,Wabera,Village/Farm,Cattle,Intensive,No,No,Unknown,No,Unknown,No,Unknown
37.597919,0.341102,Isiolo,Isiolo North,Wabera,Village/Farm,Sheep,Extensive,No,Unknown,No,No,Unknown,Unknown,Unknown
34.7469732,-0.7577837,Kisii,South Mugirango,Tabaka,Village/Farm,Cattle,Mixed,No,No,Unknown,No,Unknown,No,Unknown
39.5625622,-4.2805973,Kwale,Msambweni,Gombato Bongwe,Abattoir,Cattle,Extensive,No,No,Unknown,No,Unknown,No,Unknown
39.5621555,-4.2804929,Kwale,Msambweni,Gombato Bongwe,Abattoir,Goats,Extensive,No,Unknown,No,No,No,Unknown,Unknown
35.560489,0.356704,Isiolo,Isiolo North,Burat,Village/Farm,Chicken,Extensive,Unknown,Unknown,Unknown,Unknown,Unknown,Unknown,No
37.560489,0.356704,Isiolo,Isiolo North,Burat,Village/Farm,Goats,Extensive,No,Unknown,No,No,No,Unknown,Unknown
37.560489,0.356704,Isiolo,Isiolo North,Burat,Village/Farm,Sheep,Extensive,No,Unknown,No,No,Unknown,Unknown,Unknown
39.5621555,-4.2804929,Kwale,Msambweni,Gombato Bongwe,Abattoir,Cattle,Extensive,No,No,Unknown,No,Unknown,No,Unknown
39.5621555,-4.2804929,Kwale,Msambweni,Gombato Bongwe,Abattoir,Goats,Extensive,No,Unknown,No,No,No,Unknown,Unknown
34.7300491,-0.5192629,Homa Bay,Kasipul,South Kasipul,Village/Farm,Chicken,Intensive,Unknown,Unknown,Unknown,Unknown,Unknown,Unknown,No
37.560489,0.356704,Isiolo,Isiolo North,Burat,Village/Farm,Sheep,Extensive,No,Unknown,No,No,Unknown,Unknown,Unknown
37.560489,0.356704,Isiolo,Isiolo North,Burat,Village/Farm,Goats,Extensive,No,Unknown,No,No,No,Unknown,Unknown
35.1070932,0.2040152,Nandi,Chesumei,Chemundu/Kapng'Etuny,Village/Farm,Cattle,Intensive,No,No,Unknown,No,Unknown,No,Unknown
36.7054105,1.0918299,Samburu,Samburu West,Maralal,Market,Chicken,Extensive,Unknown,Unknown,Unknown,Unknown,Unknown,Unknown,No
34.3690248,-0.7309601,Homa Bay,Ndhiwa,Kanyamwa Kosewe,Village/Farm,Chicken,Mixed,Unknown,Unknown,Unknown,Unknown,Unknown,Unknown,No
34.3690248,-0.7309601,Homa Bay,Ndhiwa,Kanyamwa Kosewe,Village/Farm,Cattle,Mixed,No,No,Unknown,No,Unknown,No,Unknown
37.560489,0.356704,Isiolo,Isiolo North,Burat,Village/Farm,Sheep,Extensive,No,Unknown,No,No,Unknown,Unknown,Unknown
38.0156874,-2.5080509,Makueni,Kibwezi East,Thange,Market,Sheep,Mixed,No,Unknown,No,No,Unknown,Unknown,Unknown
37.27119666666667,-1.8964033333333328,Makueni,Kilome,Kiima Kiu/Kalanzoni,Crush,Sheep,Mixed,No,Unknown,No,No,Unknown,Unknown,Unknown
35.7605693,0.4836717,Baringo,Baringo Central,Ewalel/Chapchap,Village/Farm,Sheep,Mixed,No,Unknown,No,No,Unknown,Unknown,Unknown
37.27119833333334,-1.8963583333333327,Makueni,Kilome,Kiima Kiu/Kalanzoni,Crush,Goats,Mixed,No,Unknown,No,No,No,Unknown,Unknown
34.6125896,-0.8084125,Kisii,South Mugirango,Borabu / Chitago,Village/Farm,Chicken,Extensive,Unknown,Unknown,Unknown,Unknown,Unknown,Unknown,No
37.271166666666666,-1.8963683333333337,Makueni,Kilome,Kiima Kiu/Kalanzoni,Crush,Cattle,Mixed,No,No,Unknown,No,Unknown,No,Unknown
36.6999342,1.0919681,Samburu,Samburu West,Maralal,Market,Cattle,Extensive,No,No,Unknown,No,Unknown,No,Unknown
34.6263601,-0.8124463,Kisii,South Mugirango,Bogetenga,Village/Farm,Chicken,Extensive,Unknown,Unknown,Unknown,Unknown,Unknown,Unknown,No
36.7054105,1.0918299,Samburu,Samburu West,Maralal,Market,Sheep,Extensive,No,Unknown,No,No,Unknown,Unknown,Unknown
0.789,0.09,Tharaka-Nithi,Chuka/Igambang'Ombe,Karingani,Village/Farm,Goats,Mixed,Unknown,Unknown,Unknown,Unknown,No,Unknown,Unknown
37.957087,0.522186,Isiolo,Isiolo North,Ngare Mara,Village/Farm,Sheep,Extensive,No,Unknown,No,No,Unknown,Unknown,Unknown
37.957087,0.522186,Isiolo,Isiolo North,Ngare Mara,Village/Farm,Sheep,Extensive,No,Unknown,No,No,Unknown,Unknown,Unknown
37.957087,0.522186,Isiolo,Isiolo North,Ngare Mara,Village/Farm,Goats,Extensive,No,Unknown,No,No,No,Unknown,Unknown
37.957087,0.522186,Isiolo,Isiolo North,Ngare Mara,Village/Farm,Goats,Extensive,No,Unknown,No,No,No,Unknown,Unknown
37.957087,0.522186,Isiolo,Isiolo North,Ngare Mara,Village/Farm,Sheep,Extensive,No,Unknown,No,No,Unknown,Unknown,Unknown
34.7248676,-0.7972399,Kisii,Bomachoge Borabu,Bokimonge,Village/Farm,Cattle,Mixed,No,No,Unknown,No,Unknown,No,Unknown
34.6306722,-0.8096767,Kisii,South Mugirango,Bogetenga,Village/Farm,Chicken,Intensive,Unknown,Unknown,Unknown,Unknown,Unknown,Unknown,No
37.957087,0.522186,Isiolo,Isiolo North,Ngare Mara,Village/Farm,Sheep,Extensive,No,Unknown,No,No,Unknown,Unknown,Unknown
34.6155923,-0.4063233,Homa Bay,Karachuonyo,Kendu Bay Town,Village/Farm,Goats,Mixed,No,Unknown,No,No,No,Unknown,Unknown
37.957087,0.522186,Isiolo,Isiolo North,Ngare Mara,Village/Farm,Goats,Extensive,No,Unknown,No,No,No,Unknown,Unknown
34.6155923,-0.4063233,Homa Bay,Karachuonyo,Kendu Bay Town,Village/Farm,Cattle,Mixed,No,No,Unknown,No,Unknown,No,Unknown
0.0,0.0,Migori,Kuria East,Nyabasi East,Village/Farm,Cattle,Mixed,No,No,Unknown,No,Unknown,No,Unknown
37.650299,0.505399,Isiolo,Isiolo North,Ngare Mara,Village/Farm,Goats,Extensive,No,Unknown,No,No,No,Unknown,Unknown
37.650299,0.505399,Isiolo,Isiolo North,Ngare Mara,Village/Farm,Sheep,Extensive,No,Unknown,No,No,Unknown,Unknown,Unknown
0.0,0.0,Migori,Kuria East,Nyabasi West,Village/Farm,Goats,Mixed,No,Unknown,No,No,No,Unknown,Unknown
37.650299,0.505399,Isiolo,Isiolo North,Ngare Mara,Village/Farm,Goats,Extensive,No,Unknown,No,No,No,Unknown,Unknown
37.957087,0.522186,Isiolo,Isiolo North,Ngare Mara,Village/Farm,Sheep,Extensive,No,Unknown,No,No,Unknown,Unknown,Unknown
39.14347,-3.74842,Garissa,Fafi,Bura,Village/Farm,Goats,Intensive,No,Unknown,No,No,No,Unknown,Unknown
34.6591004,-0.7070464,Kisii,South Mugirango,Tabaka,Village/Farm,Cattle,Mixed,No,No,Unknown,No,Unknown,No,Unknown
34.6591004,-0.7070464,Kisii,Bonchari,Riana,Village/Farm,Chicken,Mixed,Unknown,Unknown,Unknown,Unknown,Unknown,Unknown,No
34.7680372,-0.0837794,Kisumu,Kisumu Central,Railways,Village/Farm,Cattle,Intensive,No,No,Unknown,No,Unknown,No,Unknown
37.569249,0.330824,Isiolo,Isiolo North,Burat,Village/Farm,Sheep,Extensive,No,Unknown,No,No,Unknown,Unknown,Unknown
41.8648882,3.9395533,Mandera,Mandera East,Township,Village/Farm,Sheep,Extensive,Unknown,Unknown,No,Unknown,Unknown,Unknown,Unknown
37.569249,0.330824,Isiolo,Isiolo North,Burat,Village/Farm,Goats,Extensive,No,Unknown,No,No,No,Unknown,Unknown
34.6298204,-1.186627,Migori,Kuria West,Bukira East,Abattoir,Cattle,Unknown,No,No,Unknown,No,Unknown,No,Unknown
37.957087,0.522186,Isiolo,Isiolo North,Ngare Mara,Village/Farm,Goats,Extensive,No,Unknown,No,No,No,Unknown,Unknown
34.6054045,-1.1929076,Migori,Kuria West,Bukira East,Abattoir,Goats,Unknown,No,Unknown,No,No,No,Unknown,Unknown
37.650299,0.505399,Isiolo,Isiolo North,Ngare Mara,Village/Farm,Sheep,Extensive,No,Unknown,No,No,Unknown,Unknown,Unknown
34.5332802,-0.9117137,Kisii,Bomachoge Chache,Bosoti/Sengera,Village/Farm,Sheep,Mixed,No,Unknown,No,No,Unknown,Unknown,Unknown
38.006516,0.579521,Isiolo,Isiolo North,Ngare Mara,Village/Farm,Sheep,Extensive,No,Unknown,No,No,Unknown,Unknown,Unknown
34.4802946,-1.2364379,Migori,Kuria West,Isibania,Abattoir,Cattle,Unknown,No,No,Unknown,No,Unknown,No,Unknown
34.4802946,-1.2364379,Migori,Kuria West,Isibania,Abattoir,Goats,Unknown,No,Unknown,No,No,No,Unknown,Unknown
34.6252466,-1.1829529,Migori,Kuria West,Bukira East,Village/Farm,Chicken,Mixed,Unknown,Unknown,Unknown,Unknown,Unknown,Unknown,No
36.7386801,1.0002046,Samburu,Samburu West,Loosuk,Village/Farm,Cattle,Mixed,No,No,Unknown,No,Unknown,No,Unknown
34.4446366,-1.1658579,Migori,Kuria West,Bukira East,Village/Farm,Goats,Mixed,No,Unknown,No,No,No,Unknown,Unknown
34.4771768,-1.2409731,Migori,Kuria West,Nyamosense/Komosoko,Abattoir,Cattle,Unknown,No,No,Unknown,No,Unknown,No,Unknown
38.006516,0.579521,Isiolo,Isiolo North,Ngare Mara,Village/Farm,Goats,Extensive,No,Unknown,No,No,No,Unknown,Unknown
34.617237,-1.1628694,Migori,Kuria West,Bukira East,Village/Farm,Cattle,Mixed,No,No,Unknown,No,Unknown,No,Unknown
38.006516,0.579521,Isiolo,Isiolo North,Ngare Mara,Village/Farm,Sheep,Extensive,No,Unknown,No,No,Unknown,Unknown,Unknown
34.759405,-0.855357,Kisii,Bobasi,Masige West,Village/Farm,Cattle,Mixed,No,No,Unknown,No,Unknown,No,Unknown
34.7573332,-0.8529205,Kisii,Bobasi,Masige West,Village/Farm,Chicken,Mixed,Unknown,Unknown,Unknown,Unknown,Unknown,Unknown,No
36.0109706,-1.1099218,Narok,Narok North,Narok Town,Village/Farm,Sheep,Mixed,No,Unknown,No,No,Unknown,Unknown,Unknown
34.7250102,-0.797205,Kisii,Bobasi,Nyacheki,Village/Farm,Sheep,Intensive,No,Unknown,No,No,Unknown,Unknown,Unknown
34.7214131,-0.7980097,Kisii,Bomachoge Chache,Boochi/Tendere,Village/Farm,Sheep,Mixed,No,Unknown,No,No,Unknown,Unknown,Unknown
34.7286674,-0.7969578,Kisii,Bomachoge Chache,Bosoti/Sengera,Village/Farm,Chicken,Mixed,Unknown,Unknown,Unknown,Unknown,Unknown,Unknown,No
34.4802946,-1.2364379,Migori,Kuria West,Isibania,Abattoir,Cattle,Unknown,No,No,Unknown,No,Unknown,No,Unknown
34.4802946,-1.2364379,Migori,Kuria West,Isibania,Abattoir,Goats,Unknown,No,Unknown,No,No,No,Unknown,Unknown
38.006516,0.579521,Isiolo,Isiolo North,Ngare Mara,Village/Farm,Sheep,Extensive,No,Unknown,No,No,Unknown,Unknown,Unknown
38.006516,0.579521,Isiolo,Isiolo North,Ngare Mara,Village/Farm,Goats,Extensive,No,Unknown,No,No,No,Unknown,Unknown
39.4746826,-4.3893242,Kwale,Msambweni,Kinondo,Village/Farm,Cattle,Intensive,No,Unknown,Unknown,Unknown,Unknown,Unknown,Unknown
34.6502196,-0.6897806,Kisii,Bonchari,Riana,Market,Cattle,Unknown,No,No,Unknown,No,Unknown,No,Unknown
35.8714114,-1.0872974,Narok,Narok North,Narok Town,Village/Farm,Chicken,Unknown,Unknown,Unknown,Unknown,Unknown,Unknown,Unknown,Unknown
36.6995972,1.0989845,Samburu,Samburu West,Maralal,Village/Farm,Cattle,Intensive,No,No,Unknown,No,Unknown,No,Unknown
0.0,0.0,Mandera,Mandera East,Neboi,Abattoir,Cattle,Extensive,No,No,Unknown,No,Unknown,No,Unknown
37.588927,0.347998,Isiolo,Isiolo North,Wabera,Village/Farm,Goats,Extensive,No,Unknown,No,No,No,Unknown,Unknown
0.0,0.0,Kisii,Nyaribari Masaba,Kiamokama,Village/Farm,Chicken,Mixed,Unknown,Unknown,Unknown,Unknown,Unknown,Unknown,No
37.560406,0.356706,Isiolo,Isiolo North,Burat,Village/Farm,Sheep,Extensive,No,Unknown,No,No,Unknown,Unknown,Unknown
37.560406,0.356706,Isiolo,Isiolo North,Burat,Village/Farm,Goats,Extensive,No,Unknown,No,No,No,Unknown,Unknown
0.0,0.0,Migori,Kuria East,Nyabasi East,Village/Farm,Goats,Mixed,No,Unknown,No,No,No,Unknown,Unknown
0.0,0.0,Migori,Kuria East,Nyabasi East,Village/Farm,Chicken,Mixed,Unknown,Unknown,Unknown,Unknown,Unknown,Unknown,No
34.480641,-1.2364328,Migori,Kuria West,Isibania,Abattoir,Goats,Unknown,No,Unknown,No,No,No,Unknown,Unknown
34.480641,-1.2364328,Migori,Kuria West,Isibania,Abattoir,Cattle,Unknown,No,No,Unknown,No,Unknown,No,Unknown
34.480641,-1.2346873,Migori,Kuria West,Isibania,Abattoir,Cattle,Unknown,No,No,Unknown,No,Unknown,No,Unknown
34.480641,-1.2346873,Migori,Kuria West,Isibania,Abattoir,Goats,Unknown,No,Unknown,No,No,No,Unknown,Unknown
0.0,0.0,Kisii,Bomachoge Chache,Bosoti/Sengera,Village/Farm,Cattle,Mixed,No,No,Unknown,No,Unknown,Unknown,Unknown
37.571513,0.318418,Isiolo,Isiolo North,Wabera,Village/Farm,Sheep,Extensive,No,Unknown,No,No,Unknown,Unknown,Unknown
37.571513,0.318418,Isiolo,Isiolo North,Wabera,Village/Farm,Goats,Extensive,No,Unknown,No,No,No,Unknown,Unknown
34.7714119,-0.6737988,Kisii,Nyaribari Chache,Kisii Central,Market,Chicken,Mixed,Unknown,Unknown,Unknown,Unknown,Unknown,Unknown,No
34.7714228,-0.6738488,Kisii,Nyaribari Chache,Kisii Central,Market,Cattle,Mixed,No,No,Unknown,No,Unknown,No,Unknown
37.571513,0.318481,Isiolo,Isiolo North,Wabera,Village/Farm,Cattle,Extensive,No,No,Unknown,No,Unknown,No,Unknown
34.775169,-0.6720195,Kisii,Nyaribari Chache,Kisii Central,Village/Farm,Goats,Mixed,No,Unknown,No,No,No,Unknown,Unknown
40.155031,-3.1165754,Kilifi,Magarini,Magarini,Abattoir,Sheep,Unknown,No,Unknown,No,No,Unknown,Unknown,Unknown
37.5472423,-1.7667853,Makueni,Kaiti,Ukia,Village/Farm,Cattle,Mixed,No,No,Unknown,No,Unknown,No,Unknown
38.006516,0.579516,Isiolo,Isiolo North,Ngare Mara,Village/Farm,Goats,Extensive,No,Unknown,No,No,No,Unknown,Unknown
37.5472423,-1.7667853,Makueni,Kaiti,Ukia,Village/Farm,Sheep,Mixed,No,Unknown,No,No,Unknown,Unknown,Unknown
37.4357942,-2.062167,Makueni,Kaiti,Ukia,Village/Farm,Goats,Mixed,No,Unknown,No,No,No,Unknown,Unknown
38.006516,0.579521,Isiolo,Isiolo North,Ngare Mara,Village/Farm,Sheep,Extensive,No,Unknown,No,No,Unknown,Unknown,Unknown
38.006516,0.579521,Isiolo,Isiolo North,Ngare Mara,Village/Farm,Goats,Extensive,No,Unknown,No,No,No,Unknown,Unknown
37.5472423,-1.7667853,Makueni,Kaiti,Ukia,Village/Farm,Chicken,Mixed,Unknown,Unknown,Unknown,Unknown,Unknown,Unknown,No
40.0014301,-1.3406885,Garissa,Fafi,Bura,Village/Farm,Cattle,Intensive,No,No,Unknown,No,Unknown,No,Unknown
34.7317762,-0.8150965,Kisii,Bomachoge Chache,Boochi/Tendere,Village/Farm,Chicken,Mixed,Unknown,Unknown,Unknown,Unknown,Unknown,Unknown,No
35.9764437,0.4524977,Baringo,Baringo South,Marigat,Market,Goats,Unknown,No,Unknown,No,No,No,Unknown,Unknown
35.9764437,0.4524977,Baringo,Baringo South,Marigat,Market,Goats,Unknown,No,Unknown,No,No,No,Unknown,Unknown
40.1553509,-3.1158268,Kilifi,Magarini,Magarini,Abattoir,Sheep,Unknown,No,Unknown,No,No,Unknown,Unknown,Unknown
35.9764437,0.4524977,Baringo,Baringo South,Marigat,Market,Chicken,Unknown,Unknown,Unknown,Unknown,Unknown,Unknown,Unknown,No
34.4470324,-1.1716322,Migori,Kuria West,Nyamosense/Komosoko,Abattoir,Cattle,Unknown,No,No,Unknown,No,Unknown,No,Unknown
35.9764437,0.4524977,Baringo,Baringo South,Marigat,Village/Farm,Cattle,Mixed,No,No,Unknown,No,Unknown,No,Unknown
34.4491116,-1.1820622,Migori,Kuria West,Tagare,Market,Chicken,Unknown,Unknown,Unknown,Unknown,Unknown,Unknown,Unknown,No
40.1553509,-3.1158268,Kilifi,Magarini,Magarini,Abattoir,Goats,Unknown,No,Unknown,No,No,No,Unknown,Unknown
39.6155436,-4.1487569,Kwale,Matuga,Waa,Village/Farm,Cattle,Intensive,No,No,Unknown,No,Unknown,No,Unknown
0.0,0.0,Mandera,Mandera North,Rhamu,Village/Farm,Cattle,Extensive,No,No,Unknown,No,Unknown,No,Unknown
34.4470324,-1.1716322,Migori,Kuria West,Isibania,Market,Goats,Unknown,No,Unknown,No,No,No,Unknown,Unknown
40.155031,-3.1143735,Kilifi,Magarini,Magarini,Abattoir,Cattle,Unknown,No,No,Unknown,No,Unknown,No,Unknown
34.4470324,-1.1716322,Migori,Kuria West,Nyamosense/Komosoko,Market,Goats,Unknown,No,Unknown,No,No,No,Unknown,Unknown
41.2279709,3.931863,Mandera,Mandera North,Rhamu,Crush,Cattle,Extensive,No,No,Unknown,No,Unknown,No,Unknown
34.7261959,-0.795914,Kisii,Bomachoge Chache,Boochi/Tendere,Village/Farm,Cattle,Mixed,No,No,Unknown,No,Unknown,No,Unknown
34.7261959,-0.795914,Kisii,Bomachoge Chache,Boochi/Tendere,Village/Farm,Chicken,Mixed,Unknown,Unknown,Unknown,Unknown,Unknown,Unknown,No
35.8482743,-1.8467866,Narok,Narok South,Loita,Market,Sheep,Unknown,No,Unknown,No,No,Unknown,Unknown,Unknown
0.0,0.0,Mandera,Mandera East,Arabia,Crush,Goats,Extensive,No,Unknown,No,No,No,Unknown,Unknown
34.7321216,-0.8910655,Kisii,Bomachoge Borabu,Bombaba Borabu,Village/Farm,Cattle,Intensive,No,No,Unknown,No,Unknown,No,Unknown
0.0,0.0,Kisii,Bomachoge Borabu,Bokimonge,Village/Farm,Cattle,Mixed,No,No,Unknown,No,Unknown,Unknown,Unknown
34.6257732,-1.2825344,Migori,Kuria East,Nyabasi West,Village/Farm,Cattle,Mixed,No,No,Unknown,No,Unknown,No,Unknown
0.0,0.0,Kisii,Bomachoge Borabu,Magenche,Village/Farm,Goats,Mixed,No,Unknown,No,No,Unknown,Unknown,Unknown
39.6439131,-0.4712461,Garissa,Balambala,Balambala,Village/Farm,Sheep,Extensive,No,Unknown,No,No,Unknown,Unknown,Unknown
0.0,0.0,Migori,Kuria East,Nyabasi West,Village/Farm,Chicken,Mixed,Unknown,Unknown,Unknown,Unknown,Unknown,Unknown,No
0.0,0.0,Kisii,Bomachoge Borabu,Bokimonge,Village/Farm,Cattle,Mixed,No,No,Unknown,No,Unknown,No,Unknown
37.557089,0.427973,Isiolo,Isiolo North,Burat,Village/Farm,Camel,Extensive,No,Unknown,Unknown,No,Unknown,Unknown,Unknown
37.571513,0.318418,Isiolo,Isiolo North,Burat,Village/Farm,Sheep,Extensive,No,Unknown,No,No,Unknown,Unknown,Unknown
39.142002,0.51347,Garissa,Balambala,Balambala,Village/Farm,Goats,Extensive,No,Unknown,No,No,No,Unknown,Unknown
34.6590981,-0.7070834,Kisii,Bonchari,Riana,Village/Farm,Cattle,Mixed,No,No,Unknown,No,Unknown,No,Unknown
35.9764437,0.4524977,Baringo,Baringo South,Marigat,Market,Cattle,Unknown,No,No,Unknown,No,Unknown,No,Unknown
35.9764437,0.4524977,Baringo,Baringo South,Marigat,Market,Sheep,Unknown,No,Unknown,No,No,Unknown,Unknown,Unknown
0.0,0.0,Kisii,Nyaribari Masaba,Kiamokama,Village/Farm,Sheep,Extensive,No,Unknown,No,No,Unknown,Unknown,Unknown
40.1393539,-3.1011456,Kilifi,Magarini,Magarini,Village/Farm,Cattle,Extensive,No,No,Unknown,No,Unknown,No,Unknown
34.4750982,-1.2427499,Migori,Kuria West,Nyamosense/Komosoko,Abattoir,Cattle,Unknown,No,No,Unknown,No,Unknown,No,Unknown
34.6228188,-1.1897405,Migori,Kuria West,Bukira East,Village/Farm,Chicken,Mixed,Unknown,Unknown,Unknown,Unknown,Unknown,Unknown,No
37.807265,-2.2694317,Makueni,Kibwezi West,Makindu,Village/Farm,Cattle,Mixed,No,No,Unknown,No,Unknown,No,Unknown
34.4771768,-1.2409731,Migori,Kuria West,Nyamosense/Komosoko,Abattoir,Cattle,Unknown,No,No,Unknown,No,Unknown,No,Unknown
34.4355956,-1.0780354,Migori,Kuria West,Tagare,Abattoir,Cattle,Unknown,No,No,Unknown,No,Unknown,No,Unknown
37.807265,-2.2694317,Makueni,Kibwezi West,Makindu,Village/Farm,Goats,Mixed,No,Unknown,No,No,No,Unknown,Unknown
0.0,0.0,Migori,Kuria East,Nyabasi East,Village/Farm,Chicken,Mixed,Unknown,Unknown,Unknown,Unknown,Unknown,Unknown,No
41.229855,3.9312576,Mandera,Mandera North,Rhamu,Market,Goats,Extensive,No,Unknown,No,No,No,Unknown,Unknown
39.6110313,-4.0348262,Kwale,Matuga,Waa,Village/Farm,Chicken,Unknown,Unknown,Unknown,Unknown,Unknown,Unknown,Unknown,No
39.5749413,-4.2173894,Kwale,Matuga,Tsimba Golini,Village/Farm,Chicken,Unknown,Unknown,Unknown,Unknown,Unknown,Unknown,Unknown,No
37.807265,-2.2694317,Makueni,Kibwezi West,Makindu,Village/Farm,Sheep,Mixed,No,Unknown,No,No,Unknown,Unknown,Unknown
35.3039233,-0.0729796,Nandi,Tinderet,Songhor/Soba,Village/Farm,Cattle,Extensive,No,No,Unknown,No,Unknown,Unknown,Unknown
34.7520753,-0.107253,Homa Bay,Mbita,Rusinga Island,Village/Farm,Sheep,Mixed,No,Unknown,No,No,Unknown,Unknown,Unknown
34.7520876,-0.1073188,Migori,Nyatike,Got Kachola,Village/Farm,Chicken,Mixed,Unknown,Unknown,Unknown,Unknown,Unknown,Unknown,No
37.8277937,-2.2875261,Makueni,Kibwezi West,Makindu,Village/Farm,Cattle,Mixed,No,No,Unknown,No,Unknown,No,Unknown
34.7521,-0.1072777,Migori,Nyatike,Got Kachola,Village/Farm,Goats,Mixed,Unknown,Unknown,No,No,No,Unknown,Unknown
37.8312246,-2.2898465,Makueni,Kibwezi West,Makindu,Village/Farm,Goats,Mixed,No,Unknown,No,No,No,Unknown,Unknown
34.7520882,-0.1073189,Migori,Nyatike,Got Kachola,Village/Farm,Sheep,Mixed,Unknown,Unknown,No,No,Unknown,Unknown,Unknown
34.7520846,-0.1072814,Migori,Nyatike,Got Kachola,Village/Farm,Cattle,Mixed,Unknown,No,Unknown,No,Unknown,No,Unknown
37.8312246,-2.2898465,Makueni,Kibwezi West,Makindu,Village/Farm,Sheep,Mixed,No,Unknown,No,No,Unknown,Unknown,Unknown
34.7521083,-0.1072464,Homa Bay,Mbita,Rusinga Island,Village/Farm,Cattle,Mixed,No,No,Unknown,No,Unknown,No,Unknown
37.8312246,-2.2898465,Makueni,Kibwezi West,Makindu,Village/Farm,Chicken,Mixed,Unknown,Unknown,Unknown,Unknown,Unknown,Unknown,No
34.7520963,-0.1072721,Homa Bay,Mbita,Rusinga Island,Village/Farm,Goats,Mixed,No,Unknown,No,No,No,Unknown,Unknown
34.752092,-0.1072551,Homa Bay,Mbita,Rusinga Island,Village/Farm,Chicken,Mixed,Unknown,Unknown,Unknown,Unknown,Unknown,Unknown,No
34.6489977,-0.37143,Homa Bay,Karachuonyo,Kendu Bay Town,Village/Farm,Goats,Mixed,No,Unknown,No,No,No,Unknown,Unknown
34.6174488,-1.1631691,Migori,Kuria West,Bukira East,Village/Farm,Cattle,Mixed,No,No,Unknown,No,Unknown,No,Unknown
34.6489977,-0.37143,Homa Bay,Karachuonyo,Kendu Bay Town,Village/Farm,Chicken,Mixed,Unknown,Unknown,Unknown,Unknown,Unknown,Unknown,No
39.0419298,-4.5342341,Kwale,Lungalunga,Vanga,Crush,Cattle,Extensive,No,Unknown,Unknown,No,Unknown,No,Unknown
34.7688883,-0.0832563,Kisumu,Kisumu Central,Railways,Village/Farm,Chicken,Intensive,Unknown,Unknown,Unknown,Unknown,Unknown,Unknown,No
34.7701088,-0.0832972,Kisumu,Kisumu Central,Railways,Village/Farm,Cattle,Intensive,No,No,Unknown,No,Unknown,No,Unknown
34.5953118,-0.7708836,Migori,Rongo,Central Kamagambo,Village/Farm,Cattle,Mixed,No,No,Unknown,No,Unknown,No,Unknown
34.7290128,-0.7974454,Kisii,Bomachoge Chache,Boochi/Tendere,Village/Farm,Goats,Mixed,No,Unknown,No,No,No,Unknown,Unknown
34.5953118,-0.7708836,Migori,Rongo,Central Kamagambo,Village/Farm,Chicken,Extensive,Unknown,Unknown,Unknown,Unknown,Unknown,Unknown,No
34.6312017,-0.8345336,Migori,Rongo,South Kamagambo,Village/Farm,Cattle,Mixed,No,No,Unknown,Unknown,Unknown,No,Unknown
37.2535703,-1.8444346,Makueni,Kilome,Kiima Kiu/Kalanzoni,Village/Farm,Cattle,Extensive,No,No,Unknown,No,Unknown,No,Unknown
37.6438179,-0.3335242,Tharaka-Nithi,Chuka/Igambang'Ombe,Mugwe,Village/Farm,Cattle,Intensive,No,No,Unknown,No,Unknown,No,Unknown
34.6489977,-0.37143,Homa Bay,Karachuonyo,Kendu Bay Town,Village/Farm,Cattle,Mixed,No,No,Unknown,No,Unknown,No,Unknown
38.0291676,-2.5232468,Makueni,Kibwezi East,Thange,Village/Farm,Cattle,Mixed,No,No,Unknown,No,Unknown,No,Unknown
34.5955752,-0.8125016,Migori,Rongo,South Kamagambo,Village/Farm,Chicken,Mixed,Unknown,Unknown,Unknown,Unknown,Unknown,Unknown,No
34.7280896,-0.7966223,Kisii,Bomachoge Chache,Boochi/Tendere,Village/Farm,Cattle,Mixed,No,No,Unknown,No,Unknown,No,Unknown
37.9640578,-2.4153132,Makueni,Kibwezi East,Masongaleni,Village/Farm,Cattle,Mixed,No,No,Unknown,No,Unknown,No,Unknown
37.9706791,-2.4054621,Makueni,Kibwezi East,Masongaleni,Village/Farm,Cattle,Mixed,No,No,Unknown,No,Unknown,No,Unknown
34.7280896,-0.7966223,Kisii,Bobasi,Nyacheki,Village/Farm,Chicken,Mixed,Unknown,Unknown,Unknown,Unknown,Unknown,Unknown,No
37.9706791,-2.4054621,Makueni,Kibwezi East,Masongaleni,Village/Farm,Goats,Mixed,No,Unknown,No,No,No,Unknown,Unknown
34.7280896,-0.7966223,Kisii,Bomachoge Borabu,Bokimonge,Village/Farm,Chicken,Mixed,Unknown,Unknown,Unknown,Unknown,Unknown,Unknown,No
37.9678126,-2.4096973,Makueni,Kibwezi East,Masongaleni,Village/Farm,Cattle,Mixed,No,No,Unknown,No,Unknown,No,Unknown
37.9678126,-2.4096973,Makueni,Kibwezi East,Masongaleni,Village/Farm,Goats,Mixed,No,Unknown,No,No,No,Unknown,Unknown
37.9665471,-2.4190625,Makueni,Kibwezi East,Thange,Village/Farm,Cattle,Mixed,No,No,Unknown,No,Unknown,No,Unknown
37.9678126,-2.4096973,Makueni,Kibwezi East,Masongaleni,Village/Farm,Sheep,Mixed,No,Unknown,No,No,Unknown,Unknown,Unknown
37.9678126,-2.4096973,Makueni,Kibwezi East,Masongaleni,Village/Farm,Chicken,Mixed,Unknown,Unknown,Unknown,Unknown,Unknown,Unknown,No
37.97237,-2.4009122,Makueni,Kibwezi East,Masongaleni,Village/Farm,Cattle,Mixed,No,No,Unknown,No,Unknown,No,Unknown
37.97237,-2.4009122,Makueni,Kibwezi East,Masongaleni,Village/Farm,Goats,Mixed,No,Unknown,No,No,No,Unknown,Unknown
37.9706791,-2.4054621,Makueni,Kibwezi East,Masongaleni,Village/Farm,Sheep,Mixed,No,Unknown,No,No,Unknown,Unknown,Unknown
37.9706791,-2.4054621,Makueni,Kibwezi East,Masongaleni,Village/Farm,Chicken,Mixed,Unknown,Unknown,Unknown,Unknown,Unknown,Unknown,No
37.9287238,-2.4020107,Makueni,Kibwezi East,Thange,Village/Farm,Goats,Mixed,No,Unknown,No,No,No,Unknown,Unknown
40.311153,0.0478477,Garissa,Dadaab,Dadaab,Village/Farm,Cattle,Extensive,No,No,Unknown,No,Unknown,No,Unknown
40.311153,0.0478477,Garissa,Dadaab,Dadaab,Village/Farm,Camel,Extensive,No,Unknown,Unknown,Unknown,Unknown,Unknown,Unknown
34.6913175,-0.6863332,Kisii,Bonchari,Bomorenda,Village/Farm,Cattle,Mixed,No,No,Unknown,No,Unknown,No,Unknown
40.311153,0.0478477,Garissa,Dadaab,Dadaab,Village/Farm,Chicken,Intensive,Unknown,Unknown,Unknown,Unknown,Unknown,Unknown,No
34.6408841,-0.6807969,Kisii,Bonchari,Riana,Village/Farm,Cattle,Unknown,No,No,Unknown,No,Unknown,No,Unknown
37.9391293,-2.4066121,Makueni,Kibwezi East,Thange,Village/Farm,Chicken,Mixed,Unknown,Unknown,Unknown,Unknown,Unknown,Unknown,No
39.3781593,-4.6097497,Kwale,Lungalunga,Pongwe/Kikoneni,Village/Farm,Cattle,Extensive,No,Unknown,Unknown,No,Unknown,No,Unknown
37.9640578,-2.4153132,Makueni,Kibwezi East,Thange,Village/Farm,Sheep,Mixed,No,Unknown,No,No,Unknown,Unknown,Unknown
37.9664816,-2.4194951,Makueni,Kibwezi East,Thange,Village/Farm,Cattle,Mixed,No,No,Unknown,No,Unknown,No,Unknown
35.744607,0.4919697,Baringo,Mogotio,Emining,Village/Farm,Cattle,Extensive,No,No,Unknown,No,Unknown,No,Unknown
37.9664816,-2.4194951,Makueni,Kibwezi East,Thange,Village/Farm,Cattle,Mixed,No,No,Unknown,No,Unknown,No,Unknown
36.0334358,0.7344563,Baringo,Tiaty,Loiyamorock,Village/Farm,Goats,Extensive,No,Unknown,No,No,No,Unknown,Unknown
39.1854368,-3.766485,Kwale,Kinango,Mackinnon Road,Village/Farm,Chicken,Extensive,Unknown,Unknown,Unknown,Unknown,Unknown,Unknown,No
35.7445516,0.491534,Baringo,Baringo Central,Kabarnet,Village/Farm,Cattle,Mixed,No,No,Unknown,No,Unknown,No,Unknown
37.9664816,-2.4194951,Makueni,Kibwezi East,Thange,Village/Farm,Goats,Mixed,No,Unknown,No,No,No,Unknown,Unknown
37.9664816,-2.4194951,Makueni,Kibwezi East,Thange,Village/Farm,Cattle,Mixed,No,No,Unknown,No,Unknown,No,Unknown
39.044001,-3.7300329,Kwale,Kinango,Mackinnon Road,Village/Farm,Goats,Extensive,No,Unknown,No,No,No,Unknown,Unknown
35.8100987,-1.7028476,Narok,Narok South,Loita,Village/Farm,Goats,Mixed,No,Unknown,No,No,No,Unknown,Unknown
34.617022,-1.1980801,Migori,Kuria West,Bukira East,Abattoir,Cattle,Unknown,No,No,Unknown,No,Unknown,No,Unknown
39.045187,-3.7314344,Kwale,Kinango,Mackinnon Road,Village/Farm,Goats,Extensive,No,Unknown,No,No,No,Unknown,Unknown
39.045187,-3.7314344,Kwale,Kinango,Mackinnon Road,Village/Farm,Cattle,Extensive,No,No,Unknown,No,Unknown,No,Unknown
35.8186217,-1.7056499,Narok,Narok South,Loita,Village/Farm,Cattle,Mixed,No,No,Unknown,Unknown,Unknown,No,Unknown
37.798089,0.532846,Isiolo,Isiolo North,Ngare Mara,Village/Farm,Camel,Extensive,No,Unknown,Unknown,No,Unknown,Unknown,Unknown
0.0,0.0,Kisii,Bomachoge Borabu,Bokimonge,Village/Farm,Cattle,Mixed,No,No,Unknown,No,Unknown,Unknown,Unknown
37.58896,0.348047,Isiolo,Isiolo North,Wabera,Village/Farm,Camel,Extensive,No,Unknown,Unknown,No,Unknown,Unknown,Unknown
0.0,0.0,Kisii,Bomachoge Borabu,Bokimonge,Village/Farm,Sheep,Mixed,No,Unknown,No,No,Unknown,Unknown,Unknown
0.0,0.0,Kisii,Bomachoge Borabu,Bokimonge,Village/Farm,Cattle,Mixed,No,No,Unknown,No,Unknown,No,Unknown
37.557089,0.427973,Isiolo,Isiolo North,Wabera,Village/Farm,Goats,Intensive,No,Unknown,No,No,No,Unknown,Unknown
0.0,0.0,Migori,Kuria East,Nyabasi West,Village/Farm,Goats,Mixed,No,Unknown,No,No,No,Unknown,Unknown
37.9448522,0.355642,Meru,Igembe North,Antuambui,Abattoir,Goats,Extensive,No,Unknown,No,No,No,Unknown,Unknown
37.58896,0.348047,Isiolo,Isiolo North,Wabera,Village/Farm,Goats,Extensive,No,Unknown,No,No,No,Unknown,Unknown
36.290705,-1.0885181,Narok,Narok East,Suswa,Crush,Sheep,Unknown,Unknown,Unknown,Unknown,Unknown,Unknown,Unknown,Unknown
39.048444,-3.7325236,Kwale,Kinango,Mackinnon Road,Crush,Cattle,Mixed,No,No,Unknown,No,Unknown,No,Unknown
39.0312676,-3.7231077,Kwale,Kinango,Mackinnon Road,Village/Farm,Cattle,Extensive,No,No,Unknown,No,Unknown,No,Unknown
40.182795,-1.70812,Garissa,Ijara,Masalani,Abattoir,Goats,Extensive,No,Unknown,No,No,No,Unknown,Unknown
38.199052,0.5671373,Isiolo,Isiolo South,Kinna,Village/Farm,Camel,Extensive,No,Unknown,Unknown,No,Unknown,Unknown,Unknown
36.6927725,1.0926138,Samburu,Samburu West,Maralal,Crush,Cattle,Mixed,No,Unknown,Unknown,No,Unknown,No,Unknown
40.5799,-0.1758,Garissa,Fafi,Jarajila,Village/Farm,Goats,Intensive,No,Unknown,No,No,No,Unknown,Unknown
36.6927725,1.0926138,Samburu,Samburu West,Maralal,Crush,Cattle,Mixed,No,Unknown,Unknown,No,Unknown,No,Unknown
37.8044837,-2.2672793,Makueni,Kibwezi West,Makindu,Village/Farm,Chicken,Mixed,Unknown,Unknown,Unknown,Unknown,Unknown,Unknown,No
36.6927725,1.0926138,Samburu,Samburu West,Maralal,Village/Farm,Sheep,Mixed,No,Unknown,No,Unknown,Unknown,Unknown,Unknown
36.6927725,1.0926138,Samburu,Samburu West,Maralal,Village/Farm,Goats,Mixed,No,Unknown,No,Unknown,No,Unknown,Unknown
36.6935308,1.0956859,Samburu,Samburu West,Maralal,Village/Farm,Chicken,Unknown,Unknown,Unknown,Unknown,Unknown,Unknown,Unknown,No
36.6927725,1.0926138,Samburu,Samburu West,Maralal,Village/Farm,Camel,Mixed,No,Unknown,Unknown,Unknown,Unknown,Unknown,Unknown
37.6606052,-0.3159467,Tharaka-Nithi,Chuka/Igambang'Ombe,Karingani,Abattoir,Cattle,Unknown,Unknown,Unknown,Unknown,Unknown,Unknown,Unknown,Unknown
36.0743718,-0.2858541,Nakuru,Bahati,Lanet/Umoja,Village/Farm,Chicken,Extensive,Unknown,Unknown,Unknown,Unknown,Unknown,Unknown,No
36.00459711,-1.21741117,Narok,Narok East,Mosiro,Village/Farm,Cattle,Extensive,No,No,Unknown,No,Unknown,No,Unknown
36.0076814,-1.21400875,Narok,Narok East,Mosiro,Village/Farm,Sheep,Extensive,No,Unknown,No,No,Unknown,Unknown,Unknown
36.00880148,-1.20812887,Narok,Narok East,Mosiro,Village/Farm,Goats,Extensive,No,Unknown,No,No,No,Unknown,Unknown
36.01272275,-1.1982809,Narok,Narok East,Mosiro,Village/Farm,Goats,Extensive,No,Unknown,No,No,No,Unknown,Unknown
36.01349203,-1.19162624,Narok,Narok East,Mosiro,Village/Farm,Goats,Extensive,No,Unknown,No,No,No,Unknown,Unknown
0.0,0.0,Kisii,Bomachoge Borabu,Bokimonge,Village/Farm,Cattle,Mixed,No,No,Unknown,No,Unknown,Unknown,Unknown
36.6927725,1.0926138,Samburu,Samburu West,Maralal,Village/Farm,Chicken,Unknown,Unknown,Unknown,Unknown,Unknown,Unknown,Unknown,No
36.6927725,1.0926138,Samburu,Samburu West,Maralal,Village/Farm,Sheep,Mixed,No,Unknown,No,Unknown,Unknown,Unknown,Unknown
36.6927725,1.0926138,Samburu,Samburu West,Maralal,Village/Farm,Goats,Mixed,No,Unknown,No,Unknown,No,Unknown,Unknown
36.6927725,1.0926138,Samburu,Samburu West,Maralal,Crush,Cattle,Mixed,No,Unknown,Unknown,No,Unknown,No,Unknown
36.5845883,1.0188731,Samburu,Samburu West,Loosuk,Village/Farm,Cattle,Mixed,No,Unknown,Unknown,No,Unknown,No,Unknown
34.7274976,-0.795733,Kisii,Bomachoge Chache,Majoge Basi,Village/Farm,Chicken,Mixed,Unknown,Unknown,Unknown,Unknown,Unknown,Unknown,No
34.7274976,-0.795733,Kisii,Bobasi,Masige West,Village/Farm,Goats,Mixed,No,Unknown,No,No,No,Unknown,Unknown
34.7262494,-0.7959992,Kisii,Nyaribari Masaba,Kiamokama,Village/Farm,Cattle,Mixed,No,No,Unknown,No,Unknown,No,Unknown
37.359437,-1.9849577,Makueni,Kilome,Kasikeu,Market,Sheep,Mixed,No,Unknown,No,No,Unknown,Unknown,Unknown
34.7259039,-0.7974754,Kisii,Bomachoge Chache,Bosoti/Sengera,Village/Farm,Goats,Mixed,No,Unknown,No,No,No,Unknown,Unknown
40.664338,0.149194,Garissa,Fafi,Jarajila,Clinic,Goats,Extensive,No,Unknown,No,No,No,Unknown,Unknown
35.2095233,-0.5940048,Kericho,Bureti,Kapkatet,Village/Farm,Cattle,Mixed,No,No,Unknown,No,Unknown,No,Unknown
35.7838966,-1.8295693,Narok,Narok South,Loita,Village/Farm,Goats,Mixed,No,Unknown,No,No,No,Unknown,Unknown
35.8711026,-1.0770026,Narok,Narok North,Narok Town,Village/Farm,Chicken,Unknown,Unknown,Unknown,Unknown,Unknown,Unknown,Unknown,Unknown
37.576137,0.356293,Isiolo,Isiolo North,Burat,Village/Farm,Sheep,Extensive,No,Unknown,No,No,Unknown,Unknown,Unknown
0.0,0.0,Kisii,Bomachoge Borabu,Bokimonge,Village/Farm,Cattle,Mixed,No,No,Unknown,No,Unknown,Unknown,Unknown
0.0,0.0,Kisii,Bomachoge Chache,Bosoti/Sengera,Village/Farm,Cattle,Mixed,No,No,Unknown,No,Unknown,Unknown,Unknown
37.73953,-1.861615,Makueni,Makueni,Mavindini,Village/Farm,Chicken,Mixed,Unknown,Unknown,Unknown,Unknown,Unknown,Unknown,Unknown
37.804762,-1.816156,Makueni,Makueni,Mavindini,Village/Farm,Chicken,Mixed,Unknown,Unknown,Unknown,Unknown,Unknown,Unknown,Unknown
34.7265948,-0.8001691,Kisii,Bobasi,Basi Central,Village/Farm,Cattle,Mixed,No,No,Unknown,No,Unknown,No,Unknown
39.06228,0.003647,Garissa,Balambala,Danyere,Village/Farm,Cattle,Extensive,Unknown,Unknown,Unknown,Unknown,Unknown,Unknown,Unknown
39.06227,0.003647,Garissa,Balambala,Balambala,Village/Farm,Goats,Extensive,No,Unknown,No,No,No,Unknown,Unknown
36.6999342,1.0948693,Samburu,Samburu West,Poro,Crush,Cattle,Mixed,Unknown,Unknown,Unknown,No,Unknown,No,Unknown
36.6999342,1.0948693,Samburu,Samburu West,Maralal,Village/Farm,Sheep,Mixed,No,Unknown,No,Unknown,Unknown,Unknown,Unknown
36.6999342,1.0948693,Samburu,Samburu West,Maralal,Village/Farm,Goats,Mixed,No,Unknown,No,Unknown,No,Unknown,Unknown
34.6916987,-0.6879666,Kisii,Bonchari,Riana,Village/Farm,Cattle,Mixed,No,No,Unknown,No,Unknown,No,Unknown
40.863073,0.350572,Garissa,Dadaab,Liboi,Village/Farm,Camel,Extensive,No,Unknown,Unknown,Unknown,Unknown,Unknown,Unknown
37.7206114,-0.3390055,Tharaka-Nithi,Chuka/Igambang'Ombe,Mariani,Village/Farm,Cattle,Intensive,No,No,Unknown,No,Unknown,No,Unknown
403674.0,-0.0062,Garissa,Fafi,Jarajila,Village/Farm,Camel,Intensive,No,Unknown,Unknown,No,Unknown,Unknown,Unknown
39.6403172,-0.4608093,Garissa,Fafi,Nanighi,Village/Farm,Sheep,Intensive,No,Unknown,No,No,Unknown,Unknown,Unknown
36.6163093,1.0319799,Samburu,Samburu West,Loosuk,Crush,Goats,Mixed,No,Unknown,No,Unknown,No,Unknown,Unknown
37.735485,-1.929415,Makueni,Makueni,Kathonzweni,Village/Farm,Chicken,Mixed,Unknown,Unknown,Unknown,Unknown,Unknown,Unknown,Unknown
37.8044837,-2.2672793,Makueni,Kibwezi West,Makindu,Village/Farm,Sheep,Mixed,No,Unknown,No,No,Unknown,Unknown,Unknown
0.0,0.0,Kisii,Bomachoge Borabu,Bokimonge,Village/Farm,Goats,Mixed,No,Unknown,No,No,Unknown,Unknown,Unknown
34.7274725,-0.7957537,Kisii,Bomachoge Chache,Boochi/Tendere,Village/Farm,Cattle,Mixed,No,No,Unknown,No,Unknown,No,Unknown
37.8044837,-2.2672793,Makueni,Kibwezi West,Makindu,Village/Farm,Goats,Mixed,No,Unknown,No,No,No,Unknown,Unknown
0.0,0.0,Migori,Kuria East,Nyabasi East,Village/Farm,Chicken,Mixed,Unknown,Unknown,Unknown,Unknown,Unknown,Unknown,No
37.728010000000005,-1.90953,Makueni,Makueni,Kathonzweni,Abattoir,Cattle,Unknown,No,No,Unknown,No,Unknown,Unknown,Unknown
37.8044837,-2.2672793,Makueni,Kibwezi West,Makindu,Village/Farm,Cattle,Mixed,No,No,Unknown,No,Unknown,No,Unknown
34.5958095,-0.8119936,Kisii,South Mugirango,Bogetenga,Village/Farm,Chicken,Intensive,Unknown,Unknown,Unknown,Unknown,Unknown,Unknown,No
39.044001,-3.7300329,Kwale,Kinango,Mackinnon Road,Village/Farm,Sheep,Extensive,No,Unknown,No,No,Unknown,Unknown,Unknown
34.5958095,-0.8119936,Kisii,South Mugirango,Borabu / Chitago,Village/Farm,Chicken,Extensive,Unknown,Unknown,Unknown,Unknown,Unknown,Unknown,No
39.8561436,-3.6071648,Kilifi,Kilifi North,Sokoni,Abattoir,Cattle,Unknown,No,No,Unknown,No,Unknown,No,Unknown
39.8555006,-3.6062035,Kilifi,Kilifi North,Sokoni,Abattoir,Cattle,Unknown,No,No,Unknown,No,Unknown,No,Unknown
34.4861835,-1.0758933,Migori,Suna East,Suna Central,Village/Farm,Cattle,Mixed,No,No,Unknown,No,Unknown,No,Unknown
34.7880605,-0.119295,Kisumu,Kisumu East,Kolwa Central,Village/Farm,Cattle,Mixed,No,No,Unknown,No,Unknown,No,Unknown
39.8561436,-3.6071648,Kilifi,Kilifi North,Tezo,Abattoir,Cattle,Unknown,No,No,Unknown,No,Unknown,No,Unknown
34.7866798,-0.117375,Kisumu,Kisumu East,Kolwa Central,Village/Farm,Chicken,Mixed,Unknown,Unknown,Unknown,Unknown,Unknown,Unknown,No
39.8561436,-3.6071648,Kilifi,Kilifi North,Sokoni,Abattoir,Cattle,Unknown,No,No,Unknown,No,Unknown,No,Unknown
39.8561436,-3.6046773,Kilifi,Kilifi North,Sokoni,Abattoir,Goats,Unknown,No,Unknown,No,No,No,Unknown,Unknown
37.6677627,-0.1961323,Tharaka-Nithi,Maara,Mwimbi,Village/Farm,Cattle,Intensive,No,No,Unknown,No,Unknown,No,Unknown
37.6667651,-0.330856,Tharaka-Nithi,Chuka/Igambang'Ombe,Karingani,Abattoir,Cattle,Unknown,Unknown,Unknown,Unknown,Unknown,Unknown,Unknown,Unknown
35.7444767,0.4914883,Baringo,Baringo Central,Kabarnet,Village/Farm,Cattle,Mixed,No,No,Unknown,No,Unknown,No,Unknown
37.556433,0.400998,Isiolo,Isiolo North,Burat,Village/Farm,Camel,Extensive,No,Unknown,Unknown,No,Unknown,Unknown,Unknown
36.0891707,-1.0961945,Narok,Narok East,Mosiro,Market,Cattle,Extensive,No,No,Unknown,No,Unknown,No,Unknown
37.6665329,-0.3219147,Tharaka-Nithi,Chuka/Igambang'Ombe,Karingani,Abattoir,Goats,Unknown,Unknown,Unknown,Unknown,Unknown,Unknown,Unknown,Unknown
0.0,0.0,Kisii,Nyaribari Masaba,Kiamokama,Village/Farm,Chicken,Extensive,Unknown,Unknown,Unknown,Unknown,Unknown,Unknown,No
40.33941,-1.61064499,Garissa,Ijara,Masalani,Village/Farm,Goats,Extensive,No,Unknown,No,No,No,Unknown,Unknown
40.137754,-3.0821433,Kilifi,Magarini,Gongoni,Abattoir,Goats,Unknown,No,Unknown,No,No,No,Unknown,Unknown
37.9865678,0.3373203,Meru,Igembe North,Antubetwe Kiongo,Abattoir,Goats,Extensive,No,Unknown,No,No,No,Unknown,Unknown
40.3814,-0.1879,Garissa,Fafi,Jarajila,Village/Farm,Goats,Intensive,No,Unknown,No,No,No,Unknown,Unknown
39.5169977,-4.3948142,Kwale,Msambweni,Kinondo,Village/Farm,Cattle,Extensive,No,No,Unknown,No,Unknown,No,Unknown
37.8268061,-2.2782519,Makueni,Kibwezi West,Makindu,Village/Farm,Cattle,Mixed,No,No,Unknown,No,Unknown,No,Unknown
34.7338487,-0.8182688,Kisii,Bobasi,Bobasi Chache,Village/Farm,Cattle,Mixed,No,No,Unknown,No,Unknown,No,Unknown
37.3853744,-1.9492389,Makueni,Kilome,Kasikeu,Abattoir,Cattle,Unknown,No,No,Unknown,No,Unknown,No,Unknown
37.32376,-1.9053116666666667,Makueni,Kilome,Kasikeu,Abattoir,Cattle,Unknown,No,No,Unknown,No,Unknown,No,Unknown
37.36824,-2.0190550000000003,Makueni,Kilome,Kasikeu,Abattoir,Cattle,Unknown,No,No,Unknown,No,Unknown,No,Unknown
37.362717,-2.0058395,Makueni,Kilome,Kasikeu,Abattoir,Goats,Unknown,No,Unknown,No,No,No,Unknown,Unknown
37.3173367,-1.9651715,Makueni,Kilome,Kasikeu,Village/Farm,Chicken,Mixed,Unknown,Unknown,Unknown,Unknown,Unknown,Unknown,No
37.3173367,-1.9651715,Makueni,Kilome,Kasikeu,Market,Cattle,Mixed,No,No,Unknown,No,Unknown,No,Unknown
37.3173367,-1.9651715,Makueni,Kilome,Kasikeu,Abattoir,Cattle,Unknown,No,No,Unknown,No,Unknown,No,Unknown
37.366705,-2.0212533333333336,Makueni,Kilome,Kasikeu,Abattoir,Cattle,Unknown,No,No,Unknown,No,Unknown,No,Unknown
37.3853744,-1.9492389,Makueni,Kilome,Kasikeu,Abattoir,Goats,Unknown,No,Unknown,No,No,No,Unknown,Unknown
0.0,0.0,Kisii,Bomachoge Borabu,Bokimonge,Village/Farm,Cattle,Mixed,No,No,Unknown,No,Unknown,Unknown,Unknown
0.0,0.0,Kisii,Bomachoge Borabu,Bokimonge,Village/Farm,Cattle,Mixed,No,No,Unknown,No,Unknown,No,Unknown
0.0,0.0,Kisii,Bomachoge Borabu,Bokimonge,Village/Farm,Cattle,Mixed,No,No,Unknown,No,Unknown,No,Unknown
39.65926,-0.0434,Garissa,Balambala,Sankuri,Village/Farm,Camel,Extensive,No,Unknown,Unknown,No,Unknown,Unknown,Unknown
0.0,0.0,Kisii,Bomachoge Borabu,Bokimonge,Village/Farm,Goats,Mixed,No,Unknown,No,No,Unknown,Unknown,Unknown
0.0,0.0,Kisii,Bomachoge Borabu,Bokimonge,Village/Farm,Cattle,Mixed,No,No,Unknown,No,Unknown,No,Unknown
39.4346572,-4.4839124,Kwale,Msambweni,Ramisi,Village/Farm,Cattle,Mixed,No,No,Unknown,No,Unknown,No,Unknown
40.137754,-3.0821433,Kilifi,Magarini,Gongoni,Abattoir,Cattle,Unknown,No,No,Unknown,No,Unknown,No,Unknown
39.5359013,-4.3544339,Kwale,Msambweni,Kinondo,Village/Farm,Cattle,Extensive,No,No,Unknown,No,Unknown,No,Unknown
39.5359013,-4.3544339,Kwale,Msambweni,Kinondo,Village/Farm,Goats,Extensive,No,Unknown,No,No,No,Unknown,Unknown
37.72756666666667,-1.9093666666666669,Makueni,Makueni,Kathonzweni,Abattoir,Goats,Unknown,No,Unknown,No,No,No,Unknown,Unknown
40.3086,0.0577,Garissa,Dadaab,Dadaab,Village/Farm,Cattle,Extensive,No,No,Unknown,No,Unknown,No,Unknown
34.1655369,-0.8394372,Migori,Nyatike,Kachien'G,Village/Farm,Goats,Mixed,No,Unknown,No,No,Unknown,Unknown,Unknown
40.3086,0.0577,Garissa,Dadaab,Dadaab,Village/Farm,Camel,Extensive,No,Unknown,Unknown,Unknown,Unknown,Unknown,Unknown
34.4451047,-1.1655437,Migori,Kuria West,Tagare,Market,Sheep,Unknown,No,Unknown,No,No,Unknown,Unknown,Unknown
34.4775232,-1.2202735,Migori,Kuria West,Nyamosense/Komosoko,Abattoir,Cattle,Unknown,No,No,Unknown,No,Unknown,No,Unknown
0.0,0.0,Migori,Kuria East,Nyabasi East,Village/Farm,Cattle,Mixed,No,No,Unknown,No,Unknown,No,Unknown
34.4451047,-1.1655437,Migori,Kuria West,Tagare,Market,Goats,Unknown,No,Unknown,No,No,No,Unknown,Unknown
37.6624423,-0.3108266,Tharaka-Nithi,Chuka/Igambang'Ombe,Karingani,Abattoir,Cattle,Unknown,Unknown,Unknown,Unknown,Unknown,Unknown,Unknown,Unknown
39.3641863,-4.4373202,Kwale,Msambweni,Ramisi,Crush,Cattle,Mixed,No,Unknown,Unknown,Unknown,Unknown,Unknown,Unknown
36.6927725,1.0926138,Samburu,Samburu West,Maralal,Village/Farm,Cattle,Mixed,No,Unknown,Unknown,No,Unknown,No,Unknown
34.4750982,-1.2160717,Migori,Kuria West,Nyamosense/Komosoko,Abattoir,Cattle,Unknown,No,No,Unknown,No,Unknown,No,Unknown
34.4451047,-1.1655437,Migori,Kuria West,Tagare,Market,Cattle,Unknown,No,No,Unknown,No,Unknown,No,Unknown
34.6156385,-1.1973539,Migori,Kuria West,Bukira East,Abattoir,Cattle,Unknown,No,No,Unknown,No,Unknown,No,Unknown
39.5642356,-4.3265807,Kwale,Msambweni,Kinondo,Village/Farm,Cattle,Extensive,Unknown,No,Unknown,Unknown,Unknown,Unknown,Unknown
39.3876629,-4.578885,Kwale,Msambweni,Ramisi,Crush,Goats,Mixed,No,Unknown,Unknown,Unknown,Unknown,Unknown,Unknown
41.2273429,3.9304232,Mandera,Mandera North,Rhamu,Village/Farm,Cattle,Extensive,No,No,Unknown,No,Unknown,No,Unknown
34.4948428,-1.2372196,Migori,Kuria West,Isibania,Abattoir,Cattle,Unknown,No,No,Unknown,No,Unknown,No,Unknown
39.1402121,-3.7536618,Kwale,Kinango,Mackinnon Road,Village/Farm,Goats,Extensive,No,Unknown,No,No,No,Unknown,Unknown
34.4879154,-1.235577,Migori,Kuria West,Isibania,Abattoir,Goats,Unknown,No,Unknown,No,No,No,Unknown,Unknown
34.4948428,-1.2372196,Migori,Kuria West,Isibania,Abattoir,Goats,Unknown,No,Unknown,No,No,No,Unknown,Unknown
34.5173552,-0.9399475,Migori,Uriri,South Kanyamkago,Market,Chicken,Intensive,Unknown,Unknown,Unknown,Unknown,Unknown,Unknown,No
34.4948428,-1.2372196,Migori,Kuria West,Isibania,Abattoir,Cattle,Unknown,No,No,Unknown,No,Unknown,No,Unknown
0.0,0.0,Migori,Kuria East,Nyabasi East,Village/Farm,Goats,Extensive,No,Unknown,No,No,No,Unknown,Unknown
40.502588,1.587346,Garissa,Ijara,Ijara,Village/Farm,Sheep,Extensive,No,Unknown,No,No,Unknown,Unknown,Unknown
40.737631,1.322383,Garissa,Ijara,Sangailu,Village/Farm,Sheep,Extensive,No,Unknown,No,No,Unknown,Unknown,Unknown
40.54193,1.567142,Garissa,Ijara,Ijara,Village/Farm,Sheep,Extensive,No,Unknown,No,No,Unknown,Unknown,Unknown
0.0,0.0,Mandera,Mandera North,Rhamu-Dimtu,Village/Farm,Goats,Extensive,No,Unknown,No,No,No,Unknown,Unknown
34.4785625,-1.2227509,Migori,Kuria West,Nyamosense/Komosoko,Abattoir,Cattle,Unknown,No,No,Unknown,No,Unknown,No,Unknown
34.4647045,-1.195042,Migori,Kuria West,Tagare,Abattoir,Cattle,Unknown,No,No,Unknown,No,Unknown,No,Unknown
37.6571216,-0.3211054,Tharaka-Nithi,Chuka/Igambang'Ombe,Karingani,Abattoir,Cattle,Unknown,Unknown,Unknown,Unknown,Unknown,Unknown,Unknown,Unknown
34.4451047,-1.1655437,Migori,Kuria West,Tagare,Market,Chicken,Unknown,Unknown,Unknown,Unknown,Unknown,Unknown,Unknown,No
36.6982492,1.1023893,Samburu,Samburu West,Maralal,Village/Farm,Cattle,Intensive,No,No,Unknown,No,Unknown,No,Unknown
38.0318963,-2.5320049,Makueni,Kibwezi East,Thange,Village/Farm,Sheep,Mixed,No,Unknown,No,No,Unknown,Unknown,Unknown
34.6481451,-0.6900427,Kisii,Bonchari,Riana,Market,Cattle,Unknown,No,No,Unknown,No,Unknown,No,Unknown
34.6222595,-1.1893503,Migori,Kuria West,Bukira East,Village/Farm,Cattle,Mixed,No,No,Unknown,No,Unknown,No,Unknown
37.446277141571045,0.2926075458526611,Isiolo,Isiolo North,Burat,Village/Farm,Cattle,Extensive,No,Unknown,Unknown,No,Unknown,No,Unknown
34.6433045,-0.858281,Migori,Rongo,South Kamagambo,Village/Farm,Cattle,Mixed,No,No,Unknown,Unknown,Unknown,No,Unknown
39.891814,-0.938334,Garissa,Fafi,Nanighi,Village/Farm,Goats,Intensive,No,Unknown,No,No,No,Unknown,Unknown
38.0292502,-2.52442,Makueni,Kibwezi East,Thange,Village/Farm,Sheep,Mixed,No,Unknown,No,No,Unknown,Unknown,Unknown
38.0686002,-2.6038257,Makueni,Kibwezi East,Ivingoni/Nzambani,Village/Farm,Cattle,Mixed,No,No,Unknown,No,Unknown,No,Unknown
34.7733183,-0.6732054,Kisii,Nyaribari Chache,Kisii Central,Village/Farm,Chicken,Mixed,Unknown,Unknown,Unknown,Unknown,Unknown,Unknown,No
38.0686002,-2.6038257,Makueni,Kibwezi East,Ivingoni/Nzambani,Village/Farm,Goats,Mixed,No,Unknown,No,No,No,Unknown,Unknown
34.7733777,-0.6733223,Kisii,Nyaribari Chache,Kisii Central,Village/Farm,Sheep,Mixed,No,Unknown,No,No,Unknown,Unknown,Unknown
34.7573332,-0.8526747,Kisii,Bobasi,Masige West,Village/Farm,Goats,Mixed,No,Unknown,No,No,No,Unknown,Unknown
38.0686002,-2.6038257,Makueni,Kibwezi East,Ivingoni/Nzambani,Village/Farm,Sheep,Mixed,No,Unknown,No,No,Unknown,Unknown,Unknown
37.43870794773102,0.3069251775741577,Isiolo,Isiolo North,Burat,Village/Farm,Sheep,Extensive,No,Unknown,No,No,Unknown,Unknown,Unknown
38.0686002,-2.6038257,Makueni,Kibwezi East,Ivingoni/Nzambani,Village/Farm,Cattle,Mixed,No,No,Unknown,No,Unknown,No,Unknown
37.6614447,-0.3168907,Tharaka-Nithi,Chuka/Igambang'Ombe,Karingani,Abattoir,Cattle,Unknown,Unknown,Unknown,Unknown,Unknown,Unknown,Unknown,Unknown
35.0723664,-0.5197697,Kericho,Bureti,Tebesonik,Village/Farm,Cattle,Mixed,No,No,Unknown,No,Unknown,No,Unknown
38.0695919,-2.6040385,Makueni,Kibwezi East,Ivingoni/Nzambani,Village/Farm,Cattle,Mixed,No,No,Unknown,No,Unknown,No,Unknown
37.36664666666666,-2.0211716666666666,Makueni,Kilome,Kasikeu,Abattoir,Cattle,Unknown,No,Unknown,Unknown,No,Unknown,No,Unknown
34.1564977,-0.843486,Migori,Nyatike,Kachien'G,Village/Farm,Goats,Extensive,No,Unknown,Unknown,No,Unknown,Unknown,Unknown
37.6148738,-0.3805964,Tharaka-Nithi,Chuka/Igambang'Ombe,Magumoni,Village/Farm,Cattle,Intensive,No,No,Unknown,No,Unknown,No,Unknown
40.3444281,3.9397196,Mandera,Banissa,Banissa,Village/Farm,Cattle,Extensive,No,No,Unknown,No,Unknown,No,Unknown
0.0,0.0,Migori,Kuria East,Nyabasi West,Village/Farm,Chicken,Mixed,Unknown,Unknown,Unknown,Unknown,Unknown,Unknown,No
39.5010738,-0.0510146,Garissa,Balambala,Sankuri,Village/Farm,Goats,Extensive,Unknown,Unknown,Unknown,Unknown,Unknown,Unknown,Unknown
0.0,0.0,Migori,Kuria East,Nyabasi West,Village/Farm,Cattle,Mixed,No,No,Unknown,No,Unknown,No,Unknown
38.0318963,-2.5320049,Makueni,Kibwezi East,Thange,Village/Farm,Cattle,Mixed,No,No,Unknown,No,Unknown,No,Unknown
38.0113864,-2.5027524,Makueni,Kibwezi East,Thange,Village/Farm,Goats,Mixed,No,Unknown,No,No,No,Unknown,Unknown
37.6571216,-0.3211054,Tharaka-Nithi,Chuka/Igambang'Ombe,Karingani,Abattoir,Cattle,Unknown,Unknown,Unknown,Unknown,Unknown,Unknown,Unknown,Unknown
0.0,0.0,Migori,Kuria East,Nyabasi West,Village/Farm,Goats,Extensive,No,Unknown,No,No,No,Unknown,Unknown
38.0282579,-2.526435,Makueni,Kibwezi East,Thange,Village/Farm,Cattle,Mixed,No,No,Unknown,No,Unknown,No,Unknown
39.6761654,-4.0448493,Makueni,Kibwezi East,Thange,Village/Farm,Goats,Mixed,No,Unknown,No,No,No,Unknown,Unknown
37.38517333333333,-1.94659,Makueni,Kilome,Kasikeu,Market,Cattle,Unknown,No,No,Unknown,No,Unknown,No,Unknown
34.7734495,-0.6731313,Kisii,Nyaribari Chache,Kisii Central,Village/Farm,Cattle,Mixed,No,No,Unknown,No,Unknown,No,Unknown
34.7735242,-0.673234,Kisii,Nyaribari Chache,Kisii Central,Village/Farm,Goats,Mixed,No,Unknown,No,No,No,Unknown,Unknown
37.645361,-0.334787,Tharaka-Nithi,Chuka/Igambang'Ombe,Karingani,Village/Farm,Cattle,Mixed,Unknown,Unknown,Unknown,Unknown,Unknown,Unknown,Unknown
38.0747982,-2.5951131,Makueni,Kibwezi East,Mtito Andei,Market,Goats,Unknown,No,Unknown,No,No,No,Unknown,Unknown
38.0747982,-2.5951131,Makueni,Kibwezi East,Mtito Andei,Market,Sheep,Unknown,No,Unknown,No,No,Unknown,Unknown,Unknown
38.0747982,-2.5951131,Makueni,Kibwezi East,Ivingoni/Nzambani,Market,Chicken,Unknown,Unknown,Unknown,Unknown,Unknown,Unknown,Unknown,No
37.38516,-1.946613333333333,Makueni,Kilome,Kasikeu,Market,Goats,Unknown,No,Unknown,No,No,No,Unknown,Unknown
0.0,0.0,Kisii,Bomachoge Chache,Boochi/Tendere,Village/Farm,Cattle,Mixed,No,No,Unknown,No,Unknown,Unknown,Unknown
0.0,0.0,Kisii,Bomachoge Chache,Boochi/Tendere,Village/Farm,Cattle,Mixed,No,No,Unknown,Unknown,Unknown,No,Unknown
34.617022,-1.1980801,Migori,Kuria West,Bukira East,Abattoir,Cattle,Unknown,No,No,Unknown,No,Unknown,No,Unknown
34.617022,-1.1980801,Migori,Kuria West,Bukira East,Abattoir,Goats,Unknown,No,Unknown,No,No,No,Unknown,Unknown
35.1136648,-0.6868017,Bomet,Sotik,Chemagel,Village/Farm,Chicken,Mixed,Unknown,Unknown,Unknown,Unknown,Unknown,Unknown,No
35.1136873,-0.6866979,Bomet,Sotik,Chemagel,Village/Farm,Cattle,Mixed,Unknown,Unknown,Unknown,No,Unknown,Unknown,Unknown
0.0,0.0,Kwale,Msambweni,Kinondo,Village/Farm,Cattle,Extensive,No,No,Unknown,No,Unknown,No,Unknown
34.4944887,-1.2372368,Migori,Kuria West,Isibania,Abattoir,Cattle,Unknown,No,No,Unknown,No,Unknown,No,Unknown
0.0,0.0,Kwale,Msambweni,Gombato Bongwe,Abattoir,Cattle,Extensive,No,No,Unknown,No,Unknown,No,Unknown
34.4944887,-1.2372368,Migori,Kuria West,Isibania,Abattoir,Goats,Unknown,No,Unknown,No,No,No,Unknown,Unknown
39.5619162,-4.2803831,Kwale,Msambweni,Gombato Bongwe,Abattoir,Cattle,Extensive,No,No,Unknown,No,Unknown,No,Unknown
34.4944965,-1.2372247,Migori,Kuria West,Isibania,Abattoir,Cattle,Unknown,No,No,Unknown,No,Unknown,No,Unknown
34.4944887,-1.2372368,Migori,Kuria West,Isibania,Abattoir,Goats,Unknown,No,Unknown,No,No,No,Unknown,Unknown
34.4411409,-1.16549,Migori,Kuria West,Tagare,Abattoir,Cattle,Unknown,No,No,Unknown,No,Unknown,No,Unknown
34.4411409,-1.16549,Migori,Kuria West,Tagare,Abattoir,Goats,Unknown,No,Unknown,No,No,No,Unknown,Unknown
38.0747982,-2.5951131,Makueni,Kibwezi East,Mtito Andei,Market,Cattle,Unknown,No,No,Unknown,No,Unknown,No,Unknown
34.754916,-0.646376,Kisii,Kitutu Chache South,Nyakoe,Village/Farm,Sheep,Mixed,No,Unknown,No,No,Unknown,Unknown,Unknown
39.0496786,-3.733362,Kwale,Kinango,Mackinnon Road,Village/Farm,Sheep,Extensive,No,Unknown,No,No,Unknown,Unknown,Unknown
41.1868197,3.1503332,Mandera,Lafey,Lafey,Village/Farm,Cattle,Unknown,No,No,Unknown,No,Unknown,No,Unknown
41.1880767,3.1505143,Mandera,Lafey,Lafey,Village/Farm,Camel,Unknown,No,Unknown,Unknown,No,Unknown,Unknown,Unknown
40.1566304,-3.1150343,Kilifi,Magarini,Magarini,Abattoir,Goats,Unknown,No,Unknown,No,No,No,Unknown,Unknown
34.7735614,-0.6777503,Kisii,Nyaribari Chache,Kisii Central,Village/Farm,Cattle,Mixed,No,No,Unknown,No,Unknown,No,Unknown
37.6553549,-0.2285315,Tharaka-Nithi,Maara,Chogoria,Village/Farm,Cattle,Intensive,No,No,Unknown,No,Unknown,No,Unknown
39.8597781,-3.5974814,Kilifi,Kilifi North,Sokoni,Abattoir,Cattle,Unknown,No,No,Unknown,No,Unknown,No,Unknown
39.8535716,-3.610285,Kilifi,Kilifi North,Sokoni,Abattoir,Goats,Unknown,No,Unknown,No,No,No,Unknown,Unknown
39.8535716,-3.610285,Kilifi,Kilifi North,Sokoni,Abattoir,Cattle,Unknown,No,No,Unknown,No,Unknown,No,Unknown
37.4992596,-1.7645618,Makueni,Kaiti,Ukia,Village/Farm,Cattle,Mixed,No,No,Unknown,No,Unknown,No,Unknown
37.4992596,-1.7645618,Makueni,Kaiti,Ukia,Village/Farm,Goats,Mixed,No,Unknown,No,No,No,Unknown,Unknown
37.5469306,-1.7667158,Makueni,Kaiti,Ukia,Village/Farm,Chicken,Intensive,Unknown,Unknown,Unknown,Unknown,Unknown,Unknown,No
37.3455381,-1.7041965,Makueni,Kaiti,Kee,Village/Farm,Cattle,Mixed,No,No,Unknown,No,Unknown,No,Unknown
39.4167026,-4.4110771,Kwale,Msambweni,Ramisi,Village/Farm,Cattle,Mixed,Unknown,Unknown,Unknown,Unknown,Unknown,Unknown,Unknown
41.1880767,3.1505143,Mandera,Lafey,Lafey,Village/Farm,Cattle,Unknown,No,No,Unknown,No,Unknown,No,Unknown
34.4944887,-1.2372368,Migori,Kuria West,Isibania,Abattoir,Cattle,Unknown,No,No,Unknown,No,Unknown,No,Unknown
41.1868197,3.1503332,Mandera,Lafey,Lafey,Village/Farm,Chicken,Unknown,Unknown,Unknown,Unknown,Unknown,Unknown,Unknown,No
34.4414874,-1.1664811,Migori,Kuria West,Tagare,Abattoir,Cattle,Unknown,No,No,Unknown,No,Unknown,No,Unknown
39.1418482,-3.7543,Kwale,Kinango,Mackinnon Road,Village/Farm,Goats,Extensive,No,Unknown,No,No,No,Unknown,Unknown
37.969686,-2.4057415,Makueni,Kibwezi West,Kikumbulyu South,Abattoir,Sheep,Unknown,No,Unknown,No,No,Unknown,Unknown,Unknown
37.969686,-2.4057415,Makueni,Kibwezi West,Kikumbulyu South,Abattoir,Cattle,Unknown,No,No,Unknown,No,Unknown,No,Unknown
35.8227123,-1.7068058,Narok,Narok South,Loita,Village/Farm,Cattle,Mixed,No,No,Unknown,No,Unknown,No,Unknown
35.5213722,0.6093171,Baringo,Baringo Central,Ewalel/Chapchap,Village/Farm,Cattle,Mixed,No,No,Unknown,No,Unknown,No,Unknown
39.3825,-4.4395,Kwale,Msambweni,Ramisi,Village/Farm,Cattle,Extensive,Unknown,Unknown,Unknown,Unknown,Unknown,Unknown,Unknown
39.4752816,-4.4601844,Kwale,Msambweni,Ramisi,Village/Farm,Cattle,Extensive,No,No,Unknown,No,Unknown,No,Unknown
39.3901459,-4.5249438,Kwale,Msambweni,Ramisi,Village/Farm,Cattle,Mixed,No,No,Unknown,No,Unknown,No,Unknown
37.969686,-2.4057415,Makueni,Kibwezi West,Kikumbulyu South,Abattoir,Goats,Unknown,No,Unknown,No,No,No,Unknown,Unknown
34.4414874,-1.1664811,Migori,Kuria West,Tagare,Abattoir,Goats,Unknown,No,Unknown,No,No,No,Unknown,Unknown
40.1566304,-3.1143003,Kilifi,Magarini,Magarini,Abattoir,Cattle,Unknown,No,No,Unknown,No,Unknown,No,Unknown
35.0038757,0.4433844,Nandi,Mosop,Chepterwai,Village/Farm,Cattle,Mixed,Unknown,Unknown,Unknown,Unknown,Unknown,Unknown,Unknown
34.7435195,-0.6630828,Kisii,Kitutu Chache South,Nyakoe,Village/Farm,Chicken,Intensive,Unknown,Unknown,Unknown,Unknown,Unknown,Unknown,No
34.754916,-0.646376,Kisii,Kitutu Chache South,Nyakoe,Village/Farm,Goats,Mixed,No,Unknown,No,No,No,Unknown,Unknown
34.754916,-0.646376,Kisii,Kitutu Chache South,Nyakoe,Village/Farm,Cattle,Mixed,No,No,Unknown,No,Unknown,No,Unknown
39.3832314,-4.5886766,Kwale,Msambweni,Ramisi,Village/Farm,Cattle,Mixed,No,No,Unknown,No,Unknown,No,Unknown
37.968548,-2.4066588,Makueni,Kibwezi West,Kikumbulyu South,Abattoir,Goats,Unknown,No,Unknown,No,No,No,Unknown,Unknown
39.3832314,-4.5886766,Kwale,Msambweni,Ramisi,Village/Farm,Cattle,Extensive,No,No,Unknown,No,Unknown,No,Unknown
39.4798103,-4.4680631,Kwale,Msambweni,Ramisi,Village/Farm,Cattle,Mixed,No,No,Unknown,No,Unknown,No,Unknown
0.0,0.0,Kisii,Bomachoge Borabu,Bokimonge,Village/Farm,Cattle,Mixed,No,No,Unknown,No,Unknown,Unknown,Unknown
35.173315,-0.7352841,Bomet,Sotik,Chemagel,Village/Farm,Sheep,Mixed,No,Unknown,Unknown,Unknown,Unknown,Unknown,Unknown
35.173315,-0.7352841,Bomet,Sotik,Rongena/Manaret,Village/Farm,Chicken,Mixed,Unknown,Unknown,Unknown,Unknown,Unknown,Unknown,No
37.1484721,-1.8760097,Makueni,Kilome,Kiima Kiu/Kalanzoni,Village/Farm,Sheep,Extensive,No,Unknown,No,No,Unknown,Unknown,Unknown
37.5836043,0.3518705,Isiolo,Isiolo North,Wabera,Village/Farm,Goats,Extensive,No,Unknown,No,No,No,Unknown,Unknown
37.5836043,0.3518705,Isiolo,Isiolo North,Wabera,Village/Farm,Sheep,Extensive,No,Unknown,No,No,Unknown,Unknown,Unknown
36.5957259,1.0440977,Samburu,Samburu West,Loosuk,Village/Farm,Cattle,Intensive,No,No,Unknown,No,Unknown,No,Unknown
37.38502666666667,-1.9483283333333328,Makueni,Kilome,Kasikeu,Abattoir,Cattle,Unknown,No,No,Unknown,No,Unknown,No,Unknown
34.7563351,-0.6199286,Kisii,Kitutu Chache South,Nyakoe,Market,Cattle,Mixed,No,No,Unknown,No,Unknown,No,Unknown
37.383696666666665,-1.9490166666666664,Makueni,Kilome,Kasikeu,Abattoir,Goats,Unknown,No,Unknown,No,No,No,Unknown,Unknown
34.7563351,-0.6199286,Kisii,Kitutu Chache South,Nyakoe,Market,Goats,Mixed,No,Unknown,No,No,No,Unknown,Unknown
35.8707619,-1.0767631,Narok,Narok North,Narok Town,Village/Farm,Chicken,Unknown,Unknown,Unknown,Unknown,Unknown,Unknown,Unknown,Unknown
35.8712485,-1.0911869,Narok,Narok North,Narok Town,Village/Farm,Goats,Unknown,Unknown,Unknown,Unknown,Unknown,Unknown,Unknown,Unknown
34.7563351,-0.6199286,Kisii,Kitutu Chache South,Nyakoe,Market,Chicken,Intensive,Unknown,Unknown,Unknown,Unknown,Unknown,Unknown,No
35.8741686,-1.083309,Narok,Narok North,Narok Town,Village/Farm,Chicken,Unknown,Unknown,Unknown,Unknown,Unknown,Unknown,Unknown,Unknown
0.0,0.0,Kisii,Bomachoge Borabu,Bokimonge,Village/Farm,Cattle,Mixed,No,No,Unknown,Unknown,Unknown,Unknown,Unknown
37.73150166666667,-1.9141233333333327,Makueni,Makueni,Kathonzweni,Abattoir,Goats,Unknown,No,Unknown,No,No,No,Unknown,Unknown
34.7545706,-0.6239123,Kisii,Kitutu Chache South,Nyakoe,Village/Farm,Sheep,Mixed,No,Unknown,No,No,Unknown,Unknown,Unknown
37.72866833333333,-1.9098683333333333,Makueni,Makueni,Kathonzweni,Abattoir,Goats,Unknown,No,Unknown,No,No,No,Unknown,Unknown
39.5358699,-4.3545405,Kwale,Msambweni,Kinondo,Village/Farm,Cattle,Intensive,Unknown,Unknown,Unknown,No,Unknown,Unknown,Unknown
37.73145833333333,-1.914145,Makueni,Makueni,Kathonzweni,Abattoir,Cattle,Unknown,No,No,Unknown,No,Unknown,No,Unknown
39.5625622,-4.2808512,Kwale,Msambweni,Gombato Bongwe,Abattoir,Cattle,Extensive,No,No,Unknown,No,Unknown,No,Unknown
37.72713833333333,-1.9094883333333332,Makueni,Makueni,Kathonzweni,Abattoir,Goats,Unknown,No,Unknown,No,No,No,Unknown,Unknown
39.5559572,-4.3662875,Kwale,Msambweni,Kinondo,Village/Farm,Cattle,Intensive,Unknown,Unknown,Unknown,No,Unknown,Unknown,Unknown
39.5559572,-4.3662875,Kwale,Msambweni,Kinondo,Village/Farm,Cattle,Intensive,No,Unknown,Unknown,Unknown,Unknown,Unknown,Unknown
39.5559572,-4.3662875,Kwale,Msambweni,Kinondo,Village/Farm,Cattle,Intensive,Unknown,Unknown,Unknown,No,Unknown,Unknown,Unknown
39.5559572,-4.3662875,Kwale,Msambweni,Kinondo,Village/Farm,Cattle,Intensive,No,Unknown,Unknown,Unknown,Unknown,Unknown,Unknown
39.5358699,-4.3545405,Kwale,Msambweni,Kinondo,Village/Farm,Cattle,Intensive,Unknown,Unknown,Unknown,Unknown,Unknown,No,Unknown
39.5718677,-4.3207227,Kwale,Msambweni,Kinondo,Abattoir,Cattle,Extensive,No,Unknown,Unknown,Unknown,Unknown,Unknown,Unknown
39.5718677,-4.3207227,Kwale,Msambweni,Kinondo,Abattoir,Goats,Extensive,Unknown,Unknown,Unknown,Unknown,No,Unknown,Unknown
37.72741166666666,-1.909405,Makueni,Makueni,Kathonzweni,Abattoir,Cattle,Unknown,No,No,Unknown,No,Unknown,No,Unknown
37.72729666666667,-1.909505,Makueni,Makueni,Kathonzweni,Abattoir,Cattle,Unknown,No,No,Unknown,No,Unknown,No,Unknown
37.7146306,-1.9007129,Makueni,Makueni,Kathonzweni,Abattoir,Goats,Unknown,No,Unknown,No,No,No,Unknown,Unknown
36.1013999,-1.0935881,Narok,Narok East,Mosiro,Crush,Cattle,Mixed,No,No,Unknown,No,Unknown,No,Unknown
39.5718677,-4.3207227,Kwale,Msambweni,Kinondo,Abattoir,Cattle,Extensive,Unknown,Unknown,Unknown,Unknown,Unknown,No,Unknown
39.5718677,-4.3207227,Kwale,Msambweni,Kinondo,Abattoir,Sheep,Extensive,Unknown,Unknown,No,Unknown,Unknown,Unknown,Unknown
36.1013999,-1.0935881,Narok,Narok East,Mosiro,Crush,Sheep,Mixed,No,Unknown,No,No,Unknown,Unknown,Unknown
2.0,0.01,Kericho,Ainamoi,Ainamoi,Village/Farm,Cattle,Mixed,No,No,Unknown,No,Unknown,Unknown,Unknown
39.3270858,-0.1335179,Garissa,Balambala,Saka,Village/Farm,Sheep,Extensive,Unknown,Unknown,Unknown,Unknown,Unknown,Unknown,Unknown
39.3270858,-0.1335179,Garissa,Balambala,Saka,Village/Farm,Goats,Extensive,No,Unknown,Unknown,No,No,Unknown,Unknown
37.968548,-2.4066588,Makueni,Kibwezi West,Kikumbulyu South,Abattoir,Cattle,Unknown,No,No,Unknown,No,Unknown,No,Unknown
37.9726654,-2.4014457,Makueni,Kibwezi West,Kikumbulyu South,Abattoir,Sheep,Unknown,No,Unknown,No,No,Unknown,Unknown,Unknown
39.3270858,-0.1335179,Garissa,Balambala,Saka,Village/Farm,Cattle,Extensive,No,No,Unknown,No,Unknown,No,Unknown
0.0,0.0,Kericho,Sigowet/Soin,Soin,Market,Goats,Extensive,Unknown,Unknown,Unknown,No,No,Unknown,Unknown
39.3270858,-0.1335179,Garissa,Balambala,Saka,Village/Farm,Camel,Extensive,No,Unknown,Unknown,No,Unknown,Unknown,Unknown
35.0723664,-0.5197697,Kericho,Bureti,Tebesonik,Village/Farm,Cattle,Mixed,No,No,Unknown,No,Unknown,No,Unknown
35.0723664,-0.5197697,Kericho,Bureti,Tebesonik,Village/Farm,Goats,Mixed,No,Unknown,No,No,No,Unknown,Unknown
34.4938038,-1.2369857,Migori,Kuria West,Isibania,Abattoir,Goats,Unknown,No,Unknown,No,No,No,Unknown,Unknown
34.7162311,-0.4894186,Homa Bay,Kasipul,West Kamagak,Village/Farm,Cattle,Mixed,No,No,Unknown,No,Unknown,No,Unknown
39.5044897,-0.0587177,Garissa,Balambala,Sankuri,Village/Farm,Sheep,Extensive,No,Unknown,No,No,Unknown,Unknown,Unknown
39.5044897,-0.0587177,Garissa,Balambala,Sankuri,Village/Farm,Goats,Extensive,No,Unknown,No,No,No,Unknown,Unknown
34.4425271,-1.1647238,Migori,Kuria West,Tagare,Abattoir,Cattle,Unknown,No,No,Unknown,No,Unknown,No,Unknown
37.6603511,-0.3154362,Tharaka-Nithi,Chuka/Igambang'Ombe,Karingani,Village/Farm,Cattle,Intensive,No,No,Unknown,No,Unknown,No,Unknown
37.584586,0.35739,Isiolo,Isiolo North,Burat,Abattoir,Goats,Unknown,No,Unknown,No,No,No,Unknown,Unknown
37.9753137,-2.401853,Makueni,Kibwezi West,Kikumbulyu South,Abattoir,Goats,Unknown,No,Unknown,No,No,No,Unknown,Unknown
0.0,0.0,Kisii,Bomachoge Chache,Bosoti/Sengera,Village/Farm,Cattle,Mixed,No,No,Unknown,No,Unknown,Unknown,Unknown
34.4425271,-1.1647238,Migori,Kuria West,Tagare,Abattoir,Goats,Unknown,No,Unknown,No,No,No,Unknown,Unknown
0.0,0.0,Kisii,Bomachoge Borabu,Magenche,Village/Farm,Cattle,Mixed,No,No,Unknown,No,Unknown,No,Unknown
37.9726654,-2.4014457,Makueni,Kibwezi West,Kikumbulyu South,Abattoir,Cattle,Unknown,No,No,Unknown,No,Unknown,No,Unknown
37.9743206,-2.3979345,Makueni,Kibwezi West,Kikumbulyu South,Abattoir,Goats,Unknown,No,Unknown,No,No,No,Unknown,Unknown
0.0,0.0,Kisii,Bomachoge Borabu,Magenche,Village/Farm,Cattle,Mixed,No,No,Unknown,No,Unknown,No,Unknown
0.0,0.0,Kisii,Bomachoge Borabu,Magenche,Village/Farm,Cattle,Mixed,No,No,Unknown,No,Unknown,No,Unknown
37.6614447,-0.3168907,Tharaka-Nithi,Chuka/Igambang'Ombe,Karingani,Abattoir,Goats,Unknown,Unknown,Unknown,Unknown,Unknown,Unknown,Unknown,Unknown
34.7244143,-0.7960016,Kisii,Bomachoge Chache,Bosoti/Sengera,Village/Farm,Cattle,Mixed,No,No,Unknown,No,Unknown,No,Unknown
0.0,0.0,Kisii,Bobasi,Basi Central,Village/Farm,Cattle,Mixed,No,No,Unknown,No,Unknown,Unknown,Unknown
37.4533,-1.892735,Makueni,Kilome,Kasikeu,Abattoir,Goats,Unknown,No,Unknown,No,No,No,Unknown,Unknown
34.7223416,-0.796175,Kisii,Bomachoge Chache,Bosoti/Sengera,Village/Farm,Sheep,Mixed,No,Unknown,No,No,Unknown,Unknown,Unknown
34.7233629,-0.7963218,Kisii,Bomachoge Chache,Bosoti/Sengera,Village/Farm,Chicken,Mixed,Unknown,Unknown,Unknown,Unknown,Unknown,Unknown,No
37.45346,-1.8926866666666669,Makueni,Kilome,Kasikeu,Abattoir,Sheep,Unknown,No,Unknown,No,No,Unknown,Unknown,Unknown
37.36823,-2.019251666666667,Makueni,Kilome,Kasikeu,Abattoir,Goats,Unknown,No,Unknown,No,No,No,Unknown,Unknown
37.45301666666667,-1.892975,Makueni,Kilome,Kasikeu,Abattoir,Cattle,Unknown,No,No,Unknown,No,Unknown,No,Unknown
37.36825666666667,-2.019175,Makueni,Kilome,Kasikeu,Abattoir,Cattle,Unknown,No,No,Unknown,No,Unknown,No,Unknown
34.4938038,-1.2369857,Migori,Kuria West,Isibania,Abattoir,Cattle,Unknown,No,No,Unknown,No,Unknown,No,Unknown
37.466856666666665,-1.892595,Makueni,Kilome,Kasikeu,Abattoir,Goats,Unknown,No,Unknown,No,No,No,Unknown,Unknown
35.8510004,-1.8559613,Narok,Narok South,Loita,Village/Farm,Cattle,Mixed,No,No,Unknown,No,Unknown,No,Unknown
37.73669333333333,-1.9197366666666664,Makueni,Makueni,Kathonzweni,Abattoir,Cattle,Unknown,No,No,Unknown,No,Unknown,No,Unknown
34.6502196,-0.6900255,Kisii,Bonchari,Riana,Village/Farm,Cattle,Unknown,No,No,Unknown,No,Unknown,No,Unknown
37.72696333333333,-1.90711,Makueni,Makueni,Kathonzweni,Market,Cattle,Unknown,No,No,Unknown,No,Unknown,No,Unknown
37.6088838,-0.2451205,Tharaka-Nithi,Maara,Chogoria,Village/Farm,Cattle,Intensive,No,No,Unknown,No,Unknown,No,Unknown
37.726805,-1.9073100000000005,Makueni,Makueni,Kathonzweni,Market,Sheep,Unknown,No,Unknown,No,No,Unknown,Unknown,Unknown
37.9309414,0.2674668,Meru,Igembe Central,Njia,Village/Farm,Cattle,Mixed,No,No,Unknown,No,Unknown,No,Unknown
37.584586,0.357379,Isiolo,Isiolo North,Burat,Abattoir,Cattle,Unknown,No,No,Unknown,No,Unknown,No,Unknown
37.584586,0.357379,Isiolo,Isiolo North,Burat,Abattoir,Camel,Unknown,No,Unknown,Unknown,Unknown,Unknown,Unknown,Unknown
37.73663333333333,-1.9198066666666669,Makueni,Makueni,Kathonzweni,Abattoir,Sheep,Unknown,No,Unknown,No,No,Unknown,Unknown,Unknown
37.73663833333333,-1.9196883333333328,Makueni,Makueni,Kathonzweni,Abattoir,Goats,Unknown,No,Unknown,No,No,No,Unknown,Unknown
39.5663739,-4.3368681,Kwale,Msambweni,Kinondo,Abattoir,Goats,Extensive,Unknown,Unknown,Unknown,Unknown,No,Unknown,Unknown
39.5639393,-4.3265251,Kwale,Msambweni,Kinondo,Abattoir,Goats,Extensive,Unknown,Unknown,No,Unknown,Unknown,Unknown,Unknown
37.681835,-1.8673433333333336,Makueni,Makueni,Muvau/Kikuumini,Abattoir,Goats,Unknown,No,Unknown,No,No,No,Unknown,Unknown
37.584586,0.357379,Isiolo,Isiolo North,Burat,Abattoir,Sheep,Unknown,Unknown,Unknown,No,No,Unknown,Unknown,Unknown
34.4937701,-1.2369116,Migori,Kuria West,Isibania,Abattoir,Cattle,Unknown,No,No,Unknown,No,Unknown,No,Unknown
39.5639393,-4.3265251,Kwale,Msambweni,Kinondo,Abattoir,Cattle,Extensive,No,Unknown,Unknown,Unknown,Unknown,Unknown,Unknown
39.5363518,-4.3531802,Kwale,Msambweni,Kinondo,Abattoir,Goats,Extensive,No,Unknown,Unknown,Unknown,Unknown,Unknown,Unknown
34.4937701,-1.2369116,Migori,Kuria West,Isibania,Abattoir,Goats,Unknown,No,Unknown,No,No,No,Unknown,Unknown
39.5639393,-4.3265251,Kwale,Msambweni,Kinondo,Abattoir,Cattle,Extensive,Unknown,Unknown,Unknown,Unknown,Unknown,No,Unknown
37.66477,-0.3196737,Tharaka-Nithi,Chuka/Igambang'Ombe,Karingani,Abattoir,Goats,Unknown,Unknown,Unknown,Unknown,Unknown,Unknown,Unknown,Unknown
34.6166125,-1.1967605,Migori,Kuria West,Bukira East,Abattoir,Cattle,Unknown,No,No,Unknown,No,Unknown,No,Unknown
35.8697399,-1.0804394,Narok,Narok North,Narok Town,Village/Farm,Chicken,Unknown,Unknown,Unknown,Unknown,Unknown,Unknown,Unknown,Unknown
35.140893,-0.6850531,Bomet,Sotik,Chemagel,Village/Farm,Goats,Mixed,Unknown,Unknown,Unknown,Unknown,No,Unknown,Unknown
35.140893,-0.6850531,Bomet,Sotik,Chemagel,Village/Farm,Cattle,Mixed,Unknown,Unknown,Unknown,No,Unknown,Unknown,Unknown
37.40214943885803,0.3483867645263672,Isiolo,Isiolo North,Burat,Village/Farm,Goats,Extensive,No,Unknown,No,No,No,Unknown,Unknown
39.5663739,-4.3368681,Kwale,Msambweni,Kinondo,Abattoir,Cattle,Extensive,No,Unknown,Unknown,Unknown,Unknown,Unknown,Unknown
39.5363518,-4.3531802,Kwale,Msambweni,Kinondo,Abattoir,Cattle,Extensive,No,Unknown,Unknown,Unknown,Unknown,Unknown,Unknown
39.5663739,-4.3368681,Kwale,Msambweni,Kinondo,Abattoir,Cattle,Extensive,No,Unknown,Unknown,Unknown,Unknown,Unknown,Unknown
39.5192803,-4.3903817,Kwale,Msambweni,Kinondo,Village/Farm,Cattle,Intensive,No,Unknown,Unknown,Unknown,Unknown,Unknown,Unknown
39.3849628,-3.7953683,Kwale,Kinango,Chengoni/Samburu,Village/Farm,Cattle,Extensive,No,No,Unknown,No,Unknown,No,Unknown
37.38488666666667,-1.9465816666666669,Makueni,Kilome,Kasikeu,Market,Cattle,Mixed,No,No,Unknown,No,Unknown,No,Unknown
37.384971666666665,-1.9466250000000005,Makueni,Kilome,Kasikeu,Market,Goats,Mixed,No,Unknown,No,No,No,Unknown,Unknown
34.6659849,-0.661816,Kisii,Bonchari,Riana,Village/Farm,Chicken,Intensive,Unknown,Unknown,Unknown,Unknown,Unknown,Unknown,No
37.6890399,-0.3034941,Tharaka-Nithi,Chuka/Igambang'Ombe,Mariani,Village/Farm,Cattle,Intensive,No,No,Unknown,No,Unknown,No,Unknown
39.5196382,-4.3901506,Kwale,Msambweni,Kinondo,Village/Farm,Cattle,Intensive,No,Unknown,Unknown,Unknown,Unknown,Unknown,Unknown
35.16937,0.569476,Nandi,Emgwen,Kapsabet,Village/Farm,Cattle,Extensive,No,No,Unknown,No,Unknown,No,Unknown
34.4447148,-1.1663587,Migori,Kuria West,Tagare,Abattoir,Cattle,Unknown,No,No,Unknown,No,Unknown,No,Unknown
34.4447148,-1.1663587,Migori,Kuria West,Tagare,Abattoir,Goats,Unknown,No,Unknown,No,No,No,Unknown,Unknown
37.6453292,-0.3361193,Tharaka-Nithi,Chuka/Igambang'Ombe,Mugwe,Village/Farm,Cattle,Mixed,Unknown,Unknown,Unknown,Unknown,Unknown,Unknown,Unknown
34.759405,-0.8551112,Kisii,Bobasi,Masige West,Village/Farm,Chicken,Mixed,Unknown,Unknown,Unknown,Unknown,Unknown,Unknown,No
37.3837631,-1.941617,Makueni,Kilome,Kasikeu,Abattoir,Cattle,Unknown,No,No,Unknown,No,Unknown,No,Unknown
37.3837631,-1.941617,Makueni,Kilome,Kasikeu,Abattoir,Goats,Unknown,No,Unknown,No,No,No,Unknown,Unknown
37.3837631,-1.941617,Makueni,Kilome,Kasikeu,Abattoir,Sheep,Unknown,No,Unknown,No,No,Unknown,Unknown,Unknown
35.0586039,-0.5924337,Kericho,Bureti,Tebesonik,Village/Farm,Cattle,Mixed,No,No,Unknown,No,Unknown,No,Unknown
35.0586039,-0.5924337,Kericho,Bureti,Tebesonik,Village/Farm,Goats,Mixed,No,Unknown,No,No,No,Unknown,Unknown
37.3623305,-1.791809,Makueni,Kaiti,Ilima,Abattoir,Cattle,Extensive,Unknown,Unknown,Unknown,Unknown,Unknown,Unknown,Unknown
34.4782161,-1.2217589,Migori,Kuria West,Nyamosense/Komosoko,Abattoir,Cattle,Unknown,No,No,Unknown,No,Unknown,No,Unknown
34.6036403,-1.252013,Migori,Kuria West,Bukira East,Market,Cattle,Unknown,No,No,Unknown,No,Unknown,No,Unknown
34.4435668,-1.1679459,Migori,Kuria West,Tagare,Abattoir,Cattle,Unknown,No,No,Unknown,No,Unknown,No,Unknown
34.6239392,-1.1857973,Migori,Kuria West,Bukira East,Market,Cattle,Unknown,No,No,Unknown,No,Unknown,No,Unknown
34.6239392,-1.1857973,Migori,Kuria West,Bukira East,Market,Goats,Unknown,No,Unknown,No,No,No,Unknown,Unknown
34.6239392,-1.1857973,Migori,Kuria West,Bukira East,Market,Sheep,Unknown,No,Unknown,No,No,Unknown,Unknown,Unknown
34.6036403,-1.252013,Migori,Kuria West,Bukira East,Market,Chicken,Unknown,Unknown,Unknown,Unknown,Unknown,Unknown,Unknown,No
35.3076971,-0.0655875,Nandi,Tinderet,Songhor/Soba,Village/Farm,Cattle,Mixed,No,No,Unknown,No,Unknown,No,Unknown
34.7317762,-0.8150965,Kisii,Bomachoge Chache,Boochi/Tendere,Village/Farm,Cattle,Mixed,No,No,Unknown,No,Unknown,No,Unknown
38.739483,0.0097651,Garissa,Balambala,Danyere,Village/Farm,Sheep,Extensive,No,Unknown,No,No,Unknown,Unknown,Unknown
39.5707278,-4.3247327,Kwale,Msambweni,Kinondo,Abattoir,Cattle,Extensive,No,Unknown,Unknown,Unknown,Unknown,Unknown,Unknown
39.5707278,-4.3247327,Kwale,Msambweni,Kinondo,Abattoir,Goats,Extensive,Unknown,Unknown,No,Unknown,Unknown,Unknown,Unknown
37.453745000000005,-1.89241,Makueni,Kilome,Kasikeu,Abattoir,Cattle,Unknown,No,No,Unknown,No,Unknown,No,Unknown
37.453905,-1.8923616666666665,Makueni,Kilome,Kasikeu,Abattoir,Goats,Unknown,No,Unknown,No,No,No,Unknown,Unknown
34.6415756,-0.6803015,Kisii,Bonchari,Riana,Market,Cattle,Unknown,No,No,Unknown,No,Unknown,No,Unknown
37.441271666666665,-1.8887166666666668,Makueni,Kilome,Kasikeu,Village/Farm,Cattle,Mixed,No,No,Unknown,No,Unknown,No,Unknown
37.66069666666667,-1.8523433333333332,Makueni,Makueni,Muvau/Kikuumini,Abattoir,Goats,Unknown,No,Unknown,No,No,No,Unknown,Unknown
37.77042333333333,-2.005975,Makueni,Makueni,Kathonzweni,Abattoir,Goats,Unknown,No,Unknown,No,No,No,Unknown,Unknown
37.72660833333334,-1.9078883333333327,Makueni,Makueni,Kathonzweni,Market,Cattle,Unknown,No,No,Unknown,No,Unknown,No,Unknown
37.81096166666667,-1.9822533333333332,Makueni,Makueni,Kitise/Kithuki,Village/Farm,Goats,Mixed,No,Unknown,No,No,No,Unknown,Unknown
37.732465000000005,-1.9140733333333333,Makueni,Makueni,Kathonzweni,Abattoir,Goats,Unknown,No,Unknown,No,No,No,Unknown,Unknown
35.8557709,-1.8556001,Narok,Narok South,Loita,Village/Farm,Cattle,Mixed,No,No,Unknown,No,Unknown,No,Unknown
35.8527042,-1.8514271,Narok,Narok South,Loita,Village/Farm,Sheep,Mixed,No,Unknown,No,No,Unknown,Unknown,Unknown
34.7761656,-0.685815,Kisii,Nyaribari Chache,Kiogoro,Village/Farm,Cattle,Intensive,No,No,Unknown,No,Unknown,No,Unknown
34.4435668,-1.1679459,Migori,Kuria West,Tagare,Abattoir,Goats,Unknown,No,Unknown,No,No,No,Unknown,Unknown
34.4924183,-1.2297763,Migori,Kuria West,Isibania,Abattoir,Cattle,Unknown,No,No,Unknown,No,Unknown,No,Unknown
34.4924183,-1.2297763,Migori,Kuria West,Isibania,Abattoir,Goats,Unknown,No,Unknown,No,No,No,Unknown,Unknown
40.0961408,-3.2092445,Kilifi,Malindi,Malindi Town,Village/Farm,Goats,Extensive,No,Unknown,No,No,No,Unknown,Unknown
40.0673147,-3.2302499,Kilifi,Malindi,Malindi Town,Village/Farm,Goats,Extensive,No,Unknown,No,No,No,Unknown,Unknown
37.3640787,-2.0072601,Makueni,Kilome,Kasikeu,Abattoir,Cattle,Unknown,No,No,Unknown,No,Unknown,No,Unknown
37.3640787,-2.0072601,Makueni,Kilome,Kasikeu,Abattoir,Sheep,Unknown,No,Unknown,No,No,Unknown,Unknown,Unknown
37.9686928,-2.4055271,Makueni,Kibwezi West,Kikumbulyu South,Abattoir,Goats,Mixed,No,Unknown,No,No,No,Unknown,Unknown
37.3640787,-2.0072601,Makueni,Kilome,Kasikeu,Market,Goats,Mixed,No,Unknown,No,No,No,Unknown,Unknown
37.359437,-1.9849577,Makueni,Kilome,Kasikeu,Market,Cattle,Mixed,No,No,Unknown,No,Unknown,No,Unknown
35.1318631,0.5070384,Nandi,Mosop,Ndalat,Village/Farm,Cattle,Mixed,Unknown,Unknown,Unknown,Unknown,Unknown,Unknown,Unknown
37.625854,-1.8055122,Makueni,Makueni,Muvau/Kikuumini,Abattoir,Goats,Unknown,No,Unknown,No,No,No,Unknown,Unknown
37.663845,-1.8509483333333336,Makueni,Makueni,Muvau/Kikuumini,Abattoir,Goats,Unknown,No,Unknown,No,No,No,Unknown,Unknown
37.72659333333333,-1.9085400000000003,Makueni,Makueni,Kathonzweni,Market,Goats,Unknown,No,Unknown,No,No,No,Unknown,Unknown
34.7269403,-0.533891,Homa Bay,Kasipul,South Kasipul,Village/Farm,Chicken,Mixed,Unknown,Unknown,Unknown,Unknown,Unknown,Unknown,No
34.5974942,-0.7607168,Migori,Rongo,Central Kamagambo,Village/Farm,Cattle,Mixed,No,No,Unknown,No,Unknown,No,Unknown
34.5973141,-0.7626678,Migori,Rongo,Central Kamagambo,Village/Farm,Chicken,Mixed,Unknown,Unknown,Unknown,Unknown,Unknown,Unknown,No
37.72953,-1.861615,Makueni,Makueni,Mavindini,Village/Farm,Chicken,Mixed,Unknown,Unknown,Unknown,Unknown,Unknown,Unknown,Unknown
37.72933,-1.861615,Makueni,Makueni,Mavindini,Village/Farm,Chicken,Mixed,Unknown,Unknown,Unknown,Unknown,Unknown,Unknown,Unknown
37.735485,-1.929415,Makueni,Makueni,Kathonzweni,Village/Farm,Chicken,Mixed,Unknown,Unknown,Unknown,Unknown,Unknown,Unknown,Unknown
0.0,0.0,Baringo,Baringo North,Saimo/Kipsaraman,Abattoir,Goats,Extensive,No,Unknown,No,No,No,Unknown,Unknown
39.5761282,-4.2358742,Kwale,Matuga,Tiwi,Village/Farm,Cattle,Mixed,No,No,Unknown,No,Unknown,Unknown,Unknown
37.735485,-1.929415,Makueni,Makueni,Kathonzweni,Village/Farm,Chicken,Mixed,Unknown,Unknown,Unknown,Unknown,Unknown,Unknown,Unknown
37.844932,-1.84489,Makueni,Makueni,Mavindini,Village/Farm,Chicken,Mixed,Unknown,Unknown,Unknown,Unknown,Unknown,Unknown,Unknown
37.6617772,-0.0160377,Meru,Central Imenti,Abothuguchi Central,Abattoir,Cattle,Intensive,No,No,Unknown,No,Unknown,No,Unknown
37.6617772,-0.0160377,Meru,Central Imenti,Abothuguchi Central,Crush,Chicken,Intensive,Unknown,Unknown,Unknown,Unknown,Unknown,Unknown,No
39.1529003,-3.7576352,Kwale,Kinango,Mackinnon Road,Village/Farm,Sheep,Extensive,No,Unknown,No,No,Unknown,Unknown,Unknown
37.0073197,-0.3111985,Nyeri,Kieni,Thegu River,Abattoir,Chicken,Intensive,Unknown,Unknown,Unknown,Unknown,Unknown,Unknown,No
35.1600491,-0.2712227,Kericho,Sigowet/Soin,Soin,Crush,Cattle,Mixed,No,No,Unknown,No,Unknown,No,Unknown
35.1487071,-0.3834547,Kericho,Sigowet/Soin,Sigowet,Village/Farm,Cattle,Mixed,No,Unknown,Unknown,No,Unknown,No,Unknown
34.7269403,-0.533891,Homa Bay,Kasipul,South Kasipul,Village/Farm,Cattle,Mixed,No,No,Unknown,No,Unknown,No,Unknown
35.7990168,0.638102,Baringo,Baringo North,Saimo/Kipsaraman,Abattoir,Sheep,Extensive,No,Unknown,No,No,Unknown,Unknown,Unknown
37.4439599,-1.7380932,Makueni,Kaiti,Kee,Village/Farm,Cattle,Mixed,No,No,Unknown,No,Unknown,No,Unknown
39.1311269,-3.7515263,Kwale,Kinango,Mackinnon Road,Village/Farm,Cattle,Extensive,No,No,Unknown,No,Unknown,No,Unknown
35.1377073,-0.5874897,Kericho,Bureti,Tebesonik,Village/Farm,Cattle,Mixed,No,No,Unknown,Unknown,Unknown,No,Unknown
41.1877625,3.1505294,Mandera,Lafey,Lafey,Village/Farm,Camel,Unknown,No,Unknown,Unknown,No,Unknown,Unknown,Unknown
0.0,0.0,Kisii,Bomachoge Borabu,Magenche,Village/Farm,Goats,Mixed,No,Unknown,No,No,No,Unknown,Unknown
0.0,0.0,Kisii,Bomachoge Borabu,Magenche,Village/Farm,Goats,Mixed,No,Unknown,No,No,No,Unknown,Unknown
0.0,0.0,Kisii,Bomachoge Borabu,Magenche,Village/Farm,Goats,Mixed,No,Unknown,No,No,Unknown,Unknown,Unknown
37.692753,0.401655,Isiolo,Isiolo North,Ngare Mara,Village/Farm,Goats,Intensive,No,Unknown,No,No,No,Unknown,Unknown
37.554421,0.371055,Isiolo,Isiolo North,Burat,Village/Farm,Sheep,Extensive,No,Unknown,No,No,Unknown,Unknown,Unknown
39.0855617,-3.7436748,Kwale,Kinango,Mackinnon Road,Village/Farm,Goats,Extensive,No,Unknown,No,No,No,Unknown,Unknown
37.3830549,-1.9401013,Makueni,Kilome,Kasikeu,Abattoir,Goats,Unknown,No,Unknown,No,No,No,Unknown,Unknown
37.72647666666667,-1.9078783333333331,Makueni,Makueni,Kathonzweni,Market,Cattle,Unknown,No,No,Unknown,No,Unknown,No,Unknown
37.96636166666666,-2.4118383333333333,Makueni,Kibwezi West,Kikumbulyu South,Market,Cattle,Unknown,No,No,Unknown,No,Unknown,No,Unknown
37.4326176,-1.7322547,Makueni,Kaiti,Ukia,Village/Farm,Cattle,Mixed,No,No,Unknown,No,Unknown,No,Unknown
37.5650594,-1.763246,Makueni,Kaiti,Ukia,Village/Farm,Cattle,Mixed,No,No,Unknown,No,Unknown,No,Unknown
37.5650594,-1.763246,Makueni,Kaiti,Ukia,Village/Farm,Goats,Mixed,No,Unknown,No,No,No,Unknown,Unknown
37.5650594,-1.763246,Makueni,Kaiti,Ukia,Village/Farm,Sheep,Mixed,No,Unknown,No,No,Unknown,Unknown,Unknown
37.588867,0.347853,Isiolo,Isiolo North,Wabera,Village/Farm,Goats,Extensive,No,Unknown,No,No,No,Unknown,Unknown
37.72629666666667,-1.907773333333333,Makueni,Makueni,Kathonzweni,Market,Cattle,Unknown,No,No,Unknown,No,Unknown,No,Unknown
37.964876,-2.41103,Makueni,Kibwezi West,Kikumbulyu South,Abattoir,Goats,Unknown,No,Unknown,No,No,No,Unknown,Unknown
41.1868197,3.1503332,Mandera,Lafey,Lafey,Village/Farm,Chicken,Unknown,Unknown,Unknown,Unknown,Unknown,Unknown,Unknown,No
41.1868197,3.1503332,Mandera,Lafey,Lafey,Village/Farm,Camel,Unknown,No,Unknown,Unknown,Unknown,Unknown,Unknown,Unknown
41.1868197,3.1503332,Mandera,Lafey,Lafey,Village/Farm,Sheep,Unknown,No,Unknown,No,No,Unknown,Unknown,Unknown
35.8347347,-1.8603193,Narok,Narok South,Loita,Village/Farm,Cattle,Mixed,No,No,Unknown,No,Unknown,No,Unknown
41.1874482,3.1505445,Mandera,Lafey,Lafey,Village/Farm,Goats,Mixed,No,Unknown,No,No,No,Unknown,Unknown
38.0156874,-2.5080509,Makueni,Kibwezi East,Thange,Market,Cattle,Mixed,No,No,Unknown,No,Unknown,No,Unknown
41.1868197,3.1503332,Mandera,Lafey,Lafey,Village/Farm,Cattle,Unknown,No,No,Unknown,No,Unknown,No,Unknown
41.1868197,3.1503332,Mandera,Lafey,Lafey,Village/Farm,Cattle,Unknown,No,No,Unknown,No,Unknown,No,Unknown
41.1880767,3.1505143,Mandera,Lafey,Lafey,Village/Farm,Cattle,Unknown,No,No,Unknown,No,Unknown,No,Unknown
41.1877625,3.1505294,Mandera,Lafey,Lafey,Village/Farm,Chicken,Unknown,Unknown,Unknown,Unknown,Unknown,Unknown,Unknown,No
38.739485,0.097653,Garissa,Balambala,Danyere,Village/Farm,Cattle,Extensive,Unknown,Unknown,Unknown,Unknown,Unknown,Unknown,Unknown
38.01574166666667,-2.324045,Makueni,Kibwezi West,Kikumbulyu North,Abattoir,Goats,Unknown,No,Unknown,No,No,No,Unknown,Unknown
37.96736333333333,-2.4109616666666667,Makueni,Kibwezi West,Kikumbulyu South,Abattoir,Cattle,Unknown,No,No,Unknown,No,Unknown,No,Unknown
38.11670333333333,-2.3576,Makueni,Kibwezi West,Kikumbulyu South,Market,Goats,Unknown,No,Unknown,No,No,No,Unknown,Unknown
39.8776796,-3.5444095,Kilifi,Kilifi North,Sokoni,Abattoir,Cattle,Unknown,No,No,Unknown,No,Unknown,No,Unknown
39.8776796,-3.5444095,Kilifi,Kilifi North,Tezo,Abattoir,Cattle,Unknown,No,No,Unknown,No,Unknown,No,Unknown
37.969155,-2.4074633333333333,Makueni,Kibwezi West,Kikumbulyu South,Abattoir,Goats,Unknown,No,Unknown,No,No,No,Unknown,Unknown
41.1874482,3.1505445,Mandera,Lafey,Lafey,Village/Farm,Cattle,Unknown,No,No,Unknown,No,Unknown,No,Unknown
34.0945897,0.1952306,Busia,Funyula,Bwiri,Village/Farm,Cattle,Intensive,No,No,Unknown,No,Unknown,No,Unknown
0.0,0.0,Kisii,Bomachoge Borabu,Bokimonge,Village/Farm,Cattle,Mixed,No,No,Unknown,No,Unknown,Unknown,Unknown
0.0,0.0,Makueni,Makueni,Wote,Abattoir,Sheep,Unknown,No,Unknown,No,No,Unknown,Unknown,Unknown
39.6439131,0.4712461,Garissa,Balambala,Balambala,Village/Farm,Cattle,Extensive,No,No,Unknown,No,Unknown,No,Unknown
39.15421,-3.757895,Kwale,Kinango,Mackinnon Road,Village/Farm,Cattle,Extensive,No,No,Unknown,No,Unknown,No,Unknown
39.1932108,-3.7676867,Kwale,Kinango,Mackinnon Road,Village/Farm,Goats,Extensive,No,Unknown,No,No,No,Unknown,Unknown
34.6591947,-0.7071708,Kisii,Bonchari,Riana,Village/Farm,Cattle,Mixed,No,No,Unknown,No,Unknown,No,Unknown
34.7505711,-0.7681433,Kisii,Bomachoge Chache,Majoge Basi,Village/Farm,Chicken,Intensive,Unknown,Unknown,Unknown,Unknown,Unknown,Unknown,No
39.467531,0.0152041,Garissa,Balambala,Saka,Village/Farm,Cattle,Extensive,No,No,Unknown,No,Unknown,No,Unknown
0.0,0.0,Kisii,Bomachoge Borabu,Magenche,Village/Farm,Cattle,Mixed,No,No,Unknown,No,Unknown,Unknown,Unknown
0.0,0.0,Kisii,Bomachoge Borabu,Bokimonge,Village/Farm,Cattle,Mixed,No,No,Unknown,No,Unknown,No,Unknown
0.0,0.0,Kisii,Bomachoge Borabu,Bokimonge,Village/Farm,Cattle,Mixed,No,No,Unknown,No,Unknown,No,Unknown
0.0,0.0,Kisii,Bomachoge Borabu,Magenche,Village/Farm,Cattle,Mixed,No,No,Unknown,No,Unknown,No,Unknown
0.0,0.0,Kisii,Bomachoge Borabu,Magenche,Village/Farm,Cattle,Mixed,No,No,Unknown,No,Unknown,Unknown,Unknown
0.0,0.0,Kisii,Bomachoge Borabu,Magenche,Village/Farm,Cattle,Mixed,No,No,Unknown,No,Unknown,No,Unknown
0.0,0.0,Kisii,Bomachoge Borabu,Bokimonge,Village/Farm,Cattle,Mixed,No,No,Unknown,No,Unknown,No,Unknown
0.0,0.0,Kisii,Bomachoge Chache,Boochi/Tendere,Village/Farm,Cattle,Mixed,No,No,Unknown,No,Unknown,No,Unknown
39.4367531,0.0152041,Garissa,Balambala,Saka,Village/Farm,Goats,Extensive,Unknown,Unknown,Unknown,Unknown,Unknown,Unknown,Unknown
0.0,0.0,Kisii,Bomachoge Borabu,Magenche,Village/Farm,Cattle,Mixed,No,No,Unknown,No,Unknown,Unknown,Unknown
34.4757911,-1.2180555,Migori,Kuria West,Nyamosense/Komosoko,Abattoir,Cattle,Unknown,No,No,Unknown,No,Unknown,No,Unknown
36.7054105,1.0918299,Samburu,Samburu West,Maralal,Market,Cattle,Extensive,No,No,Unknown,No,Unknown,No,Unknown
36.7054105,1.0918299,Samburu,Samburu West,Maralal,Market,Sheep,Extensive,No,Unknown,No,No,Unknown,Unknown,Unknown
36.7054105,1.0918299,Samburu,Samburu West,Maralal,Market,Goats,Extensive,No,Unknown,No,No,No,Unknown,Unknown
36.7054105,1.0918299,Samburu,Samburu West,Maralal,Market,Chicken,Extensive,Unknown,Unknown,Unknown,Unknown,Unknown,Unknown,No
38.9128136,-4.0638235,Kwale,Kinango,Puma,Village/Farm,Chicken,Mixed,Unknown,Unknown,Unknown,Unknown,Unknown,Unknown,Unknown
39.5573935,-4.278884,Kwale,Msambweni,Gombato Bongwe,Abattoir,Cattle,Extensive,No,No,Unknown,No,Unknown,No,Unknown
39.5615931,-4.2801491,Kwale,Msambweni,Gombato Bongwe,Abattoir,Cattle,Extensive,No,No,Unknown,No,Unknown,No,Unknown
39.2130295,-3.7706567,Kwale,Kinango,Mackinnon Road,Village/Farm,Goats,Extensive,No,Unknown,No,No,No,Unknown,Unknown
39.1425919,-3.7542392,Kwale,Kinango,Mackinnon Road,Village/Farm,Goats,Extensive,No,Unknown,No,No,No,Unknown,Unknown
39.161683,-3.7600477,Kwale,Kinango,Mackinnon Road,Village/Farm,Goats,Extensive,No,Unknown,No,No,No,Unknown,Unknown
37.661921,-0.3158469,Tharaka-Nithi,Chuka/Igambang'Ombe,Karingani,Abattoir,Cattle,Unknown,Unknown,Unknown,Unknown,Unknown,Unknown,Unknown,Unknown
0.0,0.0,Makueni,Makueni,Wote,Abattoir,Cattle,Unknown,No,No,Unknown,No,Unknown,No,Unknown
0.0,0.0,Makueni,Makueni,Wote,Abattoir,Goats,Unknown,No,Unknown,No,No,No,Unknown,Unknown
39.0513721,-3.7344124,Kwale,Kinango,Mackinnon Road,Village/Farm,Goats,Extensive,No,Unknown,No,No,No,Unknown,Unknown
38.01633,0.558225,Isiolo,Isiolo North,Ngare Mara,Village/Farm,Sheep,Extensive,No,Unknown,No,No,Unknown,Unknown,Unknown
38.9252148,-4.0325743,Kwale,Kinango,Puma,Village/Farm,Chicken,Mixed,Unknown,Unknown,Unknown,Unknown,Unknown,Unknown,No
38.01633,0.558225,Isiolo,Isiolo North,Ngare Mara,Village/Farm,Goats,Extensive,No,Unknown,No,No,No,Unknown,Unknown
34.4938038,-1.2367364,Migori,Kuria West,Isibania,Abattoir,Cattle,Unknown,No,No,Unknown,No,Unknown,No,Unknown
34.4938038,-1.2367364,Migori,Kuria West,Nyamosense/Komosoko,Abattoir,Cattle,Unknown,No,No,Unknown,No,Unknown,No,Unknown
36.7097068,1.0640425,Samburu,Samburu West,Maralal,Village/Farm,Cattle,Mixed,No,No,Unknown,No,Unknown,No,Unknown
34.668267,-0.7462983,Kisii,South Mugirango,Tabaka,Village/Farm,Cattle,Mixed,No,No,Unknown,No,Unknown,No,Unknown
37.6579824,-0.2151973,Tharaka-Nithi,Maara,Chogoria,Crush,Cattle,Intensive,No,No,Unknown,No,Unknown,No,Unknown
37.594147,0.393607,Isiolo,Isiolo North,Ngare Mara,Village/Farm,Cattle,Intensive,No,No,Unknown,No,Unknown,No,Unknown
37.6579824,-0.2151973,Tharaka-Nithi,Maara,Chogoria,Crush,Chicken,Intensive,Unknown,Unknown,Unknown,Unknown,Unknown,Unknown,No
0.0,0.0,Makueni,Makueni,Wote,Abattoir,Cattle,Unknown,No,No,Unknown,No,Unknown,No,Unknown
0.0,0.0,Makueni,Makueni,Wote,Abattoir,Goats,Unknown,No,Unknown,No,No,No,Unknown,Unknown
37.6579824,-0.2151973,Tharaka-Nithi,Maara,Chogoria,Crush,Goats,Intensive,No,Unknown,No,No,No,Unknown,Unknown
37.5864268,0.3542638,Isiolo,Isiolo North,Wabera,Village/Farm,Sheep,Extensive,No,Unknown,No,No,Unknown,Unknown,Unknown
38.0156874,-2.5080509,Makueni,Kibwezi East,Thange,Village/Farm,Cattle,Mixed,No,No,Unknown,No,Unknown,No,Unknown
34.7569879,-0.8521867,Kisii,Bobasi,Masige West,Village/Farm,Chicken,Mixed,Unknown,Unknown,Unknown,Unknown,Unknown,Unknown,No
0.0,0.0,Nandi,Emgwen,Chepkumia,Village/Farm,Cattle,Mixed,No,No,Unknown,No,Unknown,No,Unknown
37.577588,0.335287,Isiolo,Isiolo North,Wabera,Village/Farm,Goats,Extensive,No,Unknown,No,No,No,Unknown,Unknown
37.96913166666666,-2.407366666666667,Makueni,Kibwezi West,Kikumbulyu South,Abattoir,Cattle,Unknown,No,No,Unknown,No,Unknown,No,Unknown
37.577588,0.335287,Isiolo,Isiolo North,Wabera,Village/Farm,Sheep,Extensive,No,Unknown,No,No,Unknown,Unknown,Unknown
37.99399666666667,-2.367656666666667,Makueni,Kibwezi West,Kikumbulyu South,Abattoir,Goats,Unknown,No,Unknown,No,No,No,Unknown,Unknown
38.020995,-2.32279,Makueni,Kibwezi West,Kikumbulyu North,Abattoir,Goats,Unknown,No,Unknown,No,No,No,Unknown,Unknown
34.4937564,-1.236698,Migori,Kuria West,Isibania,Abattoir,Cattle,Unknown,No,No,Unknown,No,Unknown,No,Unknown
0.0,0.0,Nandi,Emgwen,Chepkumia,Village/Farm,Cattle,Mixed,No,No,Unknown,No,Unknown,No,Unknown
34.4785625,-1.2222524,Migori,Kuria West,Nyamosense/Komosoko,Abattoir,Cattle,Unknown,No,No,Unknown,No,Unknown,No,Unknown
37.9897,-2.26385,Makueni,Kibwezi West,Kikumbulyu North,Abattoir,Goats,Unknown,No,Unknown,No,No,No,Unknown,Unknown
38.117711666666665,-2.356718333333333,Makueni,Kibwezi West,Kikumbulyu North,Market,Goats,Unknown,No,Unknown,No,No,No,Unknown,Unknown
34.4750606,-1.2188407,Migori,Kuria West,Nyamosense/Komosoko,Abattoir,Cattle,Unknown,No,No,Unknown,No,Unknown,No,Unknown
37.9942,-2.367738333333333,Makueni,Kibwezi West,Kikumbulyu South,Abattoir,Goats,Unknown,No,Unknown,No,No,No,Unknown,Unknown
34.4464484,-1.1719312,Migori,Kuria West,Tagare,Market,Cattle,Unknown,No,No,Unknown,No,Unknown,No,Unknown
36.6927725,1.0926138,Samburu,Samburu West,Poro,Village/Farm,Cattle,Mixed,No,Unknown,Unknown,No,Unknown,No,Unknown
34.4464484,-1.1719312,Migori,Kuria West,Tagare,Market,Goats,Unknown,No,Unknown,No,No,No,Unknown,Unknown
36.6927725,1.0926138,Samburu,Samburu West,Poro,Village/Farm,Sheep,Mixed,No,Unknown,No,Unknown,Unknown,Unknown,Unknown
36.6927725,1.0926138,Samburu,Samburu West,Poro,Village/Farm,Goats,Mixed,No,Unknown,No,Unknown,No,Unknown,Unknown
36.6927725,1.0926138,Samburu,Samburu West,Maralal,Village/Farm,Chicken,Unknown,Unknown,Unknown,Unknown,Unknown,Unknown,Unknown,No
34.4464484,-1.1719312,Migori,Kuria West,Tagare,Market,Sheep,Unknown,No,Unknown,No,No,Unknown,Unknown,Unknown
34.4489824,-1.181822,Migori,Kuria West,Tagare,Market,Chicken,Unknown,Unknown,Unknown,Unknown,Unknown,Unknown,Unknown,No
34.4473789,-1.1626647,Migori,Kuria West,Tagare,Abattoir,Cattle,Unknown,No,No,Unknown,No,Unknown,No,Unknown
34.4473789,-1.1626647,Migori,Kuria West,Tagare,Abattoir,Goats,Unknown,No,Unknown,No,No,No,Unknown,Unknown
37.829174,-2.2875528,Makueni,Kibwezi West,Makindu,Village/Farm,Sheep,Mixed,No,Unknown,No,No,Unknown,Unknown,Unknown
37.829174,-2.2875528,Makueni,Kibwezi West,Makindu,Village/Farm,Goats,Mixed,No,Unknown,No,No,No,Unknown,Unknown
37.829174,-2.2875528,Makueni,Kibwezi West,Makindu,Village/Farm,Chicken,Mixed,Unknown,Unknown,Unknown,Unknown,Unknown,Unknown,No
37.8368035,-2.2986621,Makueni,Kibwezi West,Makindu,Village/Farm,Cattle,Mixed,No,No,Unknown,No,Unknown,No,Unknown
37.8368035,-2.2986621,Makueni,Kibwezi West,Makindu,Village/Farm,Cattle,Mixed,No,No,Unknown,No,Unknown,No,Unknown
37.8371352,-2.2988984,Makueni,Kibwezi West,Makindu,Village/Farm,Sheep,Mixed,No,Unknown,No,No,Unknown,Unknown,Unknown
37.829174,-2.2875528,Makueni,Kibwezi West,Makindu,Village/Farm,Goats,Mixed,No,Unknown,No,No,No,Unknown,Unknown
34.3682913,-1.108079,Migori,Kuria West,Tagare,Abattoir,Cattle,Unknown,No,No,Unknown,No,Unknown,No,Unknown
37.829174,-2.2875528,Makueni,Kibwezi West,Makindu,Village/Farm,Cattle,Mixed,No,No,Unknown,No,Unknown,No,Unknown
37.829174,-2.2875528,Makueni,Kibwezi West,Makindu,Village/Farm,Chicken,Mixed,Unknown,Unknown,Unknown,Unknown,Unknown,Unknown,No
34.8584502,-0.8221836,Kisii,Bobasi,Basi Central,Village/Farm,Chicken,Mixed,Unknown,Unknown,Unknown,Unknown,Unknown,Unknown,No
37.8214831,-2.2838765,Makueni,Kibwezi West,Makindu,Village/Farm,Cattle,Mixed,No,No,Unknown,No,Unknown,No,Unknown
34.8636237,-0.8172271,Kisii,Bobasi,Basi Central,Village/Farm,Cattle,Mixed,No,No,Unknown,No,Unknown,No,Unknown
37.8265201,-2.2886216,Makueni,Kibwezi West,Makindu,Village/Farm,Goats,Mixed,No,Unknown,No,No,No,Unknown,Unknown
38.9128136,-4.0638235,Kwale,Kinango,Puma,Village/Farm,Chicken,Mixed,Unknown,Unknown,Unknown,Unknown,Unknown,Unknown,No
34.7300491,-0.7969445,Kisii,Bomachoge Chache,Majoge Basi,Village/Farm,Chicken,Mixed,Unknown,Unknown,Unknown,Unknown,Unknown,Unknown,No
34.7231133,-0.7961645,Kisii,Bomachoge Chache,Boochi/Tendere,Village/Farm,Sheep,Mixed,No,Unknown,No,No,Unknown,Unknown,Unknown
34.7300491,-0.7969445,Kisii,Bomachoge Chache,Majoge Basi,Village/Farm,Goats,Mixed,No,Unknown,No,No,No,Unknown,Unknown
34.617022,-1.1983288,Migori,Kuria West,Isibania,Abattoir,Goats,Unknown,No,Unknown,No,No,No,Unknown,Unknown
34.6152926,-1.1990998,Migori,Kuria West,Bukira East,Abattoir,Cattle,Unknown,No,No,Unknown,No,Unknown,No,Unknown
34.6152926,-1.1990998,Migori,Kuria West,Bukira East,Abattoir,Goats,Unknown,No,Unknown,No,No,No,Unknown,Unknown
34.4785625,-1.2222524,Migori,Kuria West,Nyamosense/Komosoko,Abattoir,Cattle,Unknown,No,No,Unknown,No,Unknown,No,Unknown
37.3535736,-1.797931,Makueni,Kaiti,Ilima,Abattoir,Goats,Unknown,No,Unknown,No,No,No,Unknown,Unknown
34.7303945,-0.7944866,Kisii,Bomachoge Chache,Bosoti/Sengera,Village/Farm,Chicken,Mixed,Unknown,Unknown,Unknown,Unknown,Unknown,Unknown,No
37.3535736,-1.797931,Makueni,Kaiti,Kilungu,Abattoir,Cattle,Unknown,No,No,Unknown,No,Unknown,No,Unknown
37.3535736,-1.797931,Makueni,Kaiti,Ilima,Abattoir,Cattle,Unknown,No,No,Unknown,No,Unknown,No,Unknown
37.3535736,-1.797931,Makueni,Kaiti,Kilungu,Abattoir,Cattle,Unknown,No,No,Unknown,No,Unknown,No,Unknown
37.3535736,-1.797931,Makueni,Kaiti,Kilungu,Abattoir,Goats,Unknown,No,Unknown,No,No,No,Unknown,Unknown
37.7209437,-1.9032387,Makueni,Makueni,Kathonzweni,Market,Cattle,Unknown,No,No,Unknown,No,Unknown,No,Unknown
35.0265974,-0.5346176,Kericho,Bureti,Kisiara,Crush,Cattle,Mixed,No,No,Unknown,No,Unknown,No,Unknown
34.617022,-1.1980801,Migori,Kuria West,Bukira East,Abattoir,Goats,Unknown,No,Unknown,No,No,No,Unknown,Unknown
37.9561113,-2.407421,Makueni,Kibwezi East,Thange,Village/Farm,Cattle,Mixed,No,No,Unknown,No,Unknown,No,Unknown
37.9561113,-2.407421,Makueni,Kibwezi East,Thange,Village/Farm,Goats,Mixed,No,Unknown,No,No,No,Unknown,Unknown
37.9561113,-2.407421,Makueni,Kibwezi East,Thange,Village/Farm,Sheep,Mixed,No,Unknown,No,No,Unknown,Unknown,Unknown
37.9561113,-2.407421,Makueni,Kibwezi East,Thange,Village/Farm,Chicken,Mixed,Unknown,Unknown,Unknown,Unknown,Unknown,Unknown,No
40.1570397,-3.1142218,Kilifi,Magarini,Gongoni,Village/Farm,Cattle,Extensive,No,No,Unknown,No,Unknown,No,Unknown
40.0669944,-3.2297737,Kilifi,Malindi,Malindi Town,Village/Farm,Goats,Extensive,No,Unknown,No,No,No,Unknown,Unknown
40.0669944,-3.2297737,Kilifi,Malindi,Malindi Town,Village/Farm,Sheep,Extensive,No,Unknown,No,No,Unknown,Unknown,Unknown
34.7237666,-0.7959465,Kisii,Bomachoge Chache,Boochi/Tendere,Village/Farm,Chicken,Mixed,Unknown,Unknown,Unknown,Unknown,Unknown,Unknown,No
34.7237666,-0.7959465,Kisii,Bomachoge Chache,Majoge Basi,Village/Farm,Cattle,Mixed,No,No,Unknown,No,Unknown,No,Unknown
37.3535736,-1.797931,Makueni,Kaiti,Kilungu,Market,Cattle,Mixed,No,No,Unknown,No,Unknown,No,Unknown
37.3535736,-1.797931,Makueni,Kaiti,Kilungu,Market,Goats,Mixed,No,Unknown,No,No,No,Unknown,Unknown
37.96095666666667,-2.4069700000000003,Makueni,Kibwezi West,Kikumbulyu South,Abattoir,Goats,Unknown,No,Unknown,No,No,No,Unknown,Unknown
38.0404954,-2.2618159,Makueni,Kibwezi West,Kikumbulyu North,Market,Goats,Unknown,No,Unknown,No,No,No,Unknown,Unknown
35.8452073,-1.7730329,Narok,Narok South,Loita,Village/Farm,Cattle,Mixed,No,No,Unknown,No,Unknown,No,Unknown
34.6419214,-0.6802987,Kisii,Bonchari,Riana,Market,Cattle,Unknown,No,No,Unknown,No,Unknown,No,Unknown
34.7442103,-0.8606776,Kisii,Bomachoge Chache,Bosoti/Sengera,Village/Farm,Sheep,Mixed,No,Unknown,No,No,Unknown,Unknown,Unknown
37.4943087,-1.7634554,Makueni,Kaiti,Ukia,Village/Farm,Cattle,Mixed,No,No,Unknown,No,Unknown,No,Unknown
37.4943087,-1.7634554,Makueni,Kaiti,Ukia,Village/Farm,Goats,Mixed,No,Unknown,No,No,No,Unknown,Unknown
37.4943087,-1.7634554,Makueni,Kaiti,Ukia,Village/Farm,Chicken,Mixed,Unknown,Unknown,Unknown,Unknown,Unknown,Unknown,No
34.617022,-1.1983288,Migori,Kuria West,Bukira East,Abattoir,Cattle,Unknown,No,No,Unknown,No,Unknown,No,Unknown
34.617022,-1.1983288,Migori,Kuria West,Bukira East,Abattoir,Goats,Unknown,No,Unknown,No,No,No,Unknown,Unknown
34.617022,-1.1983288,Migori,Kuria West,Isibania,Abattoir,Cattle,Unknown,No,No,Unknown,No,Unknown,No,Unknown
36.6927725,1.0926138,Samburu,Samburu West,Maralal,Village/Farm,Chicken,Intensive,Unknown,Unknown,Unknown,Unknown,Unknown,Unknown,No
37.650225,0.505331,Isiolo,Isiolo North,Ngare Mara,Village/Farm,Goats,Extensive,No,Unknown,No,No,No,Unknown,Unknown
37.650235,0.505331,Isiolo,Isiolo North,Ngare Mara,Village/Farm,Sheep,Extensive,No,Unknown,No,No,Unknown,Unknown,Unknown
34.6171319,-1.1983412,Migori,Kuria West,Bukira East,Abattoir,Cattle,Unknown,No,No,Unknown,No,Unknown,No,Unknown
37.5865276,0.354116,Isiolo,Isiolo North,Bulla Pesa,Village/Farm,Chicken,Intensive,Unknown,Unknown,Unknown,Unknown,Unknown,Unknown,No
38.11746,-2.3569033333333334,Makueni,Kibwezi West,Kikumbulyu North,Market,Goats,Unknown,No,Unknown,No,No,No,Unknown,Unknown
37.99424666666666,-2.367728333333333,Makueni,Kibwezi West,Kikumbulyu South,Abattoir,Goats,Unknown,No,Unknown,No,No,No,Unknown,Unknown
37.99455,-2.3679550000000003,Makueni,Kibwezi West,Kikumbulyu South,Abattoir,Goats,Unknown,No,Unknown,No,No,No,Unknown,Unknown
38.11785333333333,-2.3566,Makueni,Kibwezi West,Kikumbulyu North,Abattoir,Goats,Unknown,No,Unknown,No,No,No,Unknown,Unknown
35.9765314,0.4526085,Baringo,Baringo South,Marigat,Market,Chicken,Unknown,Unknown,Unknown,Unknown,Unknown,Unknown,Unknown,No
35.9765314,0.4526085,Baringo,Baringo South,Marigat,Market,Cattle,Unknown,No,No,Unknown,No,Unknown,No,Unknown
35.9765314,0.4526085,Baringo,Baringo South,Marigat,Market,Sheep,Unknown,No,Unknown,No,No,Unknown,Unknown,Unknown
35.9765314,0.4526085,Baringo,Baringo South,Marigat,Market,Goats,Unknown,No,Unknown,No,No,No,Unknown,Unknown
35.9728754,0.4590939,Baringo,Baringo South,Marigat,Market,Cattle,Unknown,No,No,Unknown,No,Unknown,No,Unknown
35.9728754,0.4590939,Baringo,Baringo South,Marigat,Market,Sheep,Unknown,No,Unknown,No,No,Unknown,Unknown,Unknown
35.9728754,0.4590939,Baringo,Baringo South,Marigat,Market,Goats,Unknown,No,Unknown,No,No,No,Unknown,Unknown
35.9728754,0.4590939,Baringo,Baringo South,Marigat,Market,Chicken,Unknown,Unknown,Unknown,Unknown,Unknown,Unknown,Unknown,No
34.6649959,-0.6564461,Kisii,Bonchari,Riana,Village/Farm,Chicken,Mixed,Unknown,Unknown,Unknown,Unknown,Unknown,Unknown,No
40.134554,-3.0595562,Kilifi,Magarini,Gongoni,Abattoir,Cattle,Unknown,No,No,Unknown,No,Unknown,No,Unknown
40.134554,-3.0595562,Kilifi,Magarini,Gongoni,Abattoir,Goats,Unknown,No,Unknown,No,No,No,Unknown,Unknown
34.6713073,-0.6612154,Kisii,Bonchari,Riana,Village/Farm,Chicken,Mixed,Unknown,Unknown,Unknown,Unknown,Unknown,Unknown,No
34.6171319,-1.1983412,Migori,Kuria West,Bukira East,Abattoir,Goats,Unknown,No,Unknown,No,No,No,Unknown,Unknown
34.4916148,-1.2349101,Migori,Kuria West,Isibania,Abattoir,Goats,Unknown,No,Unknown,No,No,No,Unknown,Unknown
34.6664679,-0.658563,Kisii,Bonchari,Riana,Village/Farm,Chicken,Intensive,Unknown,Unknown,Unknown,Unknown,Unknown,Unknown,No
34.4916148,-1.2349101,Migori,Kuria West,Isibania,Abattoir,Cattle,Unknown,No,No,Unknown,No,Unknown,No,Unknown
34.4750982,-1.2188134,Migori,Kuria West,Nyamosense/Komosoko,Abattoir,Cattle,Unknown,No,No,Unknown,No,Unknown,No,Unknown
34.4470324,-1.1781067,Migori,Kuria West,Tagare,Market,Cattle,Unknown,No,No,Unknown,No,Unknown,No,Unknown
37.586356,0.354462,Isiolo,Isiolo North,Bulla Pesa,Village/Farm,Cattle,Extensive,No,No,Unknown,No,Unknown,No,Unknown
34.4407943,-1.1669887,Migori,Kuria West,Tagare,Abattoir,Cattle,Unknown,No,No,Unknown,No,Unknown,Unknown,Unknown
34.4470324,-1.1781067,Migori,Kuria West,Tagare,Market,Sheep,Unknown,No,Unknown,No,No,Unknown,Unknown,Unknown
37.586356,0.354462,Isiolo,Isiolo North,Bulla Pesa,Village/Farm,Goats,Extensive,No,Unknown,No,No,No,Unknown,Unknown
34.4407943,-1.1669887,Migori,Kuria West,Tagare,Abattoir,Goats,Unknown,No,Unknown,No,No,No,Unknown,Unknown
36.6999342,1.0946275,Samburu,Samburu West,Maralal,Village/Farm,Cattle,Extensive,No,Unknown,Unknown,No,Unknown,No,Unknown
34.4653974,-1.1982707,Migori,Kuria West,Tagare,Abattoir,Cattle,Unknown,No,No,Unknown,No,Unknown,No,Unknown
37.588957,0.347945,Isiolo,Isiolo North,Wabera,Village/Farm,Goats,Extensive,No,Unknown,No,No,No,Unknown,Unknown
35.8414586,-1.7746117,Narok,Narok South,Loita,Village/Farm,Cattle,Mixed,No,No,Unknown,No,Unknown,No,Unknown
37.3535736,-1.797931,Makueni,Kaiti,Ilima,Abattoir,Cattle,Unknown,No,No,Unknown,No,Unknown,No,Unknown
0.0,0.0,Kisii,Nyaribari Masaba,Kiamokama,Village/Farm,Chicken,Mixed,Unknown,Unknown,Unknown,Unknown,Unknown,Unknown,No
37.3850406,-1.7151234,Makueni,Kaiti,Ilima,Abattoir,Cattle,Unknown,No,No,Unknown,No,Unknown,No,Unknown
37.8343049,-2.2530551,Makueni,Kibwezi West,Nguumo,Village/Farm,Cattle,Extensive,Unknown,Unknown,Unknown,Unknown,Unknown,Unknown,Unknown
39.8574295,-3.6095851,Kilifi,Kilifi North,Kibarani,Village/Farm,Cattle,Extensive,No,No,Unknown,No,Unknown,No,Unknown
34.4466858,-1.1778625,Migori,Kuria West,Tagare,Market,Chicken,Unknown,Unknown,Unknown,Unknown,Unknown,Unknown,Unknown,No
39.8574295,-3.6095851,Kilifi,Kilifi North,Kibarani,Village/Farm,Goats,Extensive,No,Unknown,No,No,No,Unknown,Unknown
37.3850406,-1.7151234,Makueni,Kaiti,Ilima,Abattoir,Goats,Unknown,No,Unknown,No,No,No,Unknown,Unknown
38.017335,-2.3261033333333336,Makueni,Kibwezi West,Kikumbulyu North,Abattoir,Goats,Unknown,No,Unknown,No,No,No,Unknown,Unknown
37.99421,-2.36774,Makueni,Kibwezi West,Kikumbulyu South,Abattoir,Goats,Unknown,No,Unknown,No,No,No,Unknown,Unknown
37.72953,-1.861615,Makueni,Makueni,Mavindini,Village/Farm,Chicken,Mixed,Unknown,Unknown,Unknown,Unknown,Unknown,Unknown,No
37.9613884,-2.4069858,Makueni,Kibwezi East,Thange,Village/Farm,Cattle,Mixed,No,No,Unknown,No,Unknown,No,Unknown
37.804762,-1.816156,Makueni,Makueni,Mavindini,Market,Chicken,Unknown,Unknown,Unknown,Unknown,Unknown,Unknown,Unknown,No
38.01757,-2.3202800000000003,Makueni,Kibwezi West,Kikumbulyu North,Market,Goats,Unknown,No,Unknown,No,No,No,Unknown,Unknown
37.99999833333333,-2.35922,Makueni,Kibwezi West,Kikumbulyu South,Abattoir,Goats,Unknown,No,Unknown,No,No,No,Unknown,Unknown
37.9561113,-2.407421,Makueni,Kibwezi East,Thange,Village/Farm,Chicken,Mixed,Unknown,Unknown,Unknown,Unknown,Unknown,Unknown,No
38.11745333333333,-2.3563466666666666,Makueni,Kibwezi West,Kikumbulyu North,Abattoir,Goats,Unknown,No,Unknown,No,No,No,Unknown,Unknown
37.804762,-1.816156,Makueni,Makueni,Mavindini,Village/Farm,Chicken,Mixed,Unknown,Unknown,Unknown,Unknown,Unknown,Unknown,Unknown
37.9415404,-2.4066625,Makueni,Kibwezi East,Thange,Village/Farm,Goats,Mixed,No,Unknown,No,No,No,Unknown,Unknown
37.72953,-1.861615,Makueni,Makueni,Mavindini,Village/Farm,Chicken,Mixed,Unknown,Unknown,Unknown,Unknown,Unknown,Unknown,No
37.9561113,-2.407421,Makueni,Kibwezi East,Thange,Village/Farm,Goats,Mixed,No,Unknown,No,No,No,Unknown,Unknown
38.739483,0.0097651,Garissa,Balambala,Danyere,Village/Farm,Cattle,Extensive,No,No,Unknown,No,Unknown,No,Unknown
0.0,0.0,Migori,Kuria East,Nyabasi West,Village/Farm,Cattle,Mixed,No,No,Unknown,No,Unknown,No,Unknown
39.3044897,0.0587177,Garissa,Balambala,Sankuri,Village/Farm,Cattle,Extensive,No,No,Unknown,No,Unknown,No,Unknown
34.4470324,-1.1781067,Migori,Kuria West,Tagare,Market,Goats,Unknown,No,Unknown,No,No,No,Unknown,Unknown
34.4667833,-1.1019713,Migori,Kuria West,Tagare,Abattoir,Cattle,Unknown,No,No,Unknown,No,Unknown,No,Unknown
35.62634541,-1.32148863,Narok,Narok West,Siana,Village/Farm,Cattle,Extensive,No,No,Unknown,No,Unknown,No,Unknown
35.62640471,-1.32122264,Narok,Narok West,Siana,Village/Farm,Sheep,Extensive,No,Unknown,No,No,Unknown,Unknown,Unknown
34.4407943,-1.1669887,Migori,Kuria West,Tagare,Abattoir,Cattle,Unknown,No,No,Unknown,No,Unknown,No,Unknown
40.610854,1.50088,Garissa,Ijara,Ijara,Crush,Sheep,Extensive,No,Unknown,No,No,Unknown,Unknown,Unknown
34.4407943,-1.1669887,Migori,Kuria West,Tagare,Abattoir,Goats,Unknown,No,Unknown,No,No,No,Unknown,Unknown
34.4518839,-1.1071379,Migori,Kuria West,Tagare,Market,Cattle,Unknown,No,No,Unknown,No,Unknown,No,Unknown
34.4518839,-1.1071379,Migori,Kuria West,Tagare,Market,Sheep,Unknown,No,Unknown,No,No,Unknown,Unknown,Unknown
34.4470324,-1.1786048,Migori,Kuria West,Tagare,Market,Goats,Unknown,No,Unknown,No,No,No,Unknown,Unknown
34.4470324,-1.1786048,Migori,Kuria West,Tagare,Market,Chicken,Unknown,Unknown,Unknown,Unknown,Unknown,Unknown,Unknown,No
34.4470324,-1.1786048,Migori,Kuria West,Tagare,Market,Chicken,Unknown,Unknown,Unknown,Unknown,Unknown,Unknown,Unknown,No
35.62636642,-1.32121041,Narok,Narok West,Siana,Village/Farm,Goats,Extensive,No,Unknown,No,No,No,Unknown,Unknown
35.6263681,-1.32119131,Narok,Narok West,Siana,Village/Farm,Chicken,Extensive,Unknown,Unknown,Unknown,Unknown,Unknown,Unknown,No
35.63317756,-1.33016015,Narok,Narok West,Siana,Village/Farm,Cattle,Extensive,No,No,Unknown,No,Unknown,No,Unknown
35.6332712,-1.33047915,Narok,Narok West,Siana,Village/Farm,Sheep,Extensive,No,Unknown,No,No,Unknown,Unknown,Unknown
35.6331626,-1.33071962,Narok,Narok West,Siana,Village/Farm,Goats,Extensive,No,Unknown,No,No,No,Unknown,Unknown
35.59456027,-1.40606979,Narok,Narok West,Siana,Village/Farm,Cattle,Extensive,No,No,Unknown,No,Unknown,No,Unknown
37.3813707,-1.8464578,Makueni,Kaiti,Ilima,Village/Farm,Cattle,Mixed,No,No,Unknown,No,Unknown,No,Unknown
37.3861746,-1.954399,Makueni,Kaiti,Ilima,Village/Farm,Chicken,Mixed,Unknown,Unknown,Unknown,Unknown,Unknown,Unknown,No
37.3861746,-1.954399,Makueni,Kaiti,Ilima,Village/Farm,Cattle,Mixed,No,No,Unknown,No,Unknown,No,Unknown
40.063341,1.355822,Garissa,Fafi,Bura,Village/Farm,Sheep,Extensive,No,Unknown,No,No,Unknown,Unknown,Unknown
35.7329474,0.4808464,Baringo,Baringo Central,Kabarnet,Village/Farm,Chicken,Extensive,Unknown,Unknown,Unknown,Unknown,Unknown,Unknown,No
35.7412189,0.4879672,Baringo,Baringo Central,Kabarnet,Village/Farm,Cattle,Mixed,No,No,Unknown,No,Unknown,No,Unknown
37.735485,-1.929415,Makueni,Makueni,Kathonzweni,Village/Farm,Chicken,Mixed,Unknown,Unknown,Unknown,Unknown,Unknown,Unknown,Unknown
34.4941389,-1.2366892,Migori,Kuria West,Isibania,Abattoir,Cattle,Unknown,No,No,Unknown,No,Unknown,No,Unknown
735485.0,-1.929415,Makueni,Makueni,Kathonzweni,Market,Chicken,Unknown,Unknown,Unknown,Unknown,Unknown,Unknown,Unknown,Unknown
37.4097641,-1.7185963,Makueni,Kaiti,Ukia,Village/Farm,Cattle,Mixed,No,No,Unknown,Unknown,Unknown,No,Unknown
34.4941389,-1.2366892,Migori,Kuria West,Isibania,Abattoir,Goats,Unknown,No,Unknown,No,No,No,Unknown,Unknown
37.3504988,-1.7043585,Makueni,Kaiti,Kee,Market,Cattle,Unknown,No,No,Unknown,No,Unknown,No,Unknown
37.385277,-1.952575,Makueni,Kaiti,Ilima,Abattoir,Cattle,Unknown,No,No,Unknown,No,Unknown,No,Unknown
37.3247976,-1.684172,Makueni,Kaiti,Ilima,Abattoir,Goats,Unknown,No,Unknown,No,No,No,Unknown,Unknown
35.9820836,0.48109,Baringo,Baringo South,Marigat,Village/Farm,Goats,Mixed,No,Unknown,No,No,No,Unknown,Unknown
35.9820836,0.48109,Baringo,Baringo South,Marigat,Village/Farm,Chicken,Mixed,Unknown,Unknown,Unknown,Unknown,Unknown,Unknown,No
38.117885,-2.356655,Makueni,Kibwezi West,Kikumbulyu South,Market,Goats,Unknown,No,Unknown,No,No,No,Unknown,Unknown
37.989848333333335,-2.262401666666667,Makueni,Kibwezi West,Kikumbulyu North,Abattoir,Goats,Unknown,No,Unknown,No,No,No,Unknown,Unknown
37.9710102,-2.4059452,Makueni,Kibwezi West,Kikumbulyu South,Abattoir,Goats,Unknown,No,Unknown,No,No,No,Unknown,Unknown
37.553471,-1.766727,Makueni,Kaiti,Kee,Village/Farm,Cattle,Mixed,No,No,Unknown,No,Unknown,No,Unknown
37.3247976,-1.684172,Makueni,Kaiti,Ilima,Abattoir,Cattle,Unknown,No,No,Unknown,No,Unknown,No,Unknown
38.116395,-2.354578333333333,Makueni,Kibwezi West,Kikumbulyu South,Abattoir,Goats,Unknown,No,Unknown,No,No,No,Unknown,Unknown
37.96629333333333,-2.405,Makueni,Kibwezi West,Kikumbulyu South,Abattoir,Goats,Unknown,No,Unknown,No,No,No,Unknown,Unknown
35.9883034,0.5353763,Baringo,Baringo South,Marigat,Crush,Goats,Mixed,No,Unknown,No,No,No,Unknown,Unknown
35.1899433,-0.5820189,Kericho,Bureti,Litein,Abattoir,Cattle,Unknown,No,No,Unknown,No,Unknown,No,Unknown
38.05609833333333,-2.20196,Makueni,Kibwezi West,Kikumbulyu North,Abattoir,Goats,Unknown,No,Unknown,No,No,No,Unknown,Unknown
34.4790424,-1.2292092,Migori,Kuria West,Nyamosense/Komosoko,Abattoir,Cattle,Unknown,No,No,Unknown,No,Unknown,No,Unknown
35.1899433,-0.5820189,Kericho,Bureti,Litein,Abattoir,Sheep,Unknown,No,Unknown,No,No,Unknown,Unknown,Unknown
34.4986527,-1.0583659,Migori,Kuria West,Tagare,Abattoir,Cattle,Unknown,No,No,Unknown,No,Unknown,No,Unknown
35.1902868,-0.582259,Kericho,Bureti,Litein,Abattoir,Goats,Unknown,No,Unknown,No,No,No,Unknown,Unknown
34.6484909,-0.6905297,Kisii,Bonchari,Riana,Market,Cattle,Unknown,No,No,Unknown,No,Unknown,No,Unknown
37.6361672,-0.2615521,Tharaka-Nithi,Maara,Muthambi,Crush,Cattle,Unknown,No,No,Unknown,No,Unknown,No,Unknown
37.6361672,-0.2615521,Tharaka-Nithi,Maara,Muthambi,Crush,Chicken,Extensive,Unknown,Unknown,Unknown,Unknown,Unknown,Unknown,No
34.6532016,-1.2612857,Migori,Kuria East,Nyabasi East,Village/Farm,Cattle,Mixed,No,No,Unknown,No,Unknown,No,Unknown
38.0316483,-2.5261326,Makueni,Kibwezi East,Thange,Village/Farm,Goats,Mixed,No,Unknown,No,No,No,Unknown,Unknown
34.6532016,-1.2612857,Migori,Kuria East,Nyabasi East,Village/Farm,Cattle,Mixed,No,No,Unknown,No,Unknown,No,Unknown
35.04772166666667,-0.0353483333333333,Nandi,Tinderet,Chemelil/Chemase,Village/Farm,Cattle,Mixed,No,No,Unknown,No,Unknown,No,Unknown
38.053265,-2.204623333333333,Makueni,Kibwezi West,Kikumbulyu North,Abattoir,Goats,Unknown,No,Unknown,No,No,No,Unknown,Unknown
34.617022,-1.1983288,Migori,Kuria West,Bukira East,Abattoir,Cattle,Unknown,No,No,Unknown,No,Unknown,No,Unknown
34.617022,-1.1983288,Migori,Kuria West,Bukira East,Abattoir,Goats,Unknown,No,Unknown,No,No,No,Unknown,Unknown
34.4934574,-1.2364922,Migori,Kuria West,Isibania,Abattoir,Cattle,Unknown,No,No,Unknown,No,Unknown,No,Unknown
34.4934574,-1.2364922,Migori,Kuria West,Isibania,Abattoir,Goats,Unknown,No,Unknown,No,No,No,Unknown,Unknown
34.4425271,-1.1652217,Migori,Kuria West,Tagare,Abattoir,Goats,Unknown,No,Unknown,No,No,No,Unknown,Unknown
37.4629708,-1.8725939,Makueni,Makueni,Nzaui/Kilili/Kalamba,Village/Farm,Cattle,Mixed,No,No,Unknown,No,Unknown,No,Unknown
34.97457166666666,-0.0219183333333333,Nandi,Tinderet,Chemelil/Chemase,Village/Farm,Cattle,Unknown,No,No,Unknown,No,Unknown,No,Unknown
34.953435,-0.02557,Nandi,Tinderet,Chemelil/Chemase,Village/Farm,Cattle,Mixed,No,No,Unknown,No,Unknown,No,Unknown
34.9699,-0.0269733333333333,Nandi,Tinderet,Chemelil/Chemase,Village/Farm,Cattle,Unknown,No,No,Unknown,No,Unknown,No,Unknown
34.96682,-0.030715,Nandi,Tinderet,Chemelil/Chemase,Village/Farm,Cattle,Unknown,No,No,Unknown,No,Unknown,No,Unknown
34.99175,-0.0054516666666666,Nandi,Aldai,Kobujoi,Village/Farm,Cattle,Unknown,No,No,Unknown,No,Unknown,No,Unknown
34.4934574,-1.2364922,Migori,Kuria West,Isibania,Abattoir,Cattle,Unknown,No,No,Unknown,No,Unknown,No,Unknown
34.4896473,-1.2313129,Migori,Kuria West,Isibania,Abattoir,Goats,Unknown,No,Unknown,No,No,No,Unknown,Unknown
34.4934574,-1.2364922,Migori,Kuria West,Isibania,Abattoir,Sheep,Unknown,No,Unknown,No,No,Unknown,Unknown,Unknown
0.0,0.0,Kisii,Nyaribari Masaba,Kiamokama,Village/Farm,Chicken,Extensive,Unknown,Unknown,Unknown,Unknown,Unknown,Unknown,No
34.96953166666666,-0.0267416666666666,Nandi,Tinderet,Chemelil/Chemase,Village/Farm,Cattle,Unknown,No,No,Unknown,No,Unknown,No,Unknown
34.99571666666667,-0.0194283333333333,Nandi,Tinderet,Chemelil/Chemase,Village/Farm,Cattle,Mixed,No,No,Unknown,No,Unknown,No,Unknown
34.97015666666667,-0.020245,Nandi,Tinderet,Chemelil/Chemase,Village/Farm,Cattle,Unknown,No,No,Unknown,No,Unknown,No,Unknown
35.02737666666667,-0.0366416666666666,Nandi,Tinderet,Chemelil/Chemase,Village/Farm,Cattle,Mixed,No,No,Unknown,No,Unknown,No,Unknown
34.98381333333334,-0.0178283333333333,Nandi,Tinderet,Chemelil/Chemase,Village/Farm,Goats,Unknown,No,Unknown,No,No,No,Unknown,Unknown
34.4425271,-1.1652217,Migori,Kuria West,Tagare,Abattoir,Cattle,Unknown,No,No,Unknown,No,Unknown,No,Unknown
35.016396666666665,-0.032625,Nandi,Tinderet,Chemelil/Chemase,Village/Farm,Cattle,Unknown,No,No,Unknown,No,Unknown,No,Unknown
34.97027333333333,-0.02059,Nandi,Tinderet,Chemelil/Chemase,Village/Farm,Cattle,Unknown,No,No,Unknown,No,Unknown,No,Unknown
37.96015,-2.4083233333333336,Makueni,Kibwezi West,Kikumbulyu South,Market,Goats,Unknown,No,Unknown,No,No,No,Unknown,Unknown
34.4487651,-1.181818,Migori,Kuria West,Tagare,Market,Goats,Unknown,No,Unknown,No,No,No,Unknown,Unknown
34.4487651,-1.181818,Migori,Kuria West,Tagare,Market,Sheep,Unknown,No,Unknown,No,No,Unknown,Unknown,Unknown
34.4487651,-1.181818,Migori,Kuria West,Tagare,Market,Cattle,Unknown,No,No,Unknown,No,Unknown,No,Unknown
34.4487651,-1.1337819,Migori,Kuria West,Tagare,Market,Chicken,Unknown,Unknown,Unknown,Unknown,Unknown,Unknown,Unknown,No
0.0,0.0,Migori,Kuria East,Nyabasi East,Village/Farm,Cattle,Mixed,No,No,Unknown,No,Unknown,No,Unknown
0.0,0.0,Migori,Kuria East,Nyabasi East,Village/Farm,Chicken,Mixed,Unknown,Unknown,Unknown,Unknown,Unknown,Unknown,No
34.611142,-1.2006521,Migori,Kuria West,Bukira East,Abattoir,Cattle,Unknown,No,No,Unknown,No,Unknown,No,Unknown
34.4903401,-1.2345437,Migori,Kuria West,Isibania,Abattoir,Cattle,Unknown,No,No,Unknown,No,Unknown,No,Unknown
34.493111,-1.236248,Migori,Kuria West,Isibania,Abattoir,Goats,Unknown,No,Unknown,No,No,No,Unknown,Unknown
35.7401763,0.4837614,Baringo,Baringo Central,Kabarnet,Village/Farm,Cattle,Mixed,No,No,Unknown,No,Unknown,No,Unknown
40.489837,1.588029,Garissa,Ijara,Ijara,Village/Farm,Sheep,Extensive,No,Unknown,No,No,Unknown,Unknown,Unknown
40.328094,1.951428,Garissa,Ijara,Masalani,Village/Farm,Sheep,Extensive,No,Unknown,Unknown,No,Unknown,Unknown,Unknown
0.0,0.0,Makueni,Kibwezi East,Thange,Market,Cattle,Unknown,No,No,Unknown,No,Unknown,No,Unknown
0.0,0.0,Makueni,Kibwezi East,Thange,Market,Goats,Unknown,Unknown,Unknown,No,No,No,Unknown,Unknown
37.2582509,-1.851265,Makueni,Kaiti,Kee,Village/Farm,Cattle,Mixed,No,No,Unknown,No,Unknown,No,Unknown
36.6927725,1.0926138,Samburu,Samburu West,Maralal,Village/Farm,Cattle,Extensive,No,Unknown,Unknown,No,Unknown,No,Unknown
36.6935308,1.0964113,Samburu,Samburu West,Maralal,Village/Farm,Sheep,Mixed,No,Unknown,No,Unknown,Unknown,Unknown,Unknown
37.3834797,-1.9593434,Makueni,Kaiti,Kilungu,Abattoir,Cattle,Unknown,No,No,Unknown,No,Unknown,No,Unknown
37.3834797,-1.9593434,Makueni,Kaiti,Kilungu,Abattoir,Goats,Unknown,No,Unknown,No,No,No,Unknown,Unknown
34.4935044,-1.2365265,Migori,Kuria West,Nyamosense/Komosoko,Abattoir,Cattle,Unknown,No,No,Unknown,No,Unknown,No,Unknown
34.442409,-1.1651428,Migori,Kuria West,Tagare,Abattoir,Goats,Unknown,No,Unknown,No,No,No,Unknown,Unknown
34.442409,-1.1651428,Migori,Kuria West,Tagare,Abattoir,Cattle,Unknown,No,No,Unknown,No,Unknown,No,Unknown
34.4935044,-1.2365265,Migori,Kuria West,Nyamosense/Komosoko,Abattoir,Goats,Unknown,No,Unknown,No,No,No,Unknown,Unknown
34.7877154,-1.3475837,Narok,Transmara West,Lolgorian,Village/Farm,Cattle,Extensive,No,No,Unknown,No,Unknown,No,Unknown
34.7866798,-1.353085,Narok,Transmara West,Lolgorian,Village/Farm,Sheep,Extensive,No,Unknown,No,No,Unknown,Unknown,Unknown
34.7877154,-1.3475837,Narok,Transmara West,Lolgorian,Village/Farm,Goats,Extensive,No,Unknown,No,No,No,Unknown,Unknown
37.96662,-2.411585,Makueni,Kibwezi West,Kikumbulyu South,Market,Goats,Unknown,No,Unknown,No,No,No,Unknown,Unknown
38.02074833333334,-2.323176666666667,Makueni,Kibwezi West,Kikumbulyu North,Abattoir,Goats,Unknown,No,Unknown,No,No,No,Unknown,Unknown
38.01755666666666,-2.320426666666666,Makueni,Kibwezi West,Kikumbulyu North,Market,Goats,Unknown,No,Unknown,No,No,No,Unknown,Unknown
34.7521533,-0.6493292,Kisii,Kitutu Chache South,Nyakoe,Market,Cattle,Mixed,No,No,Unknown,No,Unknown,No,Unknown
34.7521533,-0.6493292,Kisii,Kitutu Chache South,Nyakoe,Village/Farm,Goats,Mixed,No,Unknown,No,No,No,Unknown,Unknown
34.7521533,-0.6493292,Kisii,Kitutu Chache South,Nyakoe,Village/Farm,Chicken,Intensive,Unknown,Unknown,Unknown,Unknown,Unknown,Unknown,No
40.727308,1.314069,Garissa,Ijara,Masalani,Village/Farm,Sheep,Extensive,No,Unknown,Unknown,No,Unknown,Unknown,Unknown
34.652294,-0.6924573,Kisii,Bonchari,Riana,Market,Cattle,Unknown,No,No,Unknown,No,Unknown,No,Unknown
40.166917,1.549093,Garissa,Ijara,Masalani,Village/Farm,Sheep,Extensive,No,Unknown,Unknown,No,Unknown,Unknown,Unknown
37.811288,-2.2725632,Makueni,Kibwezi West,Makindu,Village/Farm,Cattle,Mixed,No,No,Unknown,No,Unknown,No,Unknown
38.0338808,-2.5277269,Makueni,Kibwezi East,Thange,Village/Farm,Goats,Mixed,No,Unknown,No,No,No,Unknown,Unknown
38.0312348,-2.52658,Makueni,Kibwezi East,Thange,Village/Farm,Cattle,Mixed,No,No,Unknown,No,Unknown,No,Unknown
37.334629,-1.8341833,Makueni,Kaiti,Ilima,Abattoir,Cattle,Unknown,No,No,Unknown,No,Unknown,No,Unknown
34.8229176,-1.2156978,Narok,Transmara West,Lolgorian,Market,Cattle,Extensive,No,No,Unknown,No,Unknown,No,Unknown
34.8205022,-1.2206985,Narok,Transmara West,Lolgorian,Market,Sheep,Extensive,No,Unknown,No,No,Unknown,Unknown,Unknown
34.8205022,-1.2206985,Narok,Transmara West,Lolgorian,Market,Goats,Extensive,No,Unknown,No,No,No,Unknown,Unknown
0.0,0.0,Kisii,Bomachoge Chache,Boochi/Tendere,Village/Farm,Goats,Mixed,No,Unknown,No,No,No,Unknown,Unknown
0.0,0.0,Kisii,Bomachoge Chache,Boochi/Tendere,Village/Farm,Chicken,Mixed,Unknown,Unknown,Unknown,Unknown,Unknown,Unknown,No
37.96666166666667,-2.3726116666666663,Makueni,Kibwezi West,Kikumbulyu North,Village/Farm,Cattle,Mixed,No,No,Unknown,No,Unknown,No,Unknown
38.0338808,-2.5277269,Makueni,Kibwezi East,Thange,Village/Farm,Cattle,Mixed,No,No,Unknown,No,Unknown,No,Unknown
38.0308214,-2.5243041,Makueni,Kibwezi East,Thange,Market,Cattle,Mixed,No,No,Unknown,No,Unknown,No,Unknown
38.0308214,-2.5243041,Makueni,Kibwezi East,Mtito Andei,Village/Farm,Cattle,Mixed,No,No,Unknown,No,Unknown,No,Unknown
35.2100341,0.2708798,Nandi,Chesumei,Lelmokwo/Ngechek,Village/Farm,Cattle,Mixed,No,No,Unknown,No,Unknown,No,Unknown
38.0338808,-2.5277269,Makueni,Kibwezi East,Thange,Village/Farm,Cattle,Mixed,No,No,Unknown,No,Unknown,No,Unknown
34.6171077,-1.1983077,Migori,Kuria West,Bukira East,Abattoir,Cattle,Unknown,No,No,Unknown,No,Unknown,No,Unknown
38.0308214,-2.5243041,Makueni,Kibwezi East,Thange,Village/Farm,Goats,Mixed,No,Unknown,No,No,No,Unknown,Unknown
34.6171077,-1.1983077,Migori,Kuria West,Bukira East,Abattoir,Goats,Unknown,No,Unknown,No,No,No,Unknown,Unknown
38.05583666666666,-2.202035,Makueni,Kibwezi West,Kikumbulyu North,Market,Goats,Unknown,No,Unknown,No,No,No,Unknown,Unknown
34.4935044,-1.2365265,Migori,Kuria West,Isibania,Abattoir,Cattle,Unknown,No,No,Unknown,No,Unknown,No,Unknown
37.969211666666666,-2.407326666666667,Makueni,Kibwezi West,Kikumbulyu South,Abattoir,Cattle,Unknown,No,No,Unknown,No,Unknown,No,Unknown
0.0,0.0,Homa Bay,Suba,Ruma-Kaksingri,Village/Farm,Cattle,Mixed,No,No,Unknown,No,Unknown,No,Unknown
0.0,0.0,Homa Bay,Suba,Ruma-Kaksingri,Village/Farm,Chicken,Mixed,Unknown,Unknown,Unknown,Unknown,Unknown,Unknown,Unknown
34.5896937,-1.2390487,Migori,Kuria West,Bukira East,Village/Farm,Chicken,Mixed,Unknown,Unknown,Unknown,Unknown,Unknown,Unknown,No
34.6170966,-1.1982792,Migori,Kuria West,Bukira East,Abattoir,Cattle,Unknown,No,No,Unknown,No,Unknown,No,Unknown
34.4935044,-1.2365265,Migori,Kuria West,Isibania,Abattoir,Goats,Unknown,No,Unknown,No,No,No,Unknown,Unknown
34.4896473,-1.2315622,Migori,Kuria West,Isibania,Abattoir,Cattle,Unknown,No,No,Unknown,No,Unknown,No,Unknown
34.6170966,-1.1982792,Migori,Kuria West,Bukira East,Abattoir,Goats,Unknown,No,Unknown,No,No,No,Unknown,Unknown
34.4935044,-1.2365265,Migori,Kuria West,Isibania,Abattoir,Cattle,Unknown,No,No,Unknown,No,Unknown,No,Unknown
34.4996731,-1.2348503,Migori,Kuria West,Isibania,Abattoir,Cattle,Unknown,No,No,Unknown,No,Unknown,No,Unknown
34.4935044,-1.2365265,Migori,Kuria West,Isibania,Abattoir,Goats,Unknown,No,Unknown,No,No,No,Unknown,Unknown
34.4996731,-1.2348503,Migori,Kuria West,Isibania,Abattoir,Goats,Unknown,No,Unknown,No,No,No,Unknown,Unknown
34.4996731,-1.2348503,Migori,Kuria West,Isibania,Abattoir,Cattle,Unknown,No,No,Unknown,No,Unknown,No,Unknown
34.463665,-1.1000249,Migori,Kuria West,Tagare,Abattoir,Cattle,Unknown,No,No,Unknown,No,Unknown,No,Unknown
34.4996731,-1.2348503,Migori,Kuria West,Isibania,Abattoir,Goats,Unknown,No,Unknown,No,No,No,Unknown,Unknown
34.442409,-1.1651428,Migori,Kuria West,Tagare,Abattoir,Cattle,Unknown,No,No,Unknown,No,Unknown,No,Unknown
34.4996731,-1.2348503,Migori,Kuria West,Isibania,Abattoir,Sheep,Unknown,No,Unknown,No,No,Unknown,Unknown,Unknown
34.4796017,-1.2361988,Migori,Kuria West,Nyamosense/Komosoko,Abattoir,Cattle,Unknown,No,No,Unknown,No,Unknown,No,Unknown
34.4726731,-1.0661396,Migori,Kuria West,Tagare,Abattoir,Cattle,Unknown,No,No,Unknown,No,Unknown,No,Unknown
39.5861392,-4.207133,Kwale,Matuga,Tiwi,Village/Farm,Chicken,Intensive,Unknown,Unknown,Unknown,Unknown,Unknown,Unknown,No
34.6313424,-0.3826232,Homa Bay,Karachuonyo,Kendu Bay Town,Village/Farm,Cattle,Mixed,No,No,Unknown,No,Unknown,No,Unknown
37.6617772,-0.3236498,Tharaka-Nithi,Chuka/Igambang'Ombe,Karingani,Village/Farm,Cattle,Intensive,No,No,Unknown,No,Unknown,No,Unknown
36.6927725,1.0926138,Samburu,Samburu West,Maralal,Village/Farm,Goats,Mixed,No,Unknown,No,Unknown,No,Unknown,Unknown
36.6927725,1.0926138,Samburu,Samburu West,Maralal,Crush,Cattle,Extensive,No,Unknown,Unknown,No,Unknown,No,Unknown
36.6935308,1.0966531,Samburu,Samburu West,Maralal,Crush,Sheep,Mixed,No,Unknown,No,Unknown,Unknown,Unknown,Unknown
36.6927725,1.0926138,Samburu,Samburu West,Maralal,Crush,Goats,Mixed,No,Unknown,No,Unknown,No,Unknown,Unknown
34.4934574,-1.2362428,Migori,Kuria West,Isibania,Abattoir,Cattle,Unknown,No,No,Unknown,No,Unknown,No,Unknown
34.4934574,-1.2362428,Migori,Kuria West,Isibania,Abattoir,Sheep,Unknown,No,Unknown,No,No,Unknown,Unknown,Unknown
34.4934574,-1.2362428,Migori,Kuria West,Isibania,Abattoir,Goats,Unknown,No,Unknown,No,No,No,Unknown,Unknown
34.4432203,-1.1686977,Migori,Kuria West,Tagare,Abattoir,Cattle,Unknown,No,No,Unknown,No,Unknown,No,Unknown
34.4432203,-1.1686977,Migori,Kuria West,Tagare,Abattoir,Goats,Unknown,No,Unknown,No,No,No,Unknown,Unknown
34.4466858,-1.1778625,Migori,Kuria West,Tagare,Market,Cattle,Unknown,No,No,Unknown,No,Unknown,No,Unknown
34.4466858,-1.1778625,Migori,Kuria West,Tagare,Market,Sheep,Unknown,No,Unknown,No,No,Unknown,Unknown,Unknown
36.6927725,1.0926138,Samburu,Samburu West,Maralal,Crush,Chicken,Unknown,Unknown,Unknown,Unknown,Unknown,Unknown,Unknown,No
35.9000329,0.1616653,Baringo,Mogotio,Mogotio,Crush,Sheep,Mixed,No,Unknown,No,No,Unknown,Unknown,Unknown
37.4126229,-1.7192548,Makueni,Kaiti,Ilima,Village/Farm,Cattle,Mixed,No,No,Unknown,No,Unknown,No,Unknown
34.4466858,-1.1778625,Migori,Kuria West,Tagare,Market,Goats,Unknown,No,Unknown,No,No,No,Unknown,Unknown
34.4789089,-1.2222473,Migori,Kuria West,Nyamosense/Komosoko,Abattoir,Cattle,Unknown,No,No,Unknown,No,Unknown,No,Unknown
35.191661,-0.5871002,Kericho,Bureti,Litein,Abattoir,Cattle,Unknown,No,No,Unknown,No,Unknown,No,Unknown
34.4789089,-1.2222473,Migori,Kuria West,Nyamosense/Komosoko,Abattoir,Goats,Unknown,No,Unknown,No,No,No,Unknown,Unknown
35.1909739,-0.5885606,Kericho,Bureti,Litein,Abattoir,Goats,Unknown,No,Unknown,No,No,No,Unknown,Unknown
34.4411409,-1.1669838,Migori,Kuria West,Tagare,Abattoir,Cattle,Unknown,No,No,Unknown,No,Unknown,No,Unknown
34.4411409,-1.1669838,Migori,Kuria West,Tagare,Abattoir,Goats,Unknown,No,Unknown,No,No,No,Unknown,Unknown
34.493111,-1.236248,Migori,Kuria West,Isibania,Abattoir,Cattle,Unknown,No,No,Unknown,No,Unknown,No,Unknown
34.493111,-1.236248,Migori,Kuria West,Isibania,Abattoir,Goats,Unknown,No,Unknown,No,No,No,Unknown,Unknown
34.4934574,-1.2364922,Migori,Kuria West,Isibania,Abattoir,Cattle,Unknown,No,No,Unknown,No,Unknown,No,Unknown
34.4789089,-1.2224966,Migori,Kuria West,Nyamosense/Komosoko,Abattoir,Cattle,Unknown,No,No,Unknown,No,Unknown,No,Unknown
34.4934574,-1.2364922,Migori,Kuria West,Isibania,Abattoir,Goats,Unknown,No,Unknown,No,No,No,Unknown,Unknown
34.4789089,-1.2224966,Migori,Kuria West,Nyamosense/Komosoko,Abattoir,Goats,Unknown,No,Unknown,No,No,No,Unknown,Unknown
34.4934574,-1.2364922,Migori,Kuria West,Isibania,Abattoir,Cattle,Unknown,No,No,Unknown,No,Unknown,No,Unknown
34.6246309,-1.1835502,Migori,Kuria West,Bukira East,Market,Goats,Unknown,No,Unknown,No,No,No,Unknown,Unknown
35.7360814,0.0595497,Baringo,Mogotio,Kisanana,Abattoir,Cattle,Mixed,No,No,Unknown,No,Unknown,No,Unknown
34.4757911,-1.219551,Migori,Kuria West,Nyamosense/Komosoko,Abattoir,Goats,Unknown,No,Unknown,No,No,No,Unknown,Unknown
35.7422237,0.4892735,Baringo,Baringo Central,Kabarnet,Village/Farm,Goats,Mixed,No,Unknown,No,No,No,Unknown,Unknown
34.4934574,-1.2364922,Migori,Kuria West,Isibania,Abattoir,Sheep,Unknown,No,Unknown,No,No,Unknown,Unknown,Unknown
34.4428737,-1.1687025,Migori,Kuria West,Tagare,Abattoir,Cattle,Unknown,No,No,Unknown,No,Unknown,No,Unknown
34.4934574,-1.2364922,Migori,Kuria West,Isibania,Abattoir,Goats,Unknown,No,Unknown,No,No,No,Unknown,Unknown
37.6295137,-1.7766494,Makueni,Makueni,Wote,Abattoir,Cattle,Unknown,No,No,Unknown,No,Unknown,No,Unknown
37.6288483,-1.7771528,Makueni,Makueni,Wote,Abattoir,Goats,Unknown,No,Unknown,No,No,No,Unknown,Unknown
34.6502196,-0.6907602,Kisii,Bonchari,Riana,Market,Cattle,Unknown,No,No,Unknown,No,Unknown,No,Unknown
34.4757911,-1.219551,Migori,Kuria West,Nyamosense/Komosoko,Abattoir,Cattle,Unknown,No,No,Unknown,No,Unknown,No,Unknown
34.4428737,-1.1687025,Migori,Kuria West,Tagare,Abattoir,Goats,Unknown,No,Unknown,No,No,No,Unknown,Unknown
34.4428737,-1.1687025,Migori,Kuria West,Tagare,Abattoir,Cattle,Unknown,No,No,Unknown,No,Unknown,No,Unknown
35.8492459,0.4776108,Baringo,Baringo South,Marigat,Village/Farm,Cattle,Mixed,No,No,Unknown,No,Unknown,No,Unknown
35.8492459,0.4776108,Baringo,Baringo South,Marigat,Village/Farm,Chicken,Mixed,Unknown,Unknown,Unknown,Unknown,Unknown,Unknown,No
34.4428737,-1.1687025,Migori,Kuria West,Tagare,Abattoir,Goats,Unknown,No,Unknown,No,No,No,Unknown,Unknown
37.35673833333333,-1.7887566666666666,Makueni,Kaiti,Kilungu,Market,Cattle,Unknown,No,No,Unknown,No,Unknown,No,Unknown
34.6166761,-1.1978363,Migori,Kuria West,Bukira East,Market,Cattle,Unknown,No,No,Unknown,No,Unknown,No,Unknown
38.9030415,0.19617,Garissa,Balambala,Danyere,Village/Farm,Goats,Extensive,No,Unknown,No,No,No,Unknown,Unknown
34.6166761,-1.1978363,Migori,Kuria West,Bukira East,Market,Cattle,Unknown,No,No,Unknown,No,Unknown,No,Unknown
34.4439134,-1.1696839,Migori,Kuria West,Tagare,Market,Cattle,Unknown,No,No,Unknown,No,Unknown,No,Unknown
34.6246309,-1.1835502,Migori,Kuria West,Bukira East,Market,Sheep,Unknown,No,Unknown,No,No,Unknown,Unknown,Unknown
38.9030415,0.19617,Garissa,Balambala,Danyere,Village/Farm,Sheep,Extensive,No,Unknown,No,No,Unknown,Unknown,Unknown
38.9030415,0.19617,Garissa,Balambala,Danyere,Village/Farm,Cattle,Extensive,No,No,Unknown,No,Unknown,No,Unknown
37.999195,-2.361206666666667,Makueni,Kibwezi West,Kikumbulyu South,Abattoir,Goats,Unknown,No,Unknown,No,No,No,Unknown,Unknown
38.9030415,0.19617,Garissa,Balambala,Danyere,Village/Farm,Camel,Extensive,No,Unknown,Unknown,No,Unknown,Unknown,Unknown
34.4487651,-1.181818,Migori,Kuria West,Tagare,Market,Chicken,Unknown,Unknown,Unknown,Unknown,Unknown,Unknown,Unknown,No
34.4487651,-1.181818,Migori,Kuria West,Tagare,Market,Goats,Unknown,No,Unknown,No,No,No,Unknown,Unknown
34.4439134,-1.1696839,Migori,Kuria West,Tagare,Market,Sheep,Unknown,No,Unknown,No,No,Unknown,Unknown,Unknown
35.9361437,0.3656976,Baringo,Mogotio,Mogotio,Village/Farm,Cattle,Mixed,No,No,Unknown,No,Unknown,No,Unknown
35.894003,1.1710137,Baringo,Tiaty,Kolowa,Village/Farm,Camel,Mixed,No,Unknown,Unknown,No,Unknown,Unknown,Unknown
35.6217904,1.2561791,Baringo,Tiaty,Kolowa,Village/Farm,Sheep,Mixed,No,Unknown,No,No,Unknown,Unknown,Unknown
36.6927725,1.0926138,Samburu,Samburu West,Maralal,Abattoir,Cattle,Unknown,No,Unknown,Unknown,No,Unknown,No,Unknown
36.6941698,1.0963823,Samburu,Samburu West,Maralal,Clinic,Chicken,Unknown,Unknown,Unknown,Unknown,Unknown,Unknown,Unknown,No
36.6941698,1.0963823,Samburu,Samburu West,Maralal,Crush,Sheep,Mixed,No,Unknown,No,Unknown,Unknown,Unknown,Unknown
36.6941698,1.0963823,Samburu,Samburu West,Maralal,Crush,Goats,Mixed,No,Unknown,No,Unknown,No,Unknown,Unknown
35.9781268,0.9826417,Baringo,Tiaty,Ribkwo,Village/Farm,Goats,Mixed,No,Unknown,No,No,No,Unknown,Unknown
37.6271848,-1.7786552,Makueni,Makueni,Wote,Abattoir,Goats,Unknown,No,Unknown,No,No,No,Unknown,Unknown
36.6941698,1.0963823,Samburu,Samburu West,Maralal,Crush,Cattle,Mixed,No,Unknown,Unknown,No,Unknown,No,Unknown
35.9361437,0.3656976,Baringo,Mogotio,Mogotio,Village/Farm,Goats,Mixed,No,Unknown,No,No,No,Unknown,Unknown
35.66837204,-1.00289831,Narok,Narok South,Ololulung'A,Market,Chicken,Mixed,Unknown,Unknown,Unknown,Unknown,Unknown,Unknown,No
35.66839092,-1.00291879,Narok,Narok South,Ololulung'A,Market,Goats,Mixed,No,Unknown,No,No,No,Unknown,Unknown
39.5890756,-4.2007728,Kwale,Matuga,Tiwi,Village/Farm,Cattle,Mixed,No,No,Unknown,No,Unknown,No,Unknown
35.66834086,-1.00291719,Narok,Narok South,Ololulung'A,Market,Sheep,Mixed,No,Unknown,No,No,Unknown,Unknown,Unknown
35.668398,-1.00294022,Narok,Narok South,Ololulung'A,Market,Cattle,Mixed,No,No,Unknown,No,Unknown,No,Unknown
37.6295137,-1.7764057,Makueni,Makueni,Wote,Abattoir,Cattle,Unknown,No,No,Unknown,No,Unknown,No,Unknown
37.6271848,-1.7786552,Makueni,Makueni,Wote,Abattoir,Sheep,Unknown,No,Unknown,No,No,Unknown,Unknown,Unknown
37.629181,-1.7769011,Makueni,Makueni,Wote,Abattoir,Cattle,Mixed,No,No,Unknown,No,Unknown,No,Unknown
37.6288483,-1.7771528,Makueni,Makueni,Wote,Abattoir,Goats,Unknown,No,Unknown,No,No,No,Unknown,Unknown
37.6295137,-1.7764057,Makueni,Makueni,Wote,Abattoir,Sheep,Unknown,No,Unknown,No,No,Unknown,Unknown,Unknown
37.6275175,-1.7764534,Makueni,Makueni,Wote,Abattoir,Cattle,Unknown,No,No,Unknown,No,Unknown,No,Unknown
35.7295973,0.0131324,Baringo,Eldama Ravine,Ravine,Village/Farm,Cattle,Mixed,No,No,Unknown,No,Unknown,No,Unknown
35.7295973,0.0131324,Baringo,Eldama Ravine,Ravine,Village/Farm,Sheep,Mixed,No,Unknown,No,No,Unknown,Unknown,Unknown
37.6288483,-1.7771528,Makueni,Makueni,Wote,Abattoir,Cattle,Unknown,No,No,Unknown,No,Unknown,No,Unknown
35.9894016,0.474583,Baringo,Baringo South,Marigat,Village/Farm,Cattle,Extensive,No,No,Unknown,No,Unknown,No,Unknown
38.276373,0.348642,Isiolo,Isiolo South,Kinna,Village/Farm,Cattle,Extensive,No,No,Unknown,No,Unknown,No,Unknown
38.03874333333333,-2.265283333333333,Makueni,Kibwezi West,Kikumbulyu North,Crush,Cattle,Unknown,No,No,Unknown,No,Unknown,No,Unknown
36.02736843,-1.52461825,Narok,Narok South,Majimoto/Naroosura,Village/Farm,Cattle,Extensive,No,No,Unknown,No,Unknown,No,Unknown
35.9894016,0.474583,Baringo,Baringo South,Marigat,Village/Farm,Sheep,Extensive,No,Unknown,No,No,Unknown,Unknown,Unknown
35.9597763,0.4708248,Baringo,Baringo South,Marigat,Village/Farm,Goats,Mixed,No,Unknown,No,No,No,Unknown,Unknown
35.9894016,0.474583,Baringo,Baringo South,Marigat,Village/Farm,Goats,Mixed,No,Unknown,No,No,No,Unknown,Unknown
35.9349226,0.3628579,Baringo,Baringo South,Marigat,Village/Farm,Goats,Mixed,No,Unknown,No,No,No,Unknown,Unknown
35.8986923,0.2116441,Baringo,Baringo South,Marigat,Village/Farm,Cattle,Mixed,No,No,Unknown,No,Unknown,No,Unknown
35.9894016,0.474583,Baringo,Baringo South,Marigat,Village/Farm,Chicken,Extensive,Unknown,Unknown,Unknown,Unknown,Unknown,Unknown,No
35.9949674,0.4712872,Baringo,Baringo South,Marigat,Village/Farm,Goats,Mixed,No,Unknown,No,No,No,Unknown,Unknown
37.35671,-1.788925,Makueni,Kaiti,Ilima,Abattoir,Goats,Unknown,No,Unknown,No,No,No,Unknown,Unknown
37.40652166666666,-1.7694633333333334,Makueni,Kaiti,Ilima,Abattoir,Goats,Unknown,No,Unknown,No,No,No,Unknown,Unknown
37.40655833333334,-1.769615,Makueni,Kaiti,Ilima,Abattoir,Cattle,Unknown,No,No,Unknown,No,Unknown,No,Unknown
35.8090759,-1.8709354,Narok,Narok South,Loita,Village/Farm,Cattle,Mixed,No,No,Unknown,No,Unknown,No,Unknown
38.017625,-2.319546666666666,Makueni,Kibwezi West,Kikumbulyu North,Market,Goats,Mixed,No,Unknown,No,No,No,Unknown,Unknown
0.0,0.0,Makueni,Kibwezi East,Thange,Abattoir,Cattle,Unknown,No,No,Unknown,No,Unknown,Unknown,Unknown
37.8278133,-2.2809755,Makueni,Kibwezi West,Nguumo,Village/Farm,Cattle,Extensive,Unknown,Unknown,Unknown,Unknown,Unknown,Unknown,Unknown
34.7269403,-0.7996747,Kisii,Bomachoge Borabu,Boochi Borabu,Village/Farm,Cattle,Mixed,No,No,Unknown,No,Unknown,No,Unknown
34.7255585,-0.7969878,Kisii,Bobasi,Nyacheki,Village/Farm,Cattle,Intensive,No,No,Unknown,No,Unknown,No,Unknown
34.7303945,-0.795223,Kisii,Nyaribari Masaba,Gesusu,Village/Farm,Cattle,Mixed,No,No,Unknown,No,Unknown,No,Unknown
39.2414535,0.0804048,Garissa,Balambala,Balambala,Village/Farm,Cattle,Extensive,No,No,Unknown,No,Unknown,No,Unknown
39.1852216,0.1044812,Garissa,Balambala,Balambala,Village/Farm,Goats,Extensive,No,Unknown,No,No,No,Unknown,Unknown
37.5712063,0.378407,Isiolo,Isiolo North,Burat,Village/Farm,Sheep,Extensive,No,Unknown,No,No,Unknown,Unknown,Unknown
37.571206,0.378407,Isiolo,Isiolo North,Burat,Village/Farm,Goats,Extensive,No,Unknown,No,No,No,Unknown,Unknown
35.9943296,0.4719192,Baringo,Baringo South,Marigat,Village/Farm,Sheep,Mixed,No,Unknown,No,No,Unknown,Unknown,Unknown
0.0,0.0,Kisii,Bomachoge Borabu,Bokimonge,Village/Farm,Cattle,Mixed,No,No,Unknown,No,Unknown,Unknown,Unknown
0.0,0.0,Kisii,Bomachoge Borabu,Bokimonge,Village/Farm,Goats,Mixed,No,Unknown,No,No,Unknown,Unknown,Unknown
0.0,0.0,Kisii,Bomachoge Borabu,Bokimonge,Village/Farm,Cattle,Mixed,No,No,Unknown,No,Unknown,Unknown,Unknown
0.0,0.0,Kisii,Bomachoge Borabu,Bokimonge,Village/Farm,Cattle,Mixed,No,No,Unknown,No,Unknown,No,Unknown
0.0,0.0,Kisii,Bomachoge Borabu,Bokimonge,Village/Farm,Cattle,Mixed,No,No,Unknown,No,Unknown,No,Unknown
0.0,0.0,Kisii,Bomachoge Borabu,Bokimonge,Village/Farm,Cattle,Mixed,No,No,Unknown,No,Unknown,Unknown,Unknown
39.8586117,-3.5965577,Kilifi,Kilifi North,Sokoni,Abattoir,Cattle,Unknown,No,No,Unknown,No,Unknown,No,Unknown
39.8586117,-3.5965577,Kilifi,Kilifi North,Sokoni,Abattoir,Goats,Unknown,No,Unknown,No,No,No,Unknown,Unknown
39.1852216,0.1044812,Garissa,Balambala,Balambala,Village/Farm,Sheep,Extensive,No,Unknown,No,No,Unknown,Unknown,Unknown
39.8551791,-3.6052253,Kilifi,Kilifi North,Sokoni,Abattoir,Cattle,Unknown,No,No,Unknown,No,Unknown,No,Unknown
39.8596799,-3.5985228,Kilifi,Kilifi North,Sokoni,Abattoir,Sheep,Unknown,No,Unknown,No,No,Unknown,Unknown,Unknown
35.9572457,0.4106608,Baringo,Baringo South,Marigat,Crush,Cattle,Mixed,No,No,Unknown,No,Unknown,No,Unknown
35.9572457,0.4106608,Baringo,Baringo South,Marigat,Crush,Sheep,Mixed,No,Unknown,No,No,Unknown,Unknown,Unknown
35.9589471,0.41352,Baringo,Baringo South,Marigat,Crush,Goats,Mixed,No,Unknown,No,No,No,Unknown,Unknown
35.9041409,0.466708,Baringo,Baringo South,Ilchamus,Crush,Cattle,Extensive,No,No,Unknown,No,Unknown,No,Unknown
35.9041409,0.466708,Baringo,Baringo South,Ilchamus,Crush,Sheep,Extensive,No,Unknown,No,No,Unknown,Unknown,Unknown
35.9041409,0.466708,Baringo,Baringo South,Ilchamus,Crush,Goats,Extensive,No,Unknown,No,No,No,Unknown,Unknown
38.11721333333333,-2.356626666666667,Makueni,Kibwezi West,Kikumbulyu South,Abattoir,Goats,Unknown,No,Unknown,No,No,No,Unknown,Unknown
37.989196666666665,-2.262508333333333,Makueni,Kibwezi West,Kikumbulyu North,Abattoir,Goats,Unknown,No,Unknown,No,No,No,Unknown,Unknown
38.276373,0.348642,Isiolo,Isiolo South,Kinna,Village/Farm,Goats,Extensive,No,Unknown,No,No,No,Unknown,Unknown
38.276373,0.348642,Isiolo,Isiolo South,Kinna,Village/Farm,Sheep,Extensive,No,Unknown,No,No,Unknown,Unknown,Unknown
38.056423333333335,-2.201965,Makueni,Kibwezi West,Kikumbulyu North,Market,Goats,Unknown,No,Unknown,No,No,No,Unknown,Unknown
34.6533312,-0.8948707,Kisii,Bomachoge Chache,Bosoti/Sengera,Village/Farm,Chicken,Mixed,Unknown,Unknown,Unknown,Unknown,Unknown,Unknown,No
34.6533312,-0.8948707,Kisii,Bomachoge Chache,Bosoti/Sengera,Village/Farm,Sheep,Mixed,No,Unknown,No,No,Unknown,Unknown,Unknown
36.9457319,-0.4252496,Embu,Runyenjes,Central Ward,Village/Farm,Chicken,Extensive,Unknown,Unknown,Unknown,Unknown,Unknown,Unknown,No
0.0,0.0,Mandera,Mandera East,Neboi,Village/Farm,Goats,Mixed,Unknown,Unknown,Unknown,No,Unknown,Unknown,Unknown
36.9457434,-0.4252573,Embu,Runyenjes,Central Ward,Village/Farm,Chicken,Extensive,Unknown,Unknown,Unknown,Unknown,Unknown,Unknown,No
38.01549,-2.3236583333333334,Makueni,Kibwezi West,Kikumbulyu North,Abattoir,Goats,Unknown,No,Unknown,No,No,No,Unknown,Unknown
36.9436167,-0.4235584,Embu,Runyenjes,Central Ward,Village/Farm,Chicken,Extensive,Unknown,Unknown,Unknown,Unknown,Unknown,Unknown,No
36.9457673,-0.4252792,Embu,Runyenjes,Central Ward,Village/Farm,Chicken,Extensive,Unknown,Unknown,Unknown,Unknown,Unknown,Unknown,No
36.9457455,-0.4252677,Embu,Runyenjes,Central Ward,Village/Farm,Chicken,Extensive,Unknown,Unknown,Unknown,Unknown,Unknown,Unknown,No
36.9457392,-0.4252489,Embu,Runyenjes,Central Ward,Village/Farm,Chicken,Extensive,Unknown,Unknown,Unknown,Unknown,Unknown,Unknown,Unknown
36.9457405,-0.4252586,Embu,Runyenjes,Central Ward,Village/Farm,Chicken,Extensive,Unknown,Unknown,Unknown,Unknown,Unknown,Unknown,No
36.9457321,-0.4252497,Embu,Runyenjes,Central Ward,Village/Farm,Chicken,Extensive,Unknown,Unknown,Unknown,No,Unknown,Unknown,No
38.11735,-2.3568766666666665,Makueni,Kibwezi West,Kikumbulyu North,Abattoir,Goats,Unknown,No,Unknown,No,No,No,Unknown,Unknown
36.9457371,-0.42527,Machakos,Machakos Town,Mua,Village/Farm,Goats,Extensive,No,No,No,No,No,Unknown,Unknown
36.9457413,-0.4252562,Embu,Runyenjes,Central Ward,Village/Farm,Chicken,Extensive,Unknown,Unknown,Unknown,Unknown,Unknown,Unknown,No
37.992125,-2.2022033333333337,Makueni,Kibwezi West,Kikumbulyu North,Crush,Cattle,Unknown,No,No,Unknown,No,Unknown,No,Unknown
36.9490098,-0.4281488,Embu,Runyenjes,Central Ward,Village/Farm,Chicken,Extensive,Unknown,Unknown,Unknown,Unknown,Unknown,Unknown,No
36.9457231,-0.4252456,Machakos,Machakos Town,Mua,Village/Farm,Goats,Intensive,No,No,No,No,Unknown,No,Unknown
36.9457229,-0.4252449,Machakos,Machakos Town,Mua,Village/Farm,Cattle,Extensive,No,No,Unknown,No,Unknown,No,Unknown
38.117305,-2.3567383333333334,Makueni,Kibwezi West,Kikumbulyu South,Market,Goats,Unknown,No,Unknown,No,No,No,Unknown,Unknown
36.9468305,-0.4255618,Embu,Runyenjes,Central Ward,Village/Farm,Chicken,Extensive,Unknown,Unknown,Unknown,Unknown,Unknown,Unknown,No
36.943527,-0.4238838,Embu,Runyenjes,Central Ward,Village/Farm,Chicken,Extensive,Unknown,Unknown,Unknown,Unknown,Unknown,Unknown,No
36.94561,-0.424932,Embu,Runyenjes,Central Ward,Village/Farm,Chicken,Extensive,Unknown,Unknown,Unknown,Unknown,Unknown,Unknown,No
38.11665,-2.353418333333333,Makueni,Kibwezi West,Kikumbulyu South,Abattoir,Goats,Unknown,No,Unknown,No,No,No,Unknown,Unknown
36.6756657,1.0645135,Samburu,Samburu West,Maralal,Village/Farm,Chicken,Extensive,Unknown,Unknown,Unknown,Unknown,Unknown,Unknown,No
36.943527,-0.4238838,Machakos,Kathiani,Mitaboni,Village/Farm,Goats,Extensive,Unknown,Unknown,Unknown,No,Unknown,Unknown,Unknown
36.9457322,-0.4252503,Embu,Runyenjes,Central Ward,Village/Farm,Chicken,Extensive,Unknown,Unknown,Unknown,Unknown,Unknown,Unknown,No
36.9457401,-0.425258,Machakos,Mwala,Masii,Village/Farm,Cattle,Intensive,Unknown,Unknown,Unknown,No,Unknown,Unknown,Unknown
38.05632666666667,-2.2017466666666667,Makueni,Kibwezi West,Kikumbulyu North,Market,Goats,Unknown,No,Unknown,No,No,No,Unknown,Unknown
36.9457405,-0.4252484,Machakos,Mwala,Masii,Village/Farm,Cattle,Intensive,Unknown,Unknown,Unknown,No,Unknown,Unknown,Unknown
36.9457443,-0.4252658,Embu,Mbeere South,Mavuria,Crush,Cattle,Extensive,No,Unknown,Unknown,Unknown,Unknown,Unknown,Unknown
36.945741,-0.4252594,Embu,Runyenjes,Central Ward,Village/Farm,Chicken,Extensive,Unknown,Unknown,Unknown,Unknown,Unknown,Unknown,No
36.9457412,-0.4252566,Embu,Runyenjes,Central Ward,Village/Farm,Chicken,Extensive,Unknown,Unknown,Unknown,Unknown,Unknown,Unknown,No
36.9468859,-0.4255179,Embu,Runyenjes,Central Ward,Village/Farm,Chicken,Extensive,Unknown,Unknown,Unknown,Unknown,Unknown,Unknown,No
36.9468859,-0.4255179,Machakos,Machakos Town,Mua,Village/Farm,Cattle,Extensive,No,No,Unknown,No,No,No,Unknown
36.9468859,-0.4255179,Machakos,Machakos Town,Mua,Village/Farm,Goats,Extensive,No,Unknown,No,No,No,Unknown,Unknown
36.9457071,-0.4252402,Machakos,Kathiani,Kathiani Central,Village/Farm,Cattle,Extensive,Unknown,Unknown,Unknown,No,Unknown,Unknown,Unknown
36.9457536,-0.4252626,Machakos,Mwala,Masii,Village/Farm,Cattle,Intensive,Unknown,Unknown,Unknown,No,Unknown,Unknown,Unknown
36.9457425,-0.4252621,Machakos,Mwala,Masii,Village/Farm,Cattle,Intensive,Unknown,Unknown,Unknown,No,Unknown,Unknown,Unknown
36.9457334,-0.4252194,Machakos,Machakos Town,Mua,Village/Farm,Goats,Extensive,No,No,No,No,No,Unknown,Unknown
36.9457411,-0.4252541,Embu,Runyenjes,Central Ward,Village/Farm,Chicken,Extensive,Unknown,Unknown,Unknown,Unknown,Unknown,Unknown,No
36.9457395,-0.425243,Machakos,Machakos Town,Mua,Village/Farm,Cattle,Extensive,No,No,Unknown,No,No,No,Unknown
36.9457523,-0.4252619,Embu,Runyenjes,Central Ward,Village/Farm,Chicken,Extensive,Unknown,Unknown,Unknown,Unknown,Unknown,Unknown,No
36.9457445,-0.4252671,Embu,Mbeere South,Mavuria,Crush,Cattle,Extensive,No,Unknown,Unknown,Unknown,Unknown,Unknown,Unknown
36.9457415,-0.4252564,Machakos,Machakos Town,Mua,Village/Farm,Cattle,Extensive,No,No,No,No,No,No,Unknown
36.9457416,-0.4252552,Machakos,Machakos Town,Mua,Village/Farm,Goats,Extensive,No,Unknown,No,No,No,Unknown,Unknown
0.0,0.0,Embu,Runyenjes,Central Ward,Village/Farm,Chicken,Extensive,Unknown,Unknown,Unknown,Unknown,Unknown,Unknown,No
36.9457428,-0.425119,Machakos,Mwala,Masii,Village/Farm,Cattle,Intensive,Unknown,Unknown,Unknown,No,Unknown,Unknown,Unknown
36.9457412,-0.4252596,Embu,Mbeere South,Mavuria,Crush,Cattle,Intensive,No,Unknown,Unknown,Unknown,Unknown,Unknown,Unknown
36.9457235,-0.4252462,Machakos,Kathiani,Mitaboni,Village/Farm,Goats,Extensive,Unknown,Unknown,Unknown,Unknown,Unknown,Unknown,Unknown
36.9457395,-0.4252671,Embu,Runyenjes,Central Ward,Village/Farm,Chicken,Extensive,Unknown,Unknown,Unknown,Unknown,Unknown,Unknown,No
36.9457316,-0.425249,Machakos,Machakos Town,Mua,Village/Farm,Cattle,Extensive,No,No,Unknown,No,Unknown,No,Unknown
36.9457314,-0.4252485,Machakos,Machakos Town,Mua,Village/Farm,Goats,Extensive,No,No,No,No,No,Unknown,Unknown
36.94574,-0.4252589,Embu,Runyenjes,Central Ward,Village/Farm,Chicken,Extensive,Unknown,Unknown,Unknown,Unknown,Unknown,Unknown,No
36.9457317,-0.4252494,Embu,Mbeere South,Mavuria,Crush,Cattle,Extensive,No,Unknown,Unknown,Unknown,Unknown,Unknown,Unknown
36.9457392,-0.4252528,Embu,Runyenjes,Central Ward,Village/Farm,Chicken,Extensive,Unknown,Unknown,Unknown,Unknown,Unknown,Unknown,No
36.9457405,-0.4252595,Machakos,Mwala,Masii,Village/Farm,Cattle,Intensive,Unknown,Unknown,Unknown,No,Unknown,Unknown,Unknown
36.9457406,-0.4252591,Embu,Runyenjes,Central Ward,Village/Farm,Chicken,Extensive,Unknown,Unknown,Unknown,Unknown,Unknown,Unknown,No
36.9457486,-0.4252575,Embu,Runyenjes,Central Ward,Village/Farm,Chicken,Extensive,Unknown,Unknown,Unknown,Unknown,Unknown,Unknown,No
36.9457408,-0.4252589,Embu,Runyenjes,Central Ward,Village/Farm,Chicken,Extensive,Unknown,Unknown,Unknown,Unknown,Unknown,Unknown,No
36.9457451,-0.4252676,Embu,Runyenjes,Central Ward,Village/Farm,Chicken,Extensive,Unknown,Unknown,Unknown,Unknown,Unknown,Unknown,No
36.9457403,-0.4252593,Embu,Mbeere South,Mavuria,Crush,Cattle,Extensive,No,Unknown,Unknown,Unknown,Unknown,Unknown,Unknown
36.9499088,-0.4243205,Machakos,Kathiani,Mitaboni,Village/Farm,Goats,Extensive,Unknown,Unknown,Unknown,No,Unknown,Unknown,Unknown
36.9457413,-0.4252567,Embu,Runyenjes,Central Ward,Village/Farm,Chicken,Extensive,Unknown,Unknown,Unknown,Unknown,Unknown,Unknown,No
36.9457399,-0.425254,Machakos,Machakos Town,Mua,Village/Farm,Goats,Extensive,No,No,No,No,No,Unknown,Unknown
36.9457362,-0.4252642,Embu,Runyenjes,Central Ward,Village/Farm,Chicken,Extensive,Unknown,Unknown,Unknown,Unknown,Unknown,Unknown,No
36.9457398,-0.4252582,Machakos,Machakos Town,Mua,Village/Farm,Cattle,Extensive,No,Unknown,No,No,Unknown,No,Unknown
36.945735,-0.4252218,Embu,Runyenjes,Central Ward,Village/Farm,Chicken,Extensive,Unknown,Unknown,Unknown,Unknown,Unknown,Unknown,No
36.945732,-0.4252455,Machakos,Machakos Town,Mua,Village/Farm,Goats,Extensive,No,Unknown,No,No,No,Unknown,Unknown
36.9457375,-0.4252612,Embu,Mbeere South,Mavuria,Crush,Sheep,Extensive,No,Unknown,Unknown,Unknown,Unknown,Unknown,Unknown
36.9457409,-0.4252593,Embu,Runyenjes,Central Ward,Village/Farm,Chicken,Extensive,Unknown,Unknown,Unknown,Unknown,Unknown,Unknown,No
36.9457458,-0.4252372,Embu,Mbeere South,Mavuria,Crush,Sheep,Extensive,No,Unknown,No,Unknown,No,Unknown,Unknown
36.9457819,-0.4259351,Nyeri,Nyeri Town,Kiganjo/Mathari,Village/Farm,Cattle,Intensive,No,No,Unknown,No,Unknown,No,Unknown
36.9475764,-0.4251171,Embu,Runyenjes,Central Ward,Village/Farm,Chicken,Extensive,Unknown,Unknown,Unknown,Unknown,Unknown,Unknown,No
36.9457819,-0.4259351,Nyeri,Nyeri Town,Kiganjo/Mathari,Village/Farm,Sheep,Intensive,No,Unknown,No,No,Unknown,Unknown,Unknown
36.9249427,-0.3834226,Nyeri,Nyeri Town,Kiganjo/Mathari,Village/Farm,Cattle,Intensive,Unknown,Unknown,Unknown,Unknown,Unknown,Unknown,Unknown
36.9337066,-0.3732641,Nyeri,Nyeri Town,Kiganjo/Mathari,Village/Farm,Cattle,Intensive,No,No,No,No,No,No,Unknown
36.9475576,-0.4224448,Embu,Runyenjes,Central Ward,Village/Farm,Chicken,Extensive,Unknown,Unknown,Unknown,Unknown,Unknown,Unknown,No
36.9457399,-0.4252575,Embu,Runyenjes,Central Ward,Village/Farm,Chicken,Extensive,Unknown,Unknown,Unknown,Unknown,Unknown,Unknown,No
36.9457391,-0.4252455,Embu,Mbeere South,Mavuria,Crush,Cattle,Extensive,No,Unknown,Unknown,Unknown,Unknown,Unknown,Unknown
36.94574,-0.4252428,Embu,Mbeere South,Mavuria,Crush,Goats,Extensive,No,Unknown,Unknown,Unknown,Unknown,Unknown,Unknown
36.9757661,-0.4544007,Nyeri,Tetu,Aguthi-Gaaki,Village/Farm,Cattle,Intensive,No,Unknown,Unknown,Unknown,Unknown,Unknown,Unknown
36.9457363,-0.4252641,Embu,Runyenjes,Central Ward,Village/Farm,Chicken,Extensive,Unknown,Unknown,Unknown,Unknown,Unknown,Unknown,No
36.94574,-0.425258,Embu,Runyenjes,Central Ward,Village/Farm,Chicken,Extensive,Unknown,Unknown,Unknown,Unknown,Unknown,Unknown,No
36.9457368,-0.4252603,Embu,Runyenjes,Central Ward,Village/Farm,Chicken,Extensive,Unknown,Unknown,Unknown,Unknown,Unknown,Unknown,No
36.9457403,-0.4252582,Embu,Runyenjes,Central Ward,Village/Farm,Chicken,Extensive,Unknown,Unknown,Unknown,Unknown,Unknown,Unknown,No
36.97499,-0.4376716,Nyeri,Tetu,Aguthi-Gaaki,Village/Farm,Cattle,Intensive,No,No,Unknown,No,Unknown,No,Unknown
36.9495729,-0.425739,Embu,Runyenjes,Central Ward,Village/Farm,Chicken,Extensive,No,No,No,No,No,No,No
36.9801307,-0.4522487,Nyeri,Tetu,Aguthi-Gaaki,Village/Farm,Cattle,Intensive,No,No,Unknown,No,Unknown,No,Unknown
36.9757661,-0.4544007,Nyeri,Tetu,Aguthi-Gaaki,Village/Farm,Cattle,Intensive,No,No,Unknown,No,Unknown,No,Unknown
36.9757661,-0.4544007,Nyeri,Tetu,Aguthi-Gaaki,Village/Farm,Cattle,Intensive,No,No,Unknown,No,Unknown,No,Unknown
36.97499,-0.4376716,Nyeri,Tetu,Aguthi-Gaaki,Village/Farm,Cattle,Intensive,No,No,Unknown,No,Unknown,No,Unknown
36.9457401,-0.4252584,Embu,Runyenjes,Central Ward,Village/Farm,Chicken,Extensive,Unknown,Unknown,Unknown,Unknown,Unknown,Unknown,No
36.9771091,-0.4397495,Nyeri,Tetu,Aguthi-Gaaki,Village/Farm,Cattle,Intensive,No,No,Unknown,No,Unknown,No,Unknown
36.9815987,-0.4663397,Nyeri,Tetu,Aguthi-Gaaki,Village/Farm,Cattle,Intensive,No,No,Unknown,No,Unknown,No,Unknown
36.9757661,-0.4544007,Nyeri,Tetu,Aguthi-Gaaki,Village/Farm,Cattle,Intensive,No,No,Unknown,No,Unknown,No,Unknown
36.9337066,-0.3732641,Nyeri,Nyeri Town,Kiganjo/Mathari,Village/Farm,Chicken,Extensive,Unknown,Unknown,Unknown,Unknown,Unknown,Unknown,No
36.9757661,-0.4544007,Nyeri,Tetu,Aguthi-Gaaki,Village/Farm,Cattle,Intensive,No,No,Unknown,No,Unknown,No,Unknown
36.9457246,-0.4252476,Machakos,Kathiani,Mitaboni,Village/Farm,Cattle,Intensive,Unknown,Unknown,Unknown,Unknown,Unknown,Unknown,Unknown
36.9747588,-0.4381102,Nyeri,Tetu,Aguthi-Gaaki,Village/Farm,Cattle,Intensive,No,No,Unknown,No,Unknown,No,Unknown
36.9324415,-0.3670856,Nyeri,Nyeri Town,Kiganjo/Mathari,Village/Farm,Chicken,Extensive,Unknown,Unknown,Unknown,Unknown,Unknown,Unknown,No
36.9475576,-0.4108786,Nyeri,Nyeri Town,Kiganjo/Mathari,Village/Farm,Chicken,Extensive,Unknown,Unknown,Unknown,Unknown,Unknown,Unknown,No
36.9757661,-0.4544007,Nyeri,Tetu,Aguthi-Gaaki,Village/Farm,Cattle,Intensive,No,No,Unknown,No,Unknown,No,Unknown
36.926263,-0.3839316,Nyeri,Nyeri Town,Kiganjo/Mathari,Village/Farm,Chicken,Intensive,Unknown,Unknown,Unknown,Unknown,Unknown,Unknown,No
36.9710654,-0.4501765,Nyeri,Tetu,Aguthi-Gaaki,Village/Farm,Cattle,Extensive,No,No,Unknown,No,Unknown,Unknown,Unknown
36.9425352,-0.4223788,Elgeyo/Marakwet,Marakwet East,Kapyego,Market,Camel,Extensive,No,No,No,No,No,No,Unknown
36.9324415,-0.3670856,Nyeri,Nyeri Town,Kiganjo/Mathari,Village/Farm,Chicken,Extensive,Unknown,Unknown,Unknown,Unknown,Unknown,Unknown,No
36.9281952,-0.3721686,Nyeri,Nyeri Town,Kiganjo/Mathari,Village/Farm,Chicken,Extensive,Unknown,Unknown,Unknown,Unknown,Unknown,Unknown,No
36.9324415,-0.3670856,Nyeri,Nyeri Town,Kiganjo/Mathari,Village/Farm,Dogs,Extensive,Unknown,Unknown,Unknown,Unknown,Unknown,Unknown,Unknown
36.9337066,-0.3732641,Nyeri,Nyeri Town,Kiganjo/Mathari,Village/Farm,Chicken,Extensive,Unknown,Unknown,Unknown,Unknown,Unknown,Unknown,No
36.9263675,-0.35438,Nyeri,Nyeri Town,Kiganjo/Mathari,Village/Farm,Chicken,Extensive,Unknown,Unknown,Unknown,Unknown,Unknown,Unknown,No
36.9425193,-0.4224728,Embu,Runyenjes,Central Ward,Village/Farm,Chicken,Extensive,Unknown,Unknown,Unknown,Unknown,Unknown,Unknown,No
36.9310977,-0.3732215,Nyeri,Nyeri Town,Kiganjo/Mathari,Village/Farm,Chicken,Intensive,Unknown,Unknown,Unknown,Unknown,Unknown,Unknown,No
36.9249427,-0.3834226,Nyeri,Nyeri Town,Kiganjo/Mathari,Village/Farm,Dogs,Extensive,Unknown,Unknown,Unknown,Unknown,Unknown,Unknown,Unknown
36.9457431,-0.4252566,Machakos,Kathiani,Mitaboni,Village/Farm,Goats,Extensive,Unknown,Unknown,Unknown,No,Unknown,Unknown,Unknown
36.9310977,-0.3732215,Nyeri,Nyeri Town,Kiganjo/Mathari,Village/Farm,Cattle,Intensive,No,No,Unknown,No,Unknown,No,Unknown
36.9324415,-0.3670856,Nyeri,Nyeri Town,Kiganjo/Mathari,Village/Farm,Cattle,Extensive,No,No,No,No,Unknown,No,Unknown
36.9529315,-0.389854,Nyeri,Nyeri Town,Kiganjo/Mathari,Village/Farm,Chicken,Extensive,Unknown,Unknown,Unknown,Unknown,Unknown,Unknown,No
36.9475576,-0.4108786,Nyeri,Nyeri Town,Kiganjo/Mathari,Village/Farm,Dogs,Extensive,Unknown,Unknown,Unknown,Unknown,Unknown,Unknown,Unknown
36.945725,-0.4252301,Machakos,Machakos Town,Mua,Village/Farm,Cattle,Extensive,No,No,No,No,Unknown,No,Unknown
36.9468305,-0.4255618,Embu,Runyenjes,Central Ward,Village/Farm,Other,Extensive,Unknown,Unknown,Unknown,Unknown,Unknown,Unknown,Unknown
36.9227812,-0.352077,Nyeri,Nyeri Town,Kiganjo/Mathari,Village/Farm,Cattle,Unknown,No,No,Unknown,No,Unknown,No,Unknown
36.9519239,-0.38868,Nyeri,Nyeri Town,Kiganjo/Mathari,Village/Farm,Chicken,Extensive,Unknown,Unknown,Unknown,Unknown,Unknown,Unknown,No
36.9337066,-0.3732641,Nyeri,Nyeri Town,Kiganjo/Mathari,Village/Farm,Chicken,Intensive,Unknown,Unknown,Unknown,Unknown,Unknown,Unknown,No
36.937061,-0.3785502,Nyeri,Nyeri Town,Kiganjo/Mathari,Village/Farm,Chicken,Extensive,Unknown,Unknown,Unknown,Unknown,Unknown,Unknown,No
36.9489011,-0.4089835,Nyeri,Nyeri Town,Kiganjo/Mathari,Village/Farm,Cattle,Intensive,No,No,Unknown,No,Unknown,No,Unknown
36.9468305,-0.4255618,Machakos,Mwala,Masii,Village/Farm,Cattle,Intensive,Unknown,Unknown,Unknown,No,Unknown,Unknown,Unknown
37.0093333,-0.2970894,Nyeri,Nyeri Town,Kiganjo/Mathari,Village/Farm,Cattle,Intensive,No,No,Unknown,No,Unknown,No,Unknown
36.9468305,-0.4255618,Machakos,Mwala,Masii,Village/Farm,Cattle,Intensive,Unknown,Unknown,Unknown,No,Unknown,Unknown,Unknown
37.0093333,-0.2970894,Nyeri,Nyeri Town,Kiganjo/Mathari,Village/Farm,Chicken,Extensive,Unknown,Unknown,Unknown,Unknown,Unknown,Unknown,No
36.9263675,-0.35438,Nyeri,Nyeri Town,Kiganjo/Mathari,Village/Farm,Cattle,Intensive,No,No,Unknown,No,Unknown,No,Unknown
36.93382317200303,-0.3735907701775431,Nyeri,Nyeri Town,Kiganjo/Mathari,Village/Farm,Chicken,Extensive,Unknown,Unknown,Unknown,Unknown,Unknown,Unknown,No
36.9475576,-0.4212644,Embu,Runyenjes,Central Ward,Village/Farm,Chicken,Extensive,Unknown,Unknown,Unknown,Unknown,Unknown,Unknown,No
36.9457626,-0.4252407,Embu,Runyenjes,Central Ward,Village/Farm,Chicken,Mixed,Unknown,Unknown,Unknown,Unknown,Unknown,Unknown,No
36.9457253,-0.425227,Embu,Runyenjes,Central Ward,Village/Farm,Chicken,Extensive,Unknown,Unknown,Unknown,Unknown,Unknown,Unknown,No
36.9457247,-0.4252528,Machakos,Machakos Town,Mua,Village/Farm,Goats,Extensive,No,Unknown,No,No,No,Unknown,Unknown
0.0,0.0,Nyeri,Tetu,Aguthi-Gaaki,Village/Farm,Cattle,Intensive,No,No,Unknown,No,Unknown,No,Unknown
36.9337066,-0.3732641,Nyeri,Nyeri Town,Kiganjo/Mathari,Village/Farm,Cattle,Intensive,No,No,Unknown,No,Unknown,No,Unknown
36.9457332,-0.4252358,Machakos,Kathiani,Mitaboni,Village/Farm,Goats,Extensive,Unknown,Unknown,Unknown,No,Unknown,No,Unknown
36.9335037,-0.3893357,Nyeri,Nyeri Town,Kiganjo/Mathari,Village/Farm,Cattle,Intensive,No,No,Unknown,No,Unknown,No,Unknown
36.9335037,-0.3893357,Nyeri,Nyeri Town,Kiganjo/Mathari,Village/Farm,Chicken,Extensive,Unknown,Unknown,Unknown,Unknown,Unknown,Unknown,No
36.9479302,-0.4247912,Embu,Runyenjes,Central Ward,Village/Farm,Chicken,Extensive,Unknown,Unknown,Unknown,Unknown,Unknown,Unknown,No
36.9479302,-0.4247912,Embu,Mbeere South,Mavuria,Crush,Cattle,Extensive,No,Unknown,Unknown,Unknown,Unknown,Unknown,Unknown
36.9190023,-0.3640856,Nyeri,Nyeri Town,Kiganjo/Mathari,Village/Farm,Cattle,Intensive,No,No,Unknown,No,Unknown,No,Unknown
36.9190023,-0.3640856,Nyeri,Nyeri Town,Kiganjo/Mathari,Village/Farm,Chicken,Extensive,No,No,No,No,No,No,No
36.9190023,-0.3640856,Nyeri,Nyeri Town,Kiganjo/Mathari,Village/Farm,Chicken,Intensive,Unknown,Unknown,Unknown,Unknown,Unknown,Unknown,No
36.9905041,-0.4505756,Nyeri,Tetu,Aguthi-Gaaki,Village/Farm,Cattle,Intensive,No,No,Unknown,No,Unknown,No,Unknown
36.9757661,-0.4544007,Nyeri,Tetu,Aguthi-Gaaki,Village/Farm,Cattle,Intensive,No,No,Unknown,No,Unknown,No,Unknown
36.9457322,-0.4252503,Embu,Mbeere South,Mavuria,Crush,Cattle,Extensive,No,Unknown,Unknown,Unknown,Unknown,Unknown,Unknown
36.9226983,-0.3520481,Nyeri,Nyeri Town,Kiganjo/Mathari,Village/Farm,Chicken,Extensive,Unknown,Unknown,Unknown,Unknown,Unknown,Unknown,No
36.9757661,-0.4544007,Nyeri,Tetu,Aguthi-Gaaki,Village/Farm,Dogs,Intensive,No,No,Unknown,No,Unknown,No,Unknown
36.93378704600036,-0.3736450849100947,Nyeri,Nyeri Town,Kiganjo/Mathari,Village/Farm,Cattle,Intensive,No,No,No,No,Unknown,No,Unknown
36.9324415,-0.3670856,Nyeri,Nyeri Town,Kiganjo/Mathari,Village/Farm,Cattle,Intensive,No,No,Unknown,No,Unknown,No,Unknown
36.9472218,-0.4207941,Embu,Runyenjes,Central Ward,Village/Farm,Chicken,Extensive,Unknown,Unknown,Unknown,Unknown,Unknown,Unknown,No
36.9485653,-0.4089853,Nyeri,Nyeri Town,Kiganjo/Mathari,Village/Farm,Chicken,Extensive,Unknown,Unknown,Unknown,Unknown,Unknown,Unknown,No
36.9304258,-0.3788839,Nyeri,Nyeri Town,Kiganjo/Mathari,Village/Farm,Chicken,Extensive,Unknown,Unknown,Unknown,Unknown,Unknown,Unknown,No
36.9334651,-0.3726464,Nyeri,Nyeri Town,Kiganjo/Mathari,Village/Farm,Cattle,Extensive,No,No,No,No,Unknown,No,Unknown
36.9747588,-0.437874,Nyeri,Tetu,Aguthi-Gaaki,Village/Farm,Cattle,Intensive,No,No,Unknown,No,Unknown,No,Unknown
36.9457422,-0.4252556,Embu,Runyenjes,Central Ward,Village/Farm,Chicken,Extensive,Unknown,Unknown,Unknown,Unknown,Unknown,Unknown,No
36.9384883,-0.3790796,Nyeri,Nyeri Town,Kiganjo/Mathari,Village/Farm,Cattle,Intensive,No,No,Unknown,No,Unknown,No,Unknown
36.9475576,-0.4224448,Embu,Mbeere South,Mavuria,Crush,Cattle,Extensive,No,Unknown,Unknown,Unknown,Unknown,Unknown,Unknown
36.9300898,-0.3689828,Nyeri,Nyeri Town,Kiganjo/Mathari,Village/Farm,Cattle,Intensive,No,No,No,No,Unknown,No,Unknown
37.3321259,-1.3525302,Machakos,Kangundo,Kangundo West,Village/Farm,Chicken,Extensive,Unknown,Unknown,Unknown,Unknown,Unknown,Unknown,No
36.9469577,-0.4243984,Embu,Runyenjes,Central Ward,Village/Farm,Chicken,Extensive,Unknown,Unknown,Unknown,Unknown,Unknown,Unknown,No
0.0,0.0,Nyeri,Tetu,Aguthi-Gaaki,Village/Farm,Cattle,Intensive,No,No,Unknown,No,Unknown,No,Unknown
37.3201915,-1.2669286,Machakos,Matungulu,Tala,Market,Cattle,Unknown,No,No,Unknown,No,Unknown,No,Unknown
37.3201915,-1.2669286,Machakos,Matungulu,Tala,Market,Goats,Mixed,Unknown,Unknown,No,Unknown,No,Unknown,Unknown
36.949237,-0.4255048,Embu,Runyenjes,Central Ward,Village/Farm,Chicken,Extensive,Unknown,Unknown,Unknown,Unknown,Unknown,Unknown,No
36.9457409,-0.4252592,Machakos,Machakos Town,Mua,Village/Farm,Goats,Extensive,No,Unknown,No,No,No,No,Unknown
37.0976986,-1.5057282,Machakos,Machakos Town,Mua,Village/Farm,Dogs,Unknown,Unknown,Unknown,Unknown,Unknown,Unknown,Unknown,Unknown
37.0976986,-1.5057282,Machakos,Machakos Town,Mua,Village/Farm,Chicken,Extensive,Unknown,Unknown,Unknown,Unknown,Unknown,Unknown,No
36.9457396,-0.4252576,Machakos,Machakos Town,Mua,Village/Farm,Cattle,Extensive,No,Unknown,No,No,Unknown,Unknown,Unknown
40.0721201,-3.2280572,Kilifi,Malindi,Malindi Town,Village/Farm,Goats,Extensive,No,Unknown,No,No,No,Unknown,Unknown
37.1125291,-1.5187646,Machakos,Machakos Town,Mua,Village/Farm,Cattle,Intensive,No,No,Unknown,No,Unknown,No,Unknown
32.85693,0.69321,Samburu,Samburu West,Maralal,Clinic,Cattle,Mixed,No,Unknown,Unknown,No,Unknown,No,Unknown
37.5712686,-0.4294994,Embu,Runyenjes,Central Ward,Abattoir,Cattle,Unknown,No,No,Unknown,No,Unknown,No,Unknown
37.5716016,-0.426687,Embu,Runyenjes,Central Ward,Abattoir,Pigs,Unknown,Unknown,Unknown,Unknown,No,Unknown,Unknown,Unknown
36.9860412,-1.4455999,Machakos,Mavoko,Athi River,Village/Farm,Chicken,Intensive,Unknown,Unknown,Unknown,Unknown,Unknown,Unknown,No
37.6601145,-0.7100255,Embu,Mbeere North,Muminji,Village/Farm,Donkey,Extensive,Unknown,Unknown,Unknown,Unknown,Unknown,Unknown,Unknown
37.6601145,-0.7100255,Embu,Mbeere North,Muminji,Village/Farm,Donkey,Extensive,Unknown,Unknown,Unknown,Unknown,Unknown,Unknown,Unknown
37.656789,-0.7308349,Embu,Mbeere North,Muminji,Village/Farm,Donkey,Extensive,Unknown,Unknown,Unknown,Unknown,Unknown,Unknown,Unknown
37.656789,-0.7308349,Embu,Mbeere North,Muminji,Village/Farm,Goats,Extensive,No,No,No,No,No,Unknown,Unknown
35.9893493,0.474574,Baringo,Baringo South,Marigat,Village/Farm,Sheep,Extensive,No,Unknown,No,No,Unknown,Unknown,Unknown
35.9893493,0.474574,Baringo,Baringo South,Marigat,Village/Farm,Chicken,Extensive,Unknown,Unknown,Unknown,Unknown,Unknown,Unknown,No
34.493111,-1.236248,Migori,Kuria West,Isibania,Abattoir,Goats,Unknown,No,Unknown,No,No,No,Unknown,Unknown
35.8131671,-1.8715888,Narok,Narok South,Loita,Village/Farm,Cattle,Mixed,No,No,Unknown,No,Unknown,No,Unknown
34.617022,-1.1983288,Migori,Kuria West,Bukira East,Abattoir,Goats,Unknown,No,Unknown,No,No,No,Unknown,Unknown
34.493111,-1.236248,Migori,Kuria West,Isibania,Abattoir,Goats,Unknown,No,Unknown,No,No,No,Unknown,Unknown
34.493111,-1.236248,Migori,Kuria West,Isibania,Abattoir,Sheep,Unknown,No,Unknown,No,No,Unknown,Unknown,Unknown
37.4418601,-1.8514253,Makueni,Kaiti,Ilima,Abattoir,Goats,Unknown,No,Unknown,No,No,No,Unknown,Unknown
35.7394938,0.4813637,Baringo,Baringo Central,Kabarnet,Village/Farm,Cattle,Mixed,No,No,Unknown,No,Unknown,No,Unknown
35.9947123,0.4720067,Baringo,Baringo South,Marigat,Village/Farm,Goats,Mixed,No,Unknown,No,No,No,Unknown,Unknown
34.6170818,-1.1982091,Migori,Kuria West,Bukira East,Abattoir,Cattle,Unknown,No,No,Unknown,No,Unknown,No,Unknown
34.4487651,-1.181818,Migori,Kuria West,Tagare,Market,Cattle,Unknown,No,No,Unknown,No,Unknown,No,Unknown
36.6999342,1.0943857,Samburu,Samburu West,Maralal,Crush,Chicken,Unknown,Unknown,Unknown,Unknown,Unknown,Unknown,Unknown,No
34.493111,-1.2359986,Migori,Kuria West,Isibania,Abattoir,Cattle,Unknown,No,No,Unknown,No,Unknown,No,Unknown
34.4487651,-1.181818,Migori,Kuria West,Tagare,Abattoir,Cattle,Unknown,No,No,Unknown,No,Unknown,No,Unknown
38.11783166666667,-2.3566966666666667,Makueni,Kibwezi West,Kikumbulyu South,Market,Goats,Unknown,No,Unknown,No,No,No,Unknown,Unknown
34.6170026,-1.1980116,Migori,Kuria West,Bukira East,Abattoir,Cattle,Unknown,No,No,Unknown,No,Unknown,No,Unknown
34.6170818,-1.1982091,Migori,Kuria West,Bukira East,Abattoir,Goats,Unknown,No,Unknown,No,No,No,Unknown,Unknown
37.36281,-1.7935816666666669,Makueni,Kaiti,Kilungu,Abattoir,Cattle,Unknown,No,No,Unknown,No,Unknown,No,Unknown
35.9947123,0.4720067,Baringo,Baringo South,Marigat,Village/Farm,Sheep,Mixed,No,Unknown,No,No,Unknown,Unknown,Unknown
35.9794501,0.4730572,Baringo,Baringo South,Marigat,Market,Cattle,Mixed,No,No,Unknown,No,Unknown,No,Unknown
35.9794501,0.4730572,Baringo,Baringo South,Marigat,Market,Sheep,Mixed,No,Unknown,No,No,Unknown,Unknown,Unknown
37.4331408,-1.8535278,Makueni,Kaiti,Ilima,Abattoir,Cattle,Unknown,No,No,Unknown,No,Unknown,No,Unknown
35.9794501,0.4730572,Baringo,Baringo South,Marigat,Market,Cattle,Mixed,No,No,Unknown,No,Unknown,No,Unknown
34.493039,-1.2361015,Migori,Kuria West,Isibania,Abattoir,Goats,Unknown,No,Unknown,No,No,No,Unknown,Unknown
34.4487651,-1.181818,Migori,Kuria West,Tagare,Market,Goats,Unknown,No,Unknown,No,No,No,Unknown,Unknown
34.4487651,-1.181818,Migori,Kuria West,Tagare,Market,Chicken,Unknown,Unknown,Unknown,Unknown,Unknown,Unknown,Unknown,No
34.6681639,-0.7464012,Kisii,South Mugirango,Tabaka,Village/Farm,Cattle,Mixed,No,No,Unknown,No,Unknown,No,Unknown
40.9624063,3.4396697,Mandera,Lafey,Waranqara,Village/Farm,Chicken,Unknown,Unknown,Unknown,Unknown,Unknown,Unknown,Unknown,No
34.4428737,-1.16447,Migori,Kuria West,Tagare,Abattoir,Goats,Unknown,No,Unknown,No,No,No,Unknown,Unknown
37.3790064,-1.9804732,Makueni,Kilome,Kasikeu,Abattoir,Goats,Unknown,No,Unknown,No,No,No,Unknown,Unknown
36.8914443,0.7753059,Samburu,Samburu West,Lodokejek,Crush,Sheep,Extensive,No,Unknown,No,No,Unknown,Unknown,Unknown
41.2282849,3.9308592,Mandera,Mandera North,Rhamu,Village/Farm,Cattle,Extensive,No,No,Unknown,No,Unknown,No,Unknown
34.4428737,-1.16447,Migori,Kuria West,Tagare,Market,Cattle,Unknown,No,No,Unknown,No,Unknown,No,Unknown
37.4224603,-1.7276682,Makueni,Kaiti,Ilima,Abattoir,Cattle,Unknown,No,No,Unknown,No,Unknown,No,Unknown
34.493111,-1.2359986,Migori,Kuria West,Isibania,Abattoir,Cattle,Unknown,No,No,Unknown,No,Unknown,No,Unknown
40.1659065,-1.6905862,Garissa,Ijara,Masalani,Abattoir,Goats,Extensive,No,Unknown,No,No,No,Unknown,Unknown
34.493111,-1.2359986,Migori,Kuria West,Isibania,Abattoir,Cattle,Unknown,No,No,Unknown,No,Unknown,No,Unknown
37.3481347,-1.8216235,Makueni,Kilome,Mukaa,Abattoir,Cattle,Unknown,No,No,Unknown,No,Unknown,No,Unknown
34.493111,-1.2359986,Migori,Kuria West,Isibania,Abattoir,Sheep,Unknown,No,Unknown,No,No,Unknown,Unknown,Unknown
34.6170026,-1.1980116,Migori,Kuria West,Bukira East,Abattoir,Goats,Unknown,No,Unknown,No,No,No,Unknown,Unknown
38.11680333333334,-2.3574466666666667,Makueni,Kibwezi West,Kikumbulyu South,Abattoir,Goats,Unknown,No,Unknown,No,No,No,Unknown,Unknown
38.01444333333333,-2.2754,Makueni,Kibwezi West,Kikumbulyu North,Village/Farm,Cattle,Mixed,No,No,Unknown,No,Unknown,No,Unknown
37.3856675,-1.95108,Makueni,Kaiti,Ilima,Village/Farm,Cattle,Unknown,No,No,Unknown,No,Unknown,No,Unknown
34.493039,-1.2361015,Migori,Kuria West,Isibania,Abattoir,Cattle,Unknown,No,No,Unknown,No,Unknown,No,Unknown
34.493111,-1.2359986,Migori,Kuria West,Isibania,Abattoir,Cattle,Unknown,No,No,Unknown,No,Unknown,No,Unknown
37.3531184,-1.7985298,Makueni,Kaiti,Kilungu,Abattoir,Cattle,Unknown,No,No,Unknown,No,Unknown,No,Unknown
34.493111,-1.2359986,Migori,Kuria West,Isibania,Abattoir,Goats,Unknown,No,Unknown,No,No,No,Unknown,Unknown
39.2414535,0.0804048,Garissa,Balambala,Balambala,Village/Farm,Sheep,Extensive,No,Unknown,No,No,Unknown,Unknown,Unknown
35.28003999,0.52782514,Uasin Gishu,Soy,Kuinet/Kapsuswa,Village/Farm,Sheep,Intensive,No,Unknown,No,No,Unknown,Unknown,Unknown
37.7226049,-1.9046621,Makueni,Makueni,Kathonzweni,Market,Cattle,Unknown,No,No,Unknown,No,Unknown,No,Unknown
39.2414535,0.0804048,Garissa,Balambala,Balambala,Village/Farm,Goats,Extensive,No,Unknown,No,No,No,Unknown,Unknown
34.5190186,-0.7338999,Homa Bay,Homa Bay Town,Homa Bay Central,Village/Farm,Chicken,Mixed,Unknown,Unknown,Unknown,Unknown,Unknown,Unknown,No
34.493111,-1.2359986,Migori,Kuria West,Isibania,Abattoir,Sheep,Unknown,No,Unknown,No,No,Unknown,Unknown,Unknown
35.0424301,0.507837,Nandi,Mosop,Kurgung/Surungai,Market,Cattle,Mixed,Unknown,Unknown,Unknown,Unknown,Unknown,Unknown,Unknown
39.2414535,0.0804048,Garissa,Balambala,Balambala,Village/Farm,Camel,Extensive,No,Unknown,Unknown,No,Unknown,Unknown,Unknown
34.4487651,-1.181818,Migori,Kuria West,Tagare,Market,Sheep,Unknown,No,Unknown,No,No,Unknown,Unknown,Unknown
39.7203236,-0.36117,Garissa,Garissa Township,Galbet,Village/Farm,Goats,Mixed,No,Unknown,No,No,No,Unknown,Unknown
34.493111,-1.2359986,Migori,Kuria West,Isibania,Abattoir,Goats,Unknown,No,Unknown,No,No,No,Unknown,Unknown
39.7322441,-0.3697289,Garissa,Garissa Township,Galbet,Village/Farm,Sheep,Mixed,No,Unknown,No,No,Unknown,Unknown,Unknown
39.2414535,0.0804048,Garissa,Balambala,Balambala,Village/Farm,Cattle,Extensive,No,No,Unknown,No,Unknown,No,Unknown
34.4487651,-1.181818,Migori,Kuria West,Tagare,Market,Sheep,Unknown,No,Unknown,No,No,Unknown,Unknown,Unknown
34.441834,-1.1418366,Migori,Kuria West,Tagare,Market,Sheep,Unknown,No,Unknown,No,No,Unknown,Unknown,Unknown
37.3856675,-1.95108,Makueni,Kaiti,Ilima,Village/Farm,Goats,Mixed,No,Unknown,No,No,No,Unknown,Unknown
34.441834,-1.1418366,Migori,Kuria West,Tagare,Market,Goats,Unknown,No,Unknown,No,No,No,Unknown,Unknown
34.7224744,-0.7965172,Kisii,Bomachoge Chache,Boochi/Tendere,Village/Farm,Goats,Mixed,No,Unknown,No,No,No,Unknown,Unknown
34.6169862,-1.1980173,Migori,Kuria West,Bukira East,Abattoir,Cattle,Unknown,No,No,Unknown,No,Unknown,No,Unknown
34.441834,-1.1418366,Migori,Kuria West,Tagare,Market,Cattle,Unknown,No,No,Unknown,No,Unknown,No,Unknown
34.441834,-1.1418366,Migori,Kuria West,Tagare,Market,Chicken,Unknown,Unknown,Unknown,Unknown,Unknown,Unknown,Unknown,No
37.4991061,-1.764448,Makueni,Kaiti,Ukia,Abattoir,Cattle,Mixed,No,No,Unknown,No,Unknown,No,Unknown
34.6532016,-1.2612857,Migori,Kuria East,Nyabasi East,Village/Farm,Cattle,Mixed,No,No,Unknown,No,Unknown,No,Unknown
37.46878333333333,-2.079555,Makueni,Kibwezi West,Emali/Mulala,Abattoir,Cattle,Unknown,No,No,Unknown,No,Unknown,No,Unknown
37.4612536,-2.0774844,Makueni,Kibwezi West,Emali/Mulala,Abattoir,Cattle,Unknown,No,No,Unknown,No,Unknown,No,Unknown
0.0,0.0,Kisii,Bomachoge Borabu,Magenche,Village/Farm,Cattle,Mixed,No,No,Unknown,No,Unknown,No,Unknown
0.0,0.0,Kisii,Bomachoge Borabu,Magenche,Village/Farm,Cattle,Mixed,No,No,Unknown,No,Unknown,No,Unknown
0.0,0.0,Kisii,Bomachoge Borabu,Bombaba Borabu,Village/Farm,Goats,Mixed,No,Unknown,No,No,No,Unknown,Unknown
37.96049,-2.4086383333333337,Makueni,Kibwezi West,Kikumbulyu South,Market,Goats,Unknown,No,Unknown,No,No,No,Unknown,Unknown
38.017405,-2.3201183333333333,Makueni,Kibwezi West,Kikumbulyu North,Village/Farm,Goats,Mixed,No,Unknown,No,No,No,Unknown,Unknown
37.98838666666666,-2.369133333333333,Makueni,Kibwezi West,Kikumbulyu South,Abattoir,Goats,Unknown,No,Unknown,No,No,No,Unknown,Unknown
34.4816802,-1.2394098,Migori,Kuria West,Isibania,Abattoir,Cattle,Unknown,No,No,Unknown,No,Unknown,No,Unknown
36.6927725,1.0926138,Samburu,Samburu West,Maralal,Crush,Goats,Intensive,No,Unknown,No,Unknown,No,Unknown,Unknown
34.7223563,-0.7964783,Kisii,Bomachoge Chache,Boochi/Tendere,Village/Farm,Chicken,Mixed,Unknown,Unknown,Unknown,Unknown,Unknown,Unknown,No
37.9412092,0.3465929,Meru,Igembe North,Antuambui,Abattoir,Goats,Extensive,No,Unknown,No,No,No,Unknown,Unknown
34.7583691,-0.8543845,Kisii,Bobasi,Masige West,Village/Farm,Sheep,Mixed,No,Unknown,No,No,Unknown,Unknown,Unknown
37.3542558,-1.798942,Makueni,Kaiti,Kilungu,Abattoir,Goats,Unknown,No,Unknown,No,No,No,Unknown,Unknown
39.4056926,0.2270515,Garissa,Balambala,Balambala,Village/Farm,Goats,Extensive,No,Unknown,No,No,No,Unknown,Unknown
39.7267674,-0.365447,Garissa,Garissa Township,Galbet,Village/Farm,Cattle,Extensive,No,No,Unknown,No,Unknown,No,Unknown
0.0,0.0,Mandera,Mandera North,Rhamu-Dimtu,Village/Farm,Cattle,Extensive,No,No,Unknown,No,Unknown,No,Unknown
35.744271,0.4919034,Baringo,Baringo Central,Kabarnet,Village/Farm,Cattle,Mixed,No,No,Unknown,No,Unknown,No,Unknown
37.735485,-1.929415,Makueni,Makueni,Kathonzweni,Village/Farm,Chicken,Mixed,Unknown,Unknown,Unknown,Unknown,Unknown,Unknown,Unknown
37.72953,-1.861615,Makueni,Makueni,Mavindini,Village/Farm,Chicken,Mixed,Unknown,Unknown,Unknown,Unknown,Unknown,Unknown,No
37.849287,-1.876067,Makueni,Makueni,Mavindini,Market,Chicken,Unknown,Unknown,Unknown,Unknown,Unknown,Unknown,Unknown,Unknown
37.9441899,0.3556453,Meru,Igembe North,Antuambui,Abattoir,Sheep,Extensive,No,Unknown,No,No,Unknown,Unknown,Unknown
34.660211,-0.4091795,Homa Bay,Karachuonyo,Kendu Bay Town,Village/Farm,Sheep,Mixed,No,Unknown,No,No,Unknown,Unknown,Unknown
34.660211,-0.4091795,Homa Bay,Karachuonyo,Kendu Bay Town,Village/Farm,Chicken,Mixed,Unknown,Unknown,Unknown,Unknown,Unknown,Unknown,No
34.6757089,-0.4119541,Homa Bay,Karachuonyo,Kendu Bay Town,Village/Farm,Sheep,Mixed,No,Unknown,No,No,Unknown,Unknown,Unknown
0.0,0.0,Kisii,Bomachoge Borabu,Magenche,Village/Farm,Cattle,Mixed,No,No,Unknown,No,Unknown,Unknown,Unknown
37.6614447,-0.3161914,Tharaka-Nithi,Chuka/Igambang'Ombe,Karingani,Abattoir,Cattle,Unknown,Unknown,Unknown,Unknown,Unknown,Unknown,Unknown,Unknown
37.6993438,-0.3190587,Tharaka-Nithi,Maara,Muthambi,Village/Farm,Cattle,Intensive,No,No,Unknown,No,Unknown,No,Unknown
37.944521,0.3556437,Meru,Igembe North,Antuambui,Abattoir,Cattle,Intensive,No,Unknown,Unknown,No,Unknown,No,Unknown
37.5819228,-0.405794,Tharaka-Nithi,Chuka/Igambang'Ombe,Magumoni,Village/Farm,Cattle,Intensive,No,No,Unknown,No,Unknown,No,Unknown
34.6226363,-1.1890235,Migori,Kuria West,Bukira East,Village/Farm,Cattle,Mixed,No,No,Unknown,No,Unknown,No,Unknown
37.3542558,-1.798942,Makueni,Kaiti,Kilungu,Abattoir,Cattle,Unknown,No,No,Unknown,No,Unknown,No,Unknown
37.450595,-1.822555,Makueni,Kaiti,Ilima,Village/Farm,Cattle,Mixed,No,No,Unknown,No,Unknown,No,Unknown
39.4056926,0.2270515,Garissa,Balambala,Balambala,Village/Farm,Sheep,Extensive,No,Unknown,No,No,Unknown,Unknown,Unknown
35.191661,-0.5880705,Kericho,Bureti,Litein,Abattoir,Goats,Unknown,No,Unknown,No,No,No,Unknown,Unknown
35.191661,-0.5880705,Kericho,Bureti,Litein,Abattoir,Cattle,Unknown,No,No,Unknown,No,Unknown,No,Unknown
34.493111,-1.236248,Migori,Kuria West,Isibania,Abattoir,Cattle,Unknown,No,No,Unknown,No,Unknown,No,Unknown
34.6284351,-1.1685857,Migori,Kuria West,Bukira East,Market,Goats,Unknown,No,Unknown,No,No,No,Unknown,Unknown
37.6646428,-0.3165038,Tharaka-Nithi,Chuka/Igambang'Ombe,Karingani,Abattoir,Goats,Unknown,Unknown,Unknown,Unknown,Unknown,Unknown,Unknown,Unknown
41.2257728,3.9307635,Mandera,Mandera North,Rhamu,Village/Farm,Goats,Extensive,No,Unknown,No,No,No,Unknown,Unknown
34.617022,-1.1980801,Migori,Kuria West,Bukira East,Abattoir,Cattle,Unknown,No,No,Unknown,No,Unknown,No,Unknown
34.4473789,-1.1385268,Migori,Kuria West,Tagare,Market,Cattle,Unknown,No,No,Unknown,No,Unknown,No,Unknown
34.6284351,-1.1685857,Migori,Kuria West,Bukira East,Market,Sheep,Unknown,No,Unknown,No,No,Unknown,Unknown,Unknown
36.6927725,1.0926138,Samburu,Samburu West,Maralal,Crush,Cattle,Unknown,No,Unknown,Unknown,No,Unknown,No,Unknown
34.6284351,-1.1685857,Migori,Kuria West,Bukira East,Market,Cattle,Unknown,No,No,Unknown,No,Unknown,No,Unknown
37.5349365,-1.9547769,Makueni,Makueni,Nzaui/Kilili/Kalamba,Village/Farm,Cattle,Mixed,No,No,Unknown,No,Unknown,No,Unknown
34.4761375,-1.2192967,Migori,Kuria West,Tagare,Abattoir,Cattle,Unknown,No,No,Unknown,No,Unknown,No,Unknown
34.4473789,-1.1385268,Migori,Kuria West,Tagare,Market,Chicken,Unknown,Unknown,Unknown,Unknown,Unknown,Unknown,Unknown,No
40.0543342,1.7493588,Wajir,Wajir East,Wagberi,Market,Goats,Extensive,No,Unknown,No,No,No,Unknown,Unknown
34.4754434,-1.2192539,Migori,Kuria West,Nyamosense/Komosoko,Abattoir,Cattle,Unknown,No,No,Unknown,No,Unknown,No,Unknown
34.4889546,-1.2318218,Migori,Kuria West,Isibania,Abattoir,Sheep,Unknown,No,Unknown,No,No,Unknown,Unknown,Unknown
34.4473789,-1.1385268,Migori,Kuria West,Tagare,Abattoir,Sheep,Unknown,No,Unknown,No,No,Unknown,Unknown,Unknown
37.1914939,-1.6480333,Makueni,Kaiti,Kilungu,Abattoir,Goats,Unknown,No,Unknown,No,No,No,Unknown,Unknown
34.493111,-1.236248,Migori,Kuria West,Isibania,Abattoir,Goats,Unknown,No,Unknown,No,No,No,Unknown,Unknown
34.7756328,-0.705368,Kisii,Bomachoge Chache,Bosoti/Sengera,Village/Farm,Cattle,Mixed,No,No,Unknown,No,Unknown,No,Unknown
41.1843057,3.1497295,Mandera,Lafey,Lafey,Village/Farm,Chicken,Mixed,Unknown,Unknown,Unknown,Unknown,Unknown,Unknown,No
37.3911948,-1.8407824,Makueni,Kilome,Mukaa,Abattoir,Cattle,Unknown,No,No,Unknown,No,Unknown,No,Unknown
34.4789089,-1.2222473,Migori,Kuria West,Nyamosense/Komosoko,Abattoir,Cattle,Unknown,No,No,Unknown,No,Unknown,No,Unknown
34.480641,-1.2394253,Migori,Kuria West,Isibania,Abattoir,Cattle,Unknown,No,No,Unknown,No,Unknown,No,Unknown
34.4473789,-1.1385268,Migori,Kuria West,Tagare,Market,Cattle,Unknown,No,No,Unknown,No,Unknown,No,Unknown
37.3911948,-1.8407824,Makueni,Kaiti,Kilungu,Abattoir,Cattle,Unknown,No,No,Unknown,No,Unknown,No,Unknown
34.4889546,-1.2318218,Migori,Kuria West,Isibania,Abattoir,Goats,Unknown,No,Unknown,No,No,No,Unknown,Unknown
37.3461565,-1.7027482,Makueni,Kaiti,Kee,Village/Farm,Cattle,Mixed,No,No,Unknown,No,Unknown,No,Unknown
41.1843057,3.1497295,Mandera,Lafey,Lafey,Village/Farm,Sheep,Unknown,No,Unknown,No,No,Unknown,Unknown,Unknown
37.4134267,-1.9981923,Makueni,Kaiti,Ilima,Abattoir,Goats,Unknown,No,Unknown,No,No,No,Unknown,Unknown
37.9875607,0.3373157,Meru,Igembe North,Antubetwe Kiongo,Abattoir,Goats,Extensive,No,Unknown,No,No,No,Unknown,Unknown
34.6246309,-1.1852902,Migori,Kuria West,Bukira East,Village/Farm,Cattle,Mixed,No,No,Unknown,No,Unknown,No,Unknown
34.4473789,-1.1385268,Migori,Kuria West,Tagare,Market,Sheep,Unknown,No,Unknown,No,No,Unknown,Unknown,Unknown
34.4473789,-1.1385268,Migori,Kuria West,Tagare,Market,Goats,Unknown,No,Unknown,No,No,No,Unknown,Unknown
36.96539,-0.4442077,Nyeri,Tetu,Aguthi-Gaaki,Village/Farm,Cattle,Intensive,No,No,Unknown,No,Unknown,No,Unknown
34.7583691,-0.8543845,Kisii,Bobasi,Masige West,Village/Farm,Goats,Mixed,No,Unknown,No,No,No,Unknown,Unknown
37.9441899,0.3556453,Meru,Igembe North,Antuambui,Abattoir,Goats,Extensive,No,Unknown,No,No,No,Unknown,Unknown
37.4418331,-1.8516233,Makueni,Kaiti,Ilima,Abattoir,Goats,Unknown,No,Unknown,No,No,No,Unknown,Unknown
34.493111,-1.236248,Migori,Kuria West,Isibania,Abattoir,Cattle,Unknown,No,No,Unknown,No,Unknown,No,Unknown
39.8596799,-3.5985228,Kilifi,Kilifi North,Sokoni,Abattoir,Goats,Unknown,No,Unknown,No,No,No,Unknown,Unknown
40.0543342,1.7493588,Wajir,Wajir East,Wagberi,Crush,Sheep,Extensive,No,Unknown,No,No,Unknown,Unknown,Unknown
34.4487651,-1.181818,Migori,Kuria West,Tagare,Market,Sheep,Unknown,No,Unknown,No,No,Unknown,Unknown,Unknown
35.0980886,-0.6884392,Bomet,Sotik,Rongena/Manaret,Village/Farm,Cattle,Mixed,Unknown,Unknown,Unknown,No,Unknown,Unknown,Unknown
34.652294,-0.713527,Kisii,Bonchari,Riana,Village/Farm,Cattle,Intensive,No,No,Unknown,No,Unknown,No,Unknown
37.6355019,-0.26202,Tharaka-Nithi,Maara,Muthambi,Village/Farm,Cattle,Intensive,No,No,Unknown,No,Unknown,No,Unknown
35.0984064,-0.6882387,Bomet,Sotik,Rongena/Manaret,Village/Farm,Cattle,Mixed,Unknown,Unknown,Unknown,No,Unknown,Unknown,Unknown
39.5980857,-4.179315,Kwale,Matuga,Waa,Village/Farm,Cattle,Mixed,No,No,Unknown,No,Unknown,No,Unknown
37.4359538,-1.7336418,Makueni,Kaiti,Ukia,Abattoir,Cattle,Unknown,No,No,Unknown,No,Unknown,No,Unknown
39.5980857,-4.179315,Kwale,Matuga,Waa,Village/Farm,Goats,Mixed,Unknown,Unknown,No,No,No,Unknown,Unknown
35.1001831,-0.6878747,Bomet,Sotik,Rongena/Manaret,Village/Farm,Cattle,Mixed,Unknown,Unknown,Unknown,No,Unknown,Unknown,Unknown
39.8561436,-3.6034335,Kilifi,Kilifi North,Sokoni,Abattoir,Cattle,Unknown,No,No,Unknown,No,Unknown,No,Unknown
0.0,0.0,Kericho,Belgut,Cheptororiet/Seretut,Village/Farm,Chicken,Mixed,Unknown,Unknown,Unknown,Unknown,Unknown,Unknown,No
35.114328,-0.5023038,Kericho,Bureti,Kisiara,Village/Farm,Cattle,Mixed,No,No,Unknown,No,Unknown,No,Unknown
35.7360814,0.483546,Baringo,Baringo Central,Kabarnet,Village/Farm,Goats,Mixed,No,Unknown,No,Unknown,No,Unknown,Unknown
37.7136337,-0.4541686,Tharaka-Nithi,Chuka/Igambang'Ombe,Igambang'Ombe,Village/Farm,Cattle,Intensive,No,No,Unknown,Unknown,Unknown,No,Unknown
35.1017809,-0.6876101,Bomet,Sotik,Rongena/Manaret,Village/Farm,Cattle,Mixed,Unknown,Unknown,Unknown,No,Unknown,Unknown,Unknown
36.0939267,0.0220255,Baringo,Mogotio,Kisanana,Village/Farm,Cattle,Mixed,No,No,Unknown,No,Unknown,No,Unknown
36.0939267,0.0220255,Baringo,Mogotio,Kisanana,Village/Farm,Goats,Mixed,No,Unknown,No,No,No,Unknown,Unknown
36.0939267,0.0220255,Baringo,Mogotio,Kisanana,Village/Farm,Sheep,Mixed,No,Unknown,No,No,Unknown,Unknown,Unknown
34.9449775,0.1817132,Nandi,Emgwen,Chepkumia,Village/Farm,Cattle,Mixed,No,No,Unknown,No,Unknown,No,Unknown
35.0975129,-0.8370914,Bomet,Sotik,Ndanai/Abosi,Village/Farm,Sheep,Mixed,No,Unknown,No,No,Unknown,Unknown,Unknown
36.7020406,1.094658,Samburu,Samburu West,Maralal,Village/Farm,Cattle,Mixed,No,No,Unknown,No,Unknown,No,Unknown
34.1262446,-0.8064301,Migori,Nyatike,Kachien'G,Village/Farm,Cattle,Mixed,No,No,Unknown,No,Unknown,No,Unknown
0.0,0.0,Kisii,Bomachoge Chache,Bosoti/Sengera,Village/Farm,Cattle,Mixed,No,No,Unknown,No,Unknown,No,Unknown
34.728322,-0.7927885,Kisii,Bomachoge Chache,Boochi/Tendere,Village/Farm,Cattle,Mixed,No,No,Unknown,No,Unknown,No,Unknown
34.7044841,-0.5915751,Kisii,Bonchari,Bomariba,Village/Farm,Chicken,Intensive,Unknown,Unknown,Unknown,Unknown,Unknown,Unknown,No
35.8977675,0.2344299,Baringo,Mogotio,Emining,Village/Farm,Sheep,Mixed,Unknown,Unknown,No,Unknown,Unknown,Unknown,Unknown
35.8977675,0.2344299,Baringo,Mogotio,Emining,Village/Farm,Cattle,Mixed,Unknown,Unknown,Unknown,No,Unknown,Unknown,Unknown
0.0,0.0,Kisii,Bomachoge Borabu,Magenche,Village/Farm,Cattle,Mixed,No,No,Unknown,No,Unknown,Unknown,Unknown
0.0,0.0,Kisii,Bomachoge Borabu,Bokimonge,Village/Farm,Cattle,Mixed,No,No,Unknown,No,Unknown,Unknown,Unknown
0.0,0.0,Kisii,Bomachoge Borabu,Bokimonge,Village/Farm,Cattle,Mixed,No,No,Unknown,No,Unknown,No,Unknown
0.0,0.0,Kisii,Bomachoge Borabu,Bokimonge,Village/Farm,Cattle,Mixed,No,No,Unknown,No,Unknown,Unknown,Unknown
0.0,0.0,Kisii,Bomachoge Borabu,Bokimonge,Village/Farm,Cattle,Mixed,No,No,Unknown,No,Unknown,Unknown,Unknown
0.0,0.0,Kisii,Bomachoge Borabu,Magenche,Village/Farm,Cattle,Mixed,No,No,Unknown,No,Unknown,Unknown,Unknown
0.0,0.0,Kisii,Bomachoge Borabu,Bokimonge,Village/Farm,Cattle,Mixed,No,No,Unknown,No,Unknown,No,Unknown
35.3080401,-0.9761033,Bomet,Chepalungu,Chebunyo,Village/Farm,Sheep,Mixed,No,Unknown,No,No,Unknown,Unknown,Unknown
37.712637,-1.830462,Makueni,Makueni,Mavindini,Village/Farm,Chicken,Mixed,Unknown,Unknown,Unknown,Unknown,Unknown,Unknown,No
0.0,0.0,Kisii,Bomachoge Chache,Boochi/Tendere,Village/Farm,Cattle,Mixed,No,No,Unknown,No,Unknown,No,Unknown
0.0,0.0,Kisii,Bomachoge Borabu,Bokimonge,Village/Farm,Cattle,Mixed,No,No,Unknown,Unknown,Unknown,No,Unknown
34.6529571,-0.7159124,Kisii,Bonchari,Riana,Village/Farm,Cattle,Mixed,No,No,Unknown,No,Unknown,No,Unknown
36.0117588,0.4221442,Baringo,Baringo South,Marigat,Village/Farm,Cattle,Mixed,No,No,Unknown,No,Unknown,No,Unknown
37.712637,-1.830462,Makueni,Makueni,Mavindini,Village/Farm,Chicken,Mixed,Unknown,Unknown,Unknown,Unknown,Unknown,Unknown,No
37.76976868,-1.956723,Makueni,Makueni,Kathonzweni,Village/Farm,Chicken,Mixed,Unknown,Unknown,Unknown,Unknown,Unknown,Unknown,No
0.0,0.0,Makueni,Makueni,Nzaui/Kilili/Kalamba,Village/Farm,Cattle,Mixed,No,No,Unknown,No,Unknown,No,Unknown
342.0,1.0,Samburu,Samburu West,Maralal,Clinic,Cattle,Mixed,No,No,Unknown,No,Unknown,No,Unknown
37.272261666666665,-1.9033916666666664,Makueni,Kilome,Kasikeu,Village/Farm,Goats,Mixed,No,Unknown,No,No,No,Unknown,Unknown
37.5665256,-1.1365262,Machakos,Yatta,Ndalani,Village/Farm,Chicken,Extensive,Unknown,Unknown,Unknown,Unknown,Unknown,Unknown,No
37.4966382,-1.1398806,Machakos,Yatta,Ndalani,Village/Farm,Chicken,Extensive,Unknown,Unknown,Unknown,Unknown,Unknown,Unknown,No
40.686996,-1.1829332,Garissa,Ijara,Hulugho,Village/Farm,Cattle,Extensive,No,Unknown,Unknown,No,Unknown,No,Unknown
36.9337066,-0.3732641,Nyeri,Nyeri Town,Kiganjo/Mathari,Village/Farm,Cattle,Intensive,No,No,Unknown,No,Unknown,No,Unknown
37.3655276,-2.0217442,Kajiado,Kajiado East,Imaroro,Village/Farm,Sheep,Extensive,No,Unknown,No,No,Unknown,Unknown,Unknown
34.765275,-0.4305968,Homa Bay,Kasipul,East Kamagak,Village/Farm,Sheep,Mixed,Unknown,Unknown,No,No,No,Unknown,Unknown
37.1236813,-0.6249181,Nyeri,Mukurweini,Gikondi,Village/Farm,Cattle,Mixed,No,No,No,No,No,No,Unknown
35.9966384,0.4324207,Baringo,Baringo South,Marigat,Village/Farm,Sheep,Mixed,No,Unknown,No,No,Unknown,Unknown,Unknown
37.6285156,-0.3438609,Tharaka-Nithi,Chuka/Igambang'Ombe,Mugwe,Village/Farm,Chicken,Extensive,Unknown,Unknown,Unknown,Unknown,Unknown,Unknown,No
34.6671593,-0.6619825,Kisii,Bonchari,Riana,Village/Farm,Chicken,Intensive,Unknown,Unknown,Unknown,Unknown,Unknown,Unknown,No
36.1508627,-1.0968327,Narok,Narok East,Keekonyokie,Village/Farm,Chicken,Mixed,Unknown,Unknown,Unknown,Unknown,Unknown,Unknown,No
34.6982644,-0.8213238,Kisii,Bomachoge Chache,Bosoti/Sengera,Village/Farm,Chicken,Mixed,Unknown,Unknown,Unknown,Unknown,Unknown,Unknown,No
35.9893493,0.474574,Baringo,Baringo South,Marigat,Village/Farm,Goats,Extensive,No,Unknown,No,No,No,Unknown,Unknown
0.0,0.0,Mandera,Lafey,Lafey,Village/Farm,Chicken,Mixed,Unknown,Unknown,Unknown,Unknown,Unknown,Unknown,No
35.191661,-0.5880705,Kericho,Bureti,Litein,Abattoir,Sheep,Unknown,No,Unknown,No,No,Unknown,Unknown,Unknown
37.3911948,-1.8407824,Makueni,Kilome,Mukaa,Abattoir,Goats,Unknown,No,Unknown,No,No,No,Unknown,Unknown
36.6927725,1.0926138,Samburu,Samburu West,Maralal,Crush,Chicken,Unknown,Unknown,Unknown,Unknown,Unknown,Unknown,Unknown,No
39.3483187,0.3804494,Garissa,Lagdera,Baraki,Crush,Sheep,Extensive,No,Unknown,No,No,Unknown,Unknown,Unknown
34.6177138,-1.1938425,Migori,Kuria West,Bukira East,Market,Chicken,Unknown,Unknown,Unknown,Unknown,Unknown,Unknown,Unknown,No
34.617022,-1.1983288,Migori,Kuria West,Bukira East,Abattoir,Cattle,Unknown,No,No,Unknown,No,Unknown,No,Unknown
35.9893493,0.474574,Baringo,Baringo South,Marigat,Village/Farm,Cattle,Extensive,No,No,Unknown,No,Unknown,No,Unknown
37.5819228,0.3592606,Isiolo,Isiolo North,Burat,Village/Farm,Chicken,Extensive,Unknown,Unknown,Unknown,Unknown,Unknown,Unknown,No
34.493111,-1.236248,Migori,Kuria West,Isibania,Abattoir,Cattle,Unknown,No,No,Unknown,No,Unknown,No,Unknown
35.1017809,-0.6876101,Bomet,Sotik,Rongena/Manaret,Village/Farm,Chicken,Mixed,Unknown,Unknown,Unknown,Unknown,Unknown,Unknown,No
35.9766416,0.452457,Baringo,Baringo South,Marigat,Market,Sheep,Unknown,No,Unknown,No,No,Unknown,Unknown,Unknown
38.0818219,-2.5832767,Makueni,Kibwezi East,Ivingoni/Nzambani,Market,Chicken,Unknown,Unknown,Unknown,Unknown,Unknown,Unknown,Unknown,No
34.4470324,-1.1781067,Migori,Kuria West,Tagare,Market,Chicken,Unknown,Unknown,Unknown,Unknown,Unknown,Unknown,Unknown,No
37.3456294,-1.9887976,Makueni,Kilome,Mukaa,Abattoir,Cattle,Unknown,No,No,Unknown,No,Unknown,No,Unknown
37.0073197,-0.3116686,Nyeri,Kieni,Thegu River,Abattoir,Chicken,Intensive,Unknown,Unknown,Unknown,Unknown,Unknown,Unknown,No
37.461095,0.371685,Isiolo,Isiolo North,Burat,Village/Farm,Camel,Extensive,No,Unknown,Unknown,No,Unknown,Unknown,Unknown
37.36027166666667,-1.791605,Makueni,Kaiti,Kilungu,Abattoir,Cattle,Unknown,No,No,Unknown,No,Unknown,No,Unknown
37.4629708,-1.6348387,Makueni,Mbooni,Mbooni,Crush,Cattle,Mixed,No,No,Unknown,No,Unknown,No,Unknown
34.7680372,-0.0837794,Kisumu,Kisumu Central,Railways,Village/Farm,Chicken,Intensive,Unknown,Unknown,Unknown,Unknown,Unknown,Unknown,No
34.4432203,-1.1644652,Migori,Kuria West,Tagare,Abattoir,Cattle,Unknown,No,No,Unknown,No,Unknown,No,Unknown
34.6246309,-1.1835502,Migori,Kuria West,Bukira East,Market,Chicken,Unknown,Unknown,Unknown,Unknown,Unknown,Unknown,Unknown,No
36.09364029,-1.12815862,Narok,Narok East,Mosiro,Village/Farm,Sheep,Mixed,No,Unknown,No,No,Unknown,Unknown,Unknown
37.360443333333336,-1.7915933333333331,Makueni,Kaiti,Kilungu,Abattoir,Goats,Unknown,No,Unknown,No,No,No,Unknown,Unknown
40.1492725,-2.854482,Kilifi,Magarini,Adu,Crush,Cattle,Mixed,Unknown,Unknown,Unknown,No,Unknown,Unknown,Unknown
41.1692192,3.1407945,Mandera,Lafey,Lafey,Clinic,Camel,Unknown,No,Unknown,Unknown,No,Unknown,Unknown,Unknown
39.46315,-4.1796965,Kwale,Matuga,Tsimba Golini,Village/Farm,Sheep,Extensive,No,Unknown,No,No,Unknown,Unknown,Unknown
34.4931557,-1.2362545,Migori,Kuria West,Isibania,Abattoir,Cattle,Unknown,No,No,Unknown,No,Unknown,No,Unknown
37.97076166666667,-2.28953,Makueni,Kibwezi West,Kikumbulyu North,Village/Farm,Goats,Unknown,No,Unknown,No,No,No,Unknown,Unknown
37.3854402,-1.9510232,Makueni,Kilome,Kasikeu,Abattoir,Cattle,Unknown,No,No,Unknown,No,Unknown,No,Unknown
0.0,0.0,Makueni,Kibwezi East,Thange,Abattoir,Goats,Unknown,No,Unknown,No,No,No,Unknown,Unknown
37.9438587,0.3509971,Meru,Igembe North,Antuambui,Abattoir,Sheep,Extensive,No,Unknown,Unknown,No,Unknown,Unknown,Unknown
37.962698333333336,-2.4141166666666667,Makueni,Kibwezi West,Kikumbulyu South,Abattoir,Cattle,Unknown,No,No,Unknown,No,Unknown,No,Unknown
34.493111,-1.236248,Migori,Kuria West,Isibania,Abattoir,Cattle,Unknown,No,No,Unknown,No,Unknown,No,Unknown
34.4487651,-1.181818,Migori,Kuria West,Tagare,Market,Chicken,Unknown,Unknown,Unknown,Unknown,Unknown,Unknown,Unknown,No
34.4931557,-1.2362545,Migori,Kuria West,Isibania,Abattoir,Sheep,Unknown,No,Unknown,No,No,Unknown,Unknown,Unknown
34.4487651,-1.181818,Migori,Kuria West,Tagare,Market,Sheep,Unknown,No,Unknown,No,No,Unknown,Unknown,Unknown
38.11024,-2.354326,Makueni,Kibwezi West,Kikumbulyu South,Abattoir,Goats,Unknown,No,Unknown,No,No,No,Unknown,Unknown
0.0,0.0,Kericho,Bureti,Litein,Abattoir,Cattle,Unknown,No,No,Unknown,No,Unknown,No,Unknown
0.0,0.0,Makueni,Kibwezi East,Thange,Abattoir,Sheep,Extensive,No,Unknown,No,No,Unknown,Unknown,Unknown
0.0,0.0,Kericho,Bureti,Litein,Abattoir,Sheep,Unknown,No,Unknown,No,No,Unknown,Unknown,Unknown
0.0,0.0,Makueni,Kibwezi East,Thange,Abattoir,Chicken,Intensive,Unknown,Unknown,Unknown,Unknown,Unknown,Unknown,No
35.1920045,-0.589766,Kericho,Bureti,Litein,Abattoir,Chicken,Mixed,Unknown,Unknown,Unknown,Unknown,Unknown,Unknown,No
36.6981008,1.0928491,Samburu,Samburu West,Lodokejek,Market,Sheep,Extensive,No,Unknown,No,No,Unknown,Unknown,Unknown
34.4487651,-1.181818,Migori,Kuria West,Tagare,Market,Goats,Unknown,No,Unknown,No,No,No,Unknown,Unknown
34.4487651,-1.181818,Migori,Kuria West,Tagare,Market,Cattle,Unknown,No,No,Unknown,No,Unknown,No,Unknown
34.4796017,-1.2232342,Migori,Kuria West,Nyamosense/Komosoko,Abattoir,Cattle,Unknown,No,No,Unknown,No,Unknown,No,Unknown
34.2044645,0.1237621,Siaya,Alego Usonga,West Alego,Village/Farm,Chicken,Intensive,Unknown,Unknown,Unknown,Unknown,Unknown,Unknown,No
34.7520842,-0.1072806,Migori,Nyatike,Got Kachola,Village/Farm,Sheep,Mixed,Unknown,Unknown,No,No,Unknown,Unknown,Unknown
36.6708488,1.0626177,Samburu,Samburu West,Loosuk,Village/Farm,Cattle,Intensive,No,No,Unknown,No,Unknown,No,Unknown
36.7054105,1.0918299,Samburu,Samburu West,Maralal,Market,Sheep,Extensive,No,Unknown,No,No,Unknown,Unknown,Unknown
40.3451369,3.9412384,Mandera,Banissa,Derkhale,Village/Farm,Camel,Extensive,No,Unknown,Unknown,No,Unknown,Unknown,Unknown
39.3188404,-4.1368797,Kwale,Kinango,Kinango,Village/Farm,Chicken,Mixed,Unknown,Unknown,Unknown,Unknown,Unknown,Unknown,No
34.7520963,-0.1073015,Migori,Nyatike,Got Kachola,Village/Farm,Chicken,Mixed,Unknown,Unknown,Unknown,Unknown,Unknown,Unknown,No
34.7520883,-0.1073217,Migori,Nyatike,Got Kachola,Village/Farm,Chicken,Mixed,Unknown,Unknown,Unknown,Unknown,Unknown,Unknown,No
39.4254444,-4.1927214,Kwale,Kinango,Kasemeni,Village/Farm,Chicken,Mixed,Unknown,Unknown,Unknown,Unknown,Unknown,Unknown,No
34.752088,-0.1072999,Migori,Nyatike,Got Kachola,Village/Farm,Chicken,Mixed,Unknown,Unknown,Unknown,Unknown,Unknown,Unknown,No
34.7520871,-0.1073178,Migori,Nyatike,Got Kachola,Village/Farm,Chicken,Mixed,Unknown,Unknown,Unknown,Unknown,Unknown,Unknown,No
34.4428737,-1.1687025,Migori,Kuria West,Tagare,Abattoir,Cattle,Unknown,No,No,Unknown,No,Unknown,No,Unknown
38.021025,-2.32283,Makueni,Kibwezi West,Kikumbulyu North,Abattoir,Goats,Unknown,No,Unknown,No,No,No,Unknown,Unknown
34.7520933,-0.1072531,Migori,Nyatike,Got Kachola,Village/Farm,Chicken,Mixed,Unknown,Unknown,Unknown,Unknown,Unknown,Unknown,No
34.7521087,-0.1072565,Migori,Nyatike,Got Kachola,Village/Farm,Chicken,Mixed,Unknown,Unknown,Unknown,Unknown,Unknown,Unknown,No
34.4432203,-1.1644652,Migori,Kuria West,Tagare,Abattoir,Goats,Unknown,No,Unknown,No,No,No,Unknown,Unknown
34.4428737,-1.1687025,Migori,Kuria West,Tagare,Abattoir,Goats,Unknown,No,Unknown,No,No,No,Unknown,Unknown
34.6591549,-0.7071704,Kisii,Bonchari,Riana,Village/Farm,Cattle,Mixed,No,No,Unknown,No,Unknown,No,Unknown
39.4254444,-4.1927214,Kwale,Kinango,Mwavumbo,Village/Farm,Chicken,Mixed,Unknown,Unknown,Unknown,Unknown,Unknown,Unknown,No
34.4796017,-1.2287186,Migori,Kuria West,Nyamosense/Komosoko,Abattoir,Cattle,Unknown,No,No,Unknown,No,Unknown,No,Unknown
34.7520878,-0.1072511,Migori,Nyatike,Got Kachola,Village/Farm,Chicken,Mixed,Unknown,Unknown,Unknown,Unknown,Unknown,Unknown,No
34.7520896,-0.1073161,Migori,Nyatike,Got Kachola,Village/Farm,Chicken,Mixed,Unknown,Unknown,Unknown,Unknown,Unknown,Unknown,No
34.44654,-1.1782636,Migori,Kuria West,Tagare,Market,Goats,Unknown,No,Unknown,No,No,No,Unknown,Unknown
34.4428368,-1.1688086,Migori,Kuria West,Tagare,Abattoir,Cattle,Unknown,No,No,Unknown,No,Unknown,No,Unknown
40.3527184,3.9467136,Mandera,Banissa,Malkamari,Crush,Camel,Extensive,No,Unknown,Unknown,No,Unknown,Unknown,Unknown
34.44654,-1.1782636,Migori,Kuria West,Tagare,Market,Chicken,Unknown,Unknown,Unknown,Unknown,Unknown,Unknown,Unknown,No
34.7520849,-0.1072568,Migori,Nyatike,Got Kachola,Village/Farm,Sheep,Mixed,Unknown,Unknown,No,No,Unknown,Unknown,Unknown
35.1923481,-0.5900061,Kericho,Bureti,Litein,Market,Chicken,Mixed,Unknown,Unknown,Unknown,Unknown,Unknown,Unknown,No
35.1923481,-0.5900061,Kericho,Bureti,Litein,Abattoir,Chicken,Mixed,Unknown,Unknown,Unknown,Unknown,Unknown,Unknown,No
0.0,0.0,Kisii,Nyaribari Masaba,Kiamokama,Village/Farm,Chicken,Extensive,Unknown,Unknown,Unknown,Unknown,Unknown,Unknown,No
34.4789089,-1.2224966,Migori,Kuria West,Nyamosense/Komosoko,Abattoir,Cattle,Unknown,No,No,Unknown,No,Unknown,No,Unknown
34.7520875,-0.1073177,Homa Bay,Karachuonyo,Kibiri,Village/Farm,Chicken,Intensive,Unknown,Unknown,Unknown,Unknown,Unknown,Unknown,No
34.754916,-0.1082892,Migori,Nyatike,Got Kachola,Village/Farm,Chicken,Mixed,Unknown,Unknown,Unknown,Unknown,Unknown,Unknown,No
34.7520842,-0.1072811,Migori,Nyatike,Got Kachola,Village/Farm,Sheep,Mixed,Unknown,Unknown,No,No,Unknown,Unknown,Unknown
34.7520885,-0.1073081,Migori,Kuria West,Isibania,Village/Farm,Sheep,Mixed,No,Unknown,No,No,Unknown,Unknown,Unknown
34.7520877,-0.1073216,Homa Bay,Mbita,Rusinga Island,Village/Farm,Sheep,Mixed,No,Unknown,No,No,Unknown,Unknown,Unknown
36.8914443,0.7937041,Samburu,Samburu West,Lodokejek,Crush,Sheep,Extensive,Unknown,Unknown,No,Unknown,Unknown,Unknown,Unknown
37.807265,-2.2694317,Makueni,Kibwezi West,Makindu,Village/Farm,Chicken,Mixed,Unknown,Unknown,Unknown,Unknown,Unknown,Unknown,No
34.441834,-1.1649824,Migori,Kuria West,Tagare,Market,Cattle,Unknown,No,No,Unknown,No,Unknown,No,Unknown
34.752088,-0.1073204,Homa Bay,Mbita,Rusinga Island,Village/Farm,Sheep,Mixed,No,Unknown,No,No,Unknown,Unknown,Unknown
39.8599562,-3.602103,Kilifi,Kilifi North,Sokoni,Abattoir,Sheep,Unknown,No,Unknown,No,No,Unknown,Unknown,Unknown
34.7676919,-0.0835397,Kisumu,Kisumu Central,Railways,Village/Farm,Chicken,Intensive,Unknown,Unknown,Unknown,Unknown,Unknown,Unknown,No
34.4873301,-0.6040945,Homa Bay,Homa Bay Town,Homa Bay East,Village/Farm,Chicken,Mixed,Unknown,Unknown,Unknown,Unknown,Unknown,Unknown,No
34.7688883,-0.0832563,Kisumu,Kisumu Central,Railways,Village/Farm,Chicken,Intensive,Unknown,Unknown,Unknown,Unknown,Unknown,Unknown,No
34.7676919,-0.0832997,Kisumu,Kisumu Central,Railways,Village/Farm,Chicken,Intensive,Unknown,Unknown,Unknown,Unknown,Unknown,Unknown,No
35.8020438,0.3125721,Baringo,Mogotio,Emining,Village/Farm,Sheep,Mixed,No,Unknown,No,No,Unknown,Unknown,Unknown
35.0173029,-0.753341,Bomet,Sotik,Kipsonoi,Village/Farm,Chicken,Mixed,Unknown,Unknown,Unknown,Unknown,Unknown,Unknown,No
34.4428737,-1.16447,Migori,Kuria West,Tagare,Abattoir,Cattle,Unknown,No,No,Unknown,No,Unknown,No,Unknown
38.059674,-2.5751346,Makueni,Kibwezi East,Thange,Village/Farm,Chicken,Mixed,Unknown,Unknown,Unknown,Unknown,Unknown,Unknown,Unknown
0.0,0.0,Kwale,Msambweni,Ukunda,Village/Farm,Chicken,Intensive,Unknown,Unknown,Unknown,Unknown,Unknown,Unknown,No
37.432575,-1.847725,Makueni,Kaiti,Ilima,Abattoir,Cattle,Unknown,No,No,Unknown,No,Unknown,No,Unknown
37.34608333333333,-1.8108766666666667,Makueni,Kilome,Mukaa,Abattoir,Cattle,Unknown,No,No,Unknown,No,Unknown,No,Unknown
40.0857461,-3.2242515,Kilifi,Malindi,Malindi Town,Village/Farm,Chicken,Extensive,Unknown,Unknown,Unknown,Unknown,Unknown,Unknown,No
34.5813897,-0.834542,Kisii,South Mugirango,Bogetenga,Village/Farm,Chicken,Mixed,Unknown,Unknown,Unknown,Unknown,Unknown,Unknown,No
34.493111,-1.2359986,Migori,Kuria West,Isibania,Abattoir,Cattle,Unknown,No,No,Unknown,No,Unknown,No,Unknown
37.4065902,0.2462524,Isiolo,Isiolo North,Burat,Village/Farm,Goats,Extensive,No,Unknown,No,Unknown,No,Unknown,Unknown
41.1880767,3.1505143,Mandera,Lafey,Lafey,Village/Farm,Chicken,Unknown,Unknown,Unknown,Unknown,Unknown,Unknown,Unknown,No
34.7293583,-0.8930646,Kisii,Bomachoge Borabu,Bokimonge,Village/Farm,Chicken,Mixed,Unknown,Unknown,Unknown,Unknown,Unknown,Unknown,No
38.0695919,-2.6040385,Makueni,Kibwezi East,Ivingoni/Nzambani,Village/Farm,Chicken,Mixed,Unknown,Unknown,Unknown,Unknown,Unknown,Unknown,No
40.3066378,0.0543683,Garissa,Dadaab,Dadaab,Village/Farm,Camel,Extensive,No,Unknown,Unknown,Unknown,Unknown,Unknown,Unknown
37.4065902,0.2462524,Isiolo,Isiolo North,Burat,Village/Farm,Sheep,Extensive,No,Unknown,No,Unknown,Unknown,Unknown,Unknown
0.0,0.0,Baringo,Baringo North,Bartabwa,Village/Farm,Chicken,Extensive,Unknown,Unknown,Unknown,Unknown,Unknown,Unknown,No
34.4893009,-1.2318166,Migori,Kuria West,Isibania,Abattoir,Goats,Unknown,No,Unknown,No,No,No,Unknown,Unknown
34.441834,-1.1649824,Migori,Kuria West,Tagare,Market,Sheep,Unknown,No,Unknown,No,No,Unknown,Unknown,Unknown
39.3038914,-4.1389294,Kwale,Kinango,Ndavaya,Market,Chicken,Unknown,Unknown,Unknown,Unknown,Unknown,Unknown,Unknown,No
37.9405468,0.3510129,Meru,Igembe North,Antuambui,Abattoir,Sheep,Extensive,No,Unknown,Unknown,No,Unknown,Unknown,Unknown
37.9448522,0.3565721,Meru,Igembe North,Antuambui,Abattoir,Sheep,Extensive,No,Unknown,Unknown,No,Unknown,Unknown,Unknown
34.4796017,-1.2232342,Migori,Kuria West,Nyamosense/Komosoko,Abattoir,Cattle,Unknown,No,No,Unknown,No,Unknown,No,Unknown
35.1920045,-0.5912216,Kericho,Bureti,Litein,Abattoir,Chicken,Unknown,Unknown,Unknown,Unknown,Unknown,Unknown,Unknown,No
36.1255129,-0.0439312,Baringo,Mogotio,Kisanana,Village/Farm,Sheep,Mixed,No,Unknown,No,No,Unknown,Unknown,Unknown
37.804762,-1.816156,Makueni,Makueni,Mavindini,Village/Farm,Chicken,Mixed,Unknown,Unknown,Unknown,Unknown,Unknown,Unknown,Unknown
34.617022,-1.1980801,Migori,Kuria West,Bukira East,Abattoir,Cattle,Unknown,No,No,Unknown,No,Unknown,No,Unknown
0.0,0.0,Kericho,Bureti,Litein,Market,Cattle,Unknown,No,No,Unknown,No,Unknown,No,Unknown
35.1923481,-0.5880655,Kericho,Bureti,Litein,Abattoir,Chicken,Unknown,Unknown,Unknown,Unknown,Unknown,Unknown,Unknown,No
36.6048373,1.1978044,Samburu,Samburu North,Angata Nanyokie,Crush,Chicken,Extensive,Unknown,Unknown,Unknown,Unknown,Unknown,Unknown,No
34.4796017,-1.2287186,Migori,Kuria West,Nyamosense/Komosoko,Abattoir,Goats,Unknown,No,Unknown,No,No,No,Unknown,Unknown
39.3028209,-4.1371167,Kwale,Kinango,Ndavaya,Market,Cattle,Unknown,No,Unknown,Unknown,No,Unknown,No,Unknown
39.3028209,-4.1371167,Kwale,Kinango,Ndavaya,Market,Cattle,Unknown,No,Unknown,Unknown,No,Unknown,No,Unknown
34.4428368,-1.1688086,Migori,Kuria West,Tagare,Abattoir,Goats,Unknown,No,Unknown,No,No,No,Unknown,Unknown
35.1923481,-0.5880655,Kericho,Bureti,Litein,Abattoir,Cattle,Unknown,No,No,Unknown,No,Unknown,No,Unknown
37.8135807,-2.2742241,Makueni,Kibwezi West,Makindu,Village/Farm,Cattle,Mixed,No,No,Unknown,No,Unknown,No,Unknown
35.1923481,-0.5880655,Kericho,Bureti,Litein,Abattoir,Cattle,Unknown,No,No,Unknown,No,Unknown,No,Unknown
37.3662929,-2.0215472,Makueni,Kilome,Mukaa,Abattoir,Goats,Unknown,No,Unknown,No,No,No,Unknown,Unknown
34.6460472,-0.3883187,Homa Bay,Karachuonyo,Kendu Bay Town,Village/Farm,Chicken,Mixed,Unknown,Unknown,Unknown,Unknown,Unknown,Unknown,No
36.6927725,1.0926138,Samburu,Samburu West,Maralal,Crush,Chicken,Unknown,Unknown,Unknown,Unknown,Unknown,Unknown,Unknown,No
37.8135807,-2.2742241,Makueni,Kibwezi West,Makindu,Village/Farm,Sheep,Mixed,No,Unknown,No,No,Unknown,Unknown,Unknown
35.8018029,0.6418024,Baringo,Baringo North,Kabartonjo,Crush,Sheep,Extensive,No,Unknown,No,No,Unknown,Unknown,Unknown
36.6999342,1.0943857,Samburu,Samburu West,Maralal,Village/Farm,Cattle,Mixed,No,Unknown,Unknown,No,Unknown,No,Unknown
40.9256048,2.7924837,Mandera,Mandera South,Elwak South,Market,Sheep,Extensive,No,Unknown,No,No,Unknown,Unknown,Unknown
36.08402616,-1.09696154,Narok,Narok East,Mosiro,Village/Farm,Chicken,Mixed,Unknown,Unknown,Unknown,Unknown,Unknown,Unknown,No
37.8135807,-2.2742241,Makueni,Kibwezi West,Makindu,Village/Farm,Cattle,Mixed,No,No,Unknown,No,Unknown,No,Unknown
37.8135807,-2.2742241,Makueni,Kibwezi West,Makindu,Village/Farm,Goats,Mixed,No,Unknown,No,No,No,Unknown,Unknown
36.5879635,1.042994,Samburu,Samburu West,Loosuk,Village/Farm,Cattle,Intensive,No,No,Unknown,No,Unknown,No,Unknown
35.7435886,0.0559895,Baringo,Eldama Ravine,Lembus/Perkerra,Village/Farm,Goats,Extensive,Unknown,Unknown,No,No,No,Unknown,Unknown
36.6981708,1.0914264,Samburu,Samburu West,Maralal,Market,Cattle,Unknown,No,No,Unknown,No,Unknown,No,Unknown
36.6981708,1.0914264,Samburu,Samburu West,Maralal,Village/Farm,Sheep,Extensive,No,Unknown,No,No,Unknown,Unknown,Unknown
36.6981708,1.0914264,Samburu,Samburu West,Maralal,Market,Goats,Unknown,No,Unknown,No,No,No,Unknown,Unknown
36.6981708,1.0914264,Samburu,Samburu West,Maralal,Village/Farm,Camel,Extensive,No,Unknown,Unknown,Unknown,Unknown,Unknown,Unknown
36.7010295,1.0938262,Samburu,Samburu West,Maralal,Market,Chicken,Unknown,Unknown,Unknown,Unknown,Unknown,Unknown,Unknown,No
37.5925753,0.3893619,Isiolo,Isiolo North,Burat,Village/Farm,Chicken,Extensive,Unknown,Unknown,Unknown,Unknown,Unknown,Unknown,No
37.600153,0.3691308,Isiolo,Isiolo North,Burat,Market,Sheep,Extensive,No,Unknown,No,No,Unknown,Unknown,Unknown
40.1022246,-3.2222135,Kilifi,Malindi,Malindi Town,Village/Farm,Chicken,Extensive,Unknown,Unknown,Unknown,Unknown,Unknown,Unknown,No
35.7855476,0.0602232,Baringo,Eldama Ravine,Lembus/Perkerra,Crush,Cattle,Mixed,No,No,Unknown,Unknown,Unknown,Unknown,Unknown
39.5871079,-4.2032744,Kwale,Matuga,Tiwi,Village/Farm,Cattle,Mixed,No,No,Unknown,No,Unknown,No,Unknown
40.9256048,2.7924837,Mandera,Mandera South,Elwak South,Market,Cattle,Extensive,No,No,Unknown,No,Unknown,No,Unknown
34.9432547,0.544637,Nandi,Mosop,Chepterwai,Village/Farm,Cattle,Mixed,No,No,Unknown,No,Unknown,No,Unknown
35.4992442,0.0051013,Kericho,Kipkelion East,Tendeno/Sorget,Village/Farm,Cattle,Mixed,No,No,Unknown,No,Unknown,Unknown,Unknown
40.9256048,2.7924837,Mandera,Mandera South,Elwak South,Market,Goats,Extensive,No,Unknown,No,No,No,Unknown,Unknown
35.044495,0.5420224,Nandi,Mosop,Chepterwai,Village/Farm,Cattle,Mixed,No,No,Unknown,No,Unknown,No,Unknown
0.0,0.0,Tharaka-Nithi,Maara,Mitheru,Village/Farm,Cattle,Mixed,Unknown,Unknown,Unknown,Unknown,Unknown,Unknown,Unknown
35.7261844,0.033731,Baringo,Eldama Ravine,Koibatek,Crush,Cattle,Extensive,No,No,Unknown,No,Unknown,No,Unknown
35.2984339,-0.3632542,Kericho,Ainamoi,Kapkugerwet,Village/Farm,Chicken,Intensive,Unknown,Unknown,Unknown,Unknown,Unknown,Unknown,No
35.772587,0.4828441,Baringo,Baringo Central,Kapropita,Abattoir,Cattle,Unknown,No,No,Unknown,No,Unknown,Unknown,Unknown
35.1514568,-0.492394,Kericho,Bureti,Kisiara,Village/Farm,Cattle,Mixed,No,No,Unknown,No,Unknown,No,Unknown
41.229855,3.93175,Mandera,Mandera North,Rhamu-Dimtu,Village/Farm,Goats,Extensive,No,Unknown,No,No,No,Unknown,Unknown
34.9850158,0.0356738,Nandi,Aldai,Kobujoi,Village/Farm,Cattle,Mixed,No,No,Unknown,No,Unknown,No,Unknown
37.1665551,-1.0637297,Kiambu,Thika Town,Gatuanyaga,Village/Farm,Cattle,Intensive,No,No,Unknown,No,Unknown,Unknown,Unknown
35.1102016,-0.9964233,Narok,Emurua Dikirr,Ilkerin,Market,Cattle,Mixed,No,No,Unknown,No,Unknown,No,Unknown
35.2797653,-0.3701091,Kericho,Ainamoi,Kapkugerwet,Village/Farm,Cattle,Mixed,No,No,Unknown,No,Unknown,No,Unknown
40.0996581,-3.2131097,Kilifi,Malindi,Malindi Town,Village/Farm,Chicken,Intensive,Unknown,Unknown,Unknown,Unknown,Unknown,Unknown,No
36.8812854,-0.9466559,Kiambu,Gatundu South,Ngenda,Village/Farm,Cattle,Intensive,No,No,Unknown,No,Unknown,No,Unknown
35.1102016,-0.9964233,Narok,Emurua Dikirr,Ilkerin,Market,Goats,Mixed,No,Unknown,No,No,No,Unknown,Unknown
35.1102016,-0.9964233,Narok,Emurua Dikirr,Ilkerin,Market,Sheep,Mixed,No,Unknown,No,No,Unknown,Unknown,Unknown
37.4948199,-1.7634577,Makueni,Kaiti,Ukia,Village/Farm,Cattle,Mixed,No,No,Unknown,No,Unknown,No,Unknown
35.1102016,-0.9964233,Narok,Emurua Dikirr,Ilkerin,Market,Chicken,Mixed,Unknown,Unknown,Unknown,Unknown,Unknown,Unknown,No
39.8564651,-3.6064017,Kilifi,Kilifi North,Sokoni,Abattoir,Cattle,Unknown,No,Unknown,Unknown,No,Unknown,No,Unknown
36.9235481,-0.9816683,Kiambu,Gatundu South,Ngenda,Village/Farm,Cattle,Intensive,No,No,Unknown,No,Unknown,No,Unknown
36.6981669,1.0914321,Samburu,Samburu West,Maralal,Market,Chicken,Unknown,Unknown,Unknown,Unknown,Unknown,Unknown,Unknown,No
37.9402156,0.350782,Meru,Igembe North,Antuambui,Abattoir,Goats,Extensive,No,Unknown,No,No,No,Unknown,Unknown
36.8652386,-1.0260212,Kiambu,Gatundu South,Ngenda,Village/Farm,Cattle,Intensive,No,No,Unknown,No,Unknown,No,Unknown
36.9091133,-1.0334555,Kiambu,Gatundu South,Ngenda,Village/Farm,Cattle,Intensive,No,No,Unknown,No,Unknown,No,Unknown
35.1332382,0.5048506,Nandi,Mosop,Kabisaga,Village/Farm,Cattle,Mixed,No,No,Unknown,No,Unknown,No,Unknown
35.1336529,-0.4661055,Kericho,Bureti,Kisiara,Village/Farm,Cattle,Mixed,No,No,Unknown,No,Unknown,No,Unknown
40.9407268,2.8351537,Mandera,Mandera South,Elwak South,Abattoir,Sheep,Extensive,No,Unknown,No,No,Unknown,Unknown,Unknown
35.09836130775511,-0.5043199611827731,Kericho,Bureti,Kisiara,Abattoir,Cattle,Unknown,No,No,Unknown,No,Unknown,No,Unknown
39.115826,-4.1269347,Kwale,Kinango,Puma,Village/Farm,Chicken,Mixed,Unknown,Unknown,Unknown,Unknown,Unknown,Unknown,No
41.212582,3.9327854,Mandera,Mandera North,Rhamu,Market,Goats,Extensive,No,Unknown,No,No,No,Unknown,Unknown
35.0974771,-0.5060411,Kericho,Bureti,Kisiara,Abattoir,Sheep,Unknown,No,Unknown,No,No,Unknown,Unknown,Unknown
35.1033237,-0.5018873,Kericho,Bureti,Kisiara,Abattoir,Goats,Unknown,No,Unknown,No,No,No,Unknown,Unknown
40.432933,0.16386,Garissa,Dadaab,Damajale,Village/Farm,Cattle,Extensive,No,No,Unknown,No,Unknown,No,Unknown
40.432933,0.16386,Garissa,Dadaab,Damajale,Village/Farm,Sheep,Extensive,No,Unknown,No,No,Unknown,Unknown,Unknown
35.7669278,0.5159872,Baringo,Baringo Central,Ewalel/Chapchap,Village/Farm,Cattle,Mixed,No,No,Unknown,No,Unknown,No,Unknown
0.0,0.0,Tharaka-Nithi,Chuka/Igambang'Ombe,Mariani,Village/Farm,Cattle,Mixed,Unknown,Unknown,Unknown,Unknown,Unknown,Unknown,Unknown
37.6285156,-0.3438609,Tharaka-Nithi,Chuka/Igambang'Ombe,Mugwe,Village/Farm,Cattle,Extensive,No,No,Unknown,No,Unknown,No,Unknown
39.5871079,-4.2032744,Kwale,Matuga,Tiwi,Village/Farm,Cattle,Mixed,No,No,Unknown,No,Unknown,No,Unknown
35.8819462,0.1349703,Baringo,Mogotio,Emining,Village/Farm,Cattle,Mixed,Unknown,Unknown,Unknown,No,Unknown,Unknown,Unknown
41.2207481,3.9273709,Mandera,Mandera North,Rhamu,Village/Farm,Goats,Extensive,No,Unknown,No,No,No,Unknown,Unknown
36.9480151,-0.9865226,Kiambu,Gatundu North,Githobokoni,Village/Farm,Cattle,Intensive,No,No,Unknown,No,Unknown,No,Unknown
35.1655476,0.1381225,Nandi,Emgwen,Kilibwoni,Village/Farm,Cattle,Extensive,No,Unknown,Unknown,No,Unknown,No,Unknown
40.9407268,2.8351537,Mandera,Mandera South,Elwak South,Abattoir,Camel,Extensive,No,Unknown,Unknown,No,Unknown,Unknown,Unknown
40.9407268,2.8351537,Mandera,Mandera South,Elwak South,Abattoir,Goats,Extensive,No,Unknown,No,No,No,Unknown,Unknown
35.0379559,-0.5321171,Nyamira,North Mugirango,Ekerenyo,Village/Farm,Cattle,Mixed,No,No,Unknown,No,Unknown,No,Unknown
35.0272858,-0.5372825,Nyamira,North Mugirango,Ekerenyo,Village/Farm,Goats,Mixed,No,Unknown,No,No,No,Unknown,Unknown
35.65514402,-1.02914527,Narok,Narok South,Ololulung'A,Village/Farm,Cattle,Mixed,No,No,Unknown,No,Unknown,No,Unknown
40.0037,-0.7835,Garissa,Fafi,Nanighi,Village/Farm,Cattle,Extensive,No,No,Unknown,No,Unknown,No,Unknown
40.0788468,-3.2220901,Kilifi,Malindi,Malindi Town,Village/Farm,Goats,Mixed,No,Unknown,No,No,No,Unknown,Unknown
35.138058,0.20838,Nandi,Chesumei,Lelmokwo/Ngechek,Village/Farm,Cattle,Extensive,No,No,Unknown,No,Unknown,No,Unknown
35.1342696,0.2047923,Nandi,Emgwen,Kapsabet,Village/Farm,Cattle,Mixed,No,No,Unknown,No,Unknown,No,Unknown
35.1342696,0.2047923,Nandi,Emgwen,Kapsabet,Village/Farm,Goats,Extensive,No,Unknown,No,No,No,Unknown,Unknown
35.1342696,0.2047923,Nandi,Emgwen,Kapsabet,Village/Farm,Sheep,Extensive,No,Unknown,No,No,Unknown,Unknown,Unknown
35.1342696,0.2047923,Nandi,Emgwen,Kapsabet,Village/Farm,Chicken,Extensive,Unknown,Unknown,Unknown,Unknown,Unknown,Unknown,No
40.0766047,-3.2226872,Kilifi,Malindi,Malindi Town,Village/Farm,Sheep,Mixed,No,Unknown,No,No,Unknown,Unknown,Unknown
35.5136178,-0.1465838,Baringo,Eldama Ravine,Lembus,Village/Farm,Cattle,Mixed,No,No,Unknown,No,Unknown,No,Unknown
39.8059705,-3.807197,Kilifi,Kilifi South,Junju,Abattoir,Cattle,Mixed,No,No,Unknown,No,Unknown,No,Unknown
40.9361345,2.8202709,Mandera,Mandera South,Elwak South,Village/Farm,Goats,Extensive,No,Unknown,No,No,No,Unknown,Unknown
36.09320587,-1.12423384,Narok,Narok East,Mosiro,Village/Farm,Goats,Mixed,No,Unknown,No,No,No,Unknown,Unknown
36.09559402,-1.134852,Narok,Narok East,Mosiro,Village/Farm,Cattle,Mixed,No,No,Unknown,No,Unknown,No,Unknown
35.1500819,-0.4965164,Kericho,Bureti,Chemosot,Village/Farm,Cattle,Mixed,No,No,Unknown,No,Unknown,No,Unknown
35.1810105,-0.4668258,Kericho,Bureti,Kisiara,Village/Farm,Cattle,Mixed,No,No,Unknown,No,Unknown,No,Unknown
35.1223995,-0.4893163,Kericho,Bureti,Kisiara,Village/Farm,Cattle,Mixed,No,No,Unknown,No,Unknown,No,Unknown
35.1223995,-0.4893163,Kericho,Bureti,Kisiara,Village/Farm,Cattle,Mixed,No,No,Unknown,No,Unknown,No,Unknown
35.0974771,-0.5057989,Kericho,Bureti,Kisiara,Village/Farm,Cattle,Mixed,No,No,Unknown,No,Unknown,No,Unknown
35.1223995,-0.4893163,Kericho,Bureti,Kisiara,Village/Farm,Chicken,Extensive,Unknown,Unknown,Unknown,Unknown,Unknown,Unknown,No
0.0,0.0,Tharaka-Nithi,Chuka/Igambang'Ombe,Karingani,Village/Farm,Cattle,Mixed,Unknown,Unknown,Unknown,Unknown,Unknown,Unknown,Unknown
0.0,0.0,Tharaka-Nithi,Chuka/Igambang'Ombe,Mariani,Village/Farm,Cattle,Mixed,Unknown,Unknown,Unknown,Unknown,Unknown,Unknown,Unknown
35.7393002,0.4886888,Baringo,Baringo Central,Kabarnet,Village/Farm,Chicken,Intensive,Unknown,Unknown,Unknown,Unknown,Unknown,Unknown,No
35.1223995,-0.4893163,Kericho,Bureti,Kisiara,Village/Farm,Cattle,Mixed,No,No,Unknown,No,Unknown,No,Unknown
39.943542,-0.80581,Garissa,Fafi,Nanighi,Village/Farm,Camel,Extensive,No,Unknown,Unknown,No,Unknown,Unknown,Unknown
39.3035679,-4.1389724,Kwale,Kinango,Ndavaya,Market,Cattle,Unknown,No,Unknown,Unknown,No,Unknown,No,Unknown
39.3035679,-4.1389724,Kwale,Kinango,Ndavaya,Market,Sheep,Unknown,No,Unknown,No,Unknown,Unknown,Unknown,Unknown
39.3035679,-4.1389724,Kwale,Kinango,Ndavaya,Market,Goats,Unknown,No,Unknown,No,Unknown,No,Unknown,Unknown
35.0150298,-0.5325075,Kericho,Bureti,Cheboin,Village/Farm,Cattle,Mixed,No,No,Unknown,No,Unknown,No,Unknown
35.0314779,0.0281896,Nandi,Aldai,Kobujoi,Village/Farm,Cattle,Mixed,No,No,Unknown,No,Unknown,No,Unknown
36.892003,-1.0105305,Kiambu,Gatundu South,Ngenda,Village/Farm,Cattle,Intensive,No,No,Unknown,No,Unknown,No,Unknown
35.8977675,0.2344299,Baringo,Mogotio,Emining,Village/Farm,Cattle,Mixed,Unknown,Unknown,Unknown,No,Unknown,Unknown,Unknown
35.68271561,-0.98217846,Narok,Narok South,Ololulung'A,Village/Farm,Cattle,Mixed,No,No,Unknown,No,Unknown,No,Unknown
35.68113854,-0.98121978,Narok,Narok South,Ololulung'A,Village/Farm,Goats,Mixed,No,Unknown,No,No,No,Unknown,Unknown
36.8811485,-0.8833953,Kiambu,Gatundu South,Ndarugu,Village/Farm,Cattle,Intensive,No,No,Unknown,No,Unknown,No,Unknown
36.8811485,-0.8833953,Kiambu,Gatundu South,Ngenda,Village/Farm,Cattle,Intensive,No,No,Unknown,No,Unknown,No,Unknown
39.5871079,-4.2032744,Kwale,Matuga,Tiwi,Village/Farm,Cattle,Mixed,No,No,Unknown,No,Unknown,No,Unknown
39.5835558,-4.2369431,Kwale,Matuga,Tiwi,Village/Farm,Goats,Mixed,No,Unknown,No,No,No,Unknown,Unknown
37.9882226,0.3380094,Meru,Igembe North,Antubetwe Kiongo,Abattoir,Goats,Extensive,No,Unknown,No,No,No,Unknown,Unknown
36.8458758,-0.9797887,Kiambu,Gatundu South,Ndarugu,Village/Farm,Cattle,Intensive,No,No,Unknown,No,Unknown,No,Unknown
36.8794388,-0.9449193,Kiambu,Gatundu South,Ndarugu,Village/Farm,Cattle,Intensive,No,No,Unknown,No,Unknown,No,Unknown
39.8059705,-3.807197,Kilifi,Kilifi South,Junju,Abattoir,Goats,Mixed,No,Unknown,No,No,No,Unknown,Unknown
36.0932473,0.0217901,Baringo,Mogotio,Kisanana,Village/Farm,Sheep,Mixed,No,Unknown,No,No,Unknown,Unknown,Unknown
36.8458758,-0.9797887,Kiambu,Gatundu South,Ngenda,Village/Farm,Cattle,Intensive,No,No,Unknown,No,Unknown,No,Unknown
35.0971332,0.2041657,Nandi,Chesumei,Chemundu/Kapng'Etuny,Village/Farm,Cattle,Extensive,No,No,Unknown,No,Unknown,No,Unknown
36.8395257,-0.9366106,Kiambu,Gatundu South,Ndarugu,Village/Farm,Cattle,Intensive,No,No,Unknown,No,Unknown,No,Unknown
35.0998846,-0.5036039,Kericho,Bureti,Kapkatet,Abattoir,Cattle,Unknown,No,No,Unknown,No,Unknown,No,Unknown
35.0544747,0.4281156,Nandi,Mosop,Chepterwai,Village/Farm,Cattle,Mixed,No,No,Unknown,No,Unknown,No,Unknown
35.0881904,0.5007692,Nandi,Mosop,Ndalat,Village/Farm,Cattle,Mixed,No,No,Unknown,No,Unknown,No,Unknown
37.804762,-1.816156,Makueni,Makueni,Mavindini,Village/Farm,Chicken,Mixed,Unknown,Unknown,Unknown,Unknown,Unknown,Unknown,Unknown
35.097821,-0.5050701,Kericho,Bureti,Kisiara,Abattoir,Cattle,Unknown,No,No,Unknown,No,Unknown,No,Unknown
35.0998846,-0.5045728,Kericho,Bureti,Kisiara,Abattoir,Sheep,Unknown,No,Unknown,No,No,Unknown,Unknown,Unknown
35.0967892,-0.5058032,Kericho,Bureti,Kisiara,Abattoir,Goats,Unknown,No,Unknown,No,No,No,Unknown,Unknown
37.7219404,-1.9024801,Makueni,Makueni,Kathonzweni,Market,Cattle,Unknown,No,No,Unknown,No,Unknown,No,Unknown
37.7191175,-1.9017272,Makueni,Makueni,Kathonzweni,Market,Goats,Unknown,No,Unknown,No,No,No,Unknown,Unknown
39.8159441,-3.7943911,Kilifi,Kilifi South,Junju,Abattoir,Cattle,Mixed,No,No,Unknown,No,Unknown,No,Unknown
39.8159441,-3.7943911,Kilifi,Kilifi South,Junju,Abattoir,Goats,Mixed,No,Unknown,No,No,No,Unknown,Unknown
37.7220537,-1.9044497,Makueni,Makueni,Kathonzweni,Market,Sheep,Unknown,No,Unknown,No,No,Unknown,Unknown,Unknown
35.097821,-0.5057968,Kericho,Bureti,Kisiara,Abattoir,Cattle,Unknown,No,No,Unknown,No,Unknown,No,Unknown
40.1582299,-3.1186308,Kilifi,Magarini,Magarini,Abattoir,Goats,Unknown,No,Unknown,No,No,No,Unknown,Unknown
39.806614,-3.8126657,Kilifi,Kilifi South,Junju,Abattoir,Cattle,Mixed,No,No,Unknown,No,Unknown,No,Unknown
36.8748034,-1.0089592,Kiambu,Gatundu North,Githobokoni,Village/Farm,Cattle,Intensive,No,No,Unknown,No,Unknown,No,Unknown
36.8812816,-0.9466879,Kiambu,Gatundu South,Ndarugu,Village/Farm,Cattle,Intensive,No,No,Unknown,No,Unknown,No,Unknown
36.692604,1.0926162,Samburu,Samburu West,Maralal,Village/Farm,Cattle,Extensive,No,No,Unknown,No,Unknown,No,Unknown
35.097821,-0.5057968,Kericho,Bureti,Kisiara,Abattoir,Cattle,Unknown,No,No,Unknown,No,Unknown,No,Unknown
36.692604,1.0926162,Samburu,Samburu West,Maralal,Village/Farm,Sheep,Extensive,No,Unknown,No,No,Unknown,Unknown,Unknown
35.3183313,0.0058263,Nandi,Tinderet,Songhor/Soba,Village/Farm,Cattle,Extensive,Unknown,Unknown,Unknown,No,Unknown,Unknown,Unknown
36.692941,1.0921279,Samburu,Samburu West,Maralal,Village/Farm,Goats,Extensive,No,Unknown,No,No,No,Unknown,Unknown
36.6929377,1.0922418,Samburu,Samburu West,Maralal,Village/Farm,Cattle,Mixed,No,Unknown,Unknown,No,Unknown,No,Unknown
36.909359,-1.0332564,Kiambu,Gatundu South,Ngenda,Village/Farm,Cattle,Intensive,No,No,Unknown,No,Unknown,No,Unknown
37.3421481,-1.7057686,Makueni,Kaiti,Kee,Village/Farm,Chicken,Mixed,Unknown,Unknown,Unknown,Unknown,Unknown,Unknown,No
37.3421481,-1.7057686,Makueni,Kaiti,Kee,Village/Farm,Goats,Mixed,No,Unknown,No,Unknown,No,Unknown,Unknown
35.1920045,-0.5900086,Kericho,Bureti,Litein,Abattoir,Cattle,Unknown,No,No,Unknown,No,Unknown,No,Unknown
37.3421481,-1.7057686,Makueni,Kaiti,Kee,Village/Farm,Cattle,Mixed,No,Unknown,Unknown,No,Unknown,No,Unknown
37.3421481,-1.7057686,Makueni,Kaiti,Kee,Village/Farm,Sheep,Mixed,No,Unknown,No,No,Unknown,Unknown,Unknown
35.817508,-1.0871949,Narok,Narok South,Majimoto/Naroosura,Village/Farm,Sheep,Extensive,No,Unknown,No,No,Unknown,Unknown,Unknown
35.817508,-1.0871949,Narok,Narok South,Majimoto/Naroosura,Village/Farm,Goats,Extensive,No,Unknown,No,No,No,Unknown,Unknown
35.712457,-1.0374885,Narok,Narok South,Majimoto/Naroosura,Village/Farm,Cattle,Extensive,No,No,Unknown,No,Unknown,Unknown,Unknown
35.1298003,0.2076824,Nandi,Chesumei,Chemundu/Kapng'Etuny,Village/Farm,Cattle,Extensive,No,No,Unknown,No,Unknown,No,Unknown
35.829978,-1.3771511,Narok,Narok South,Majimoto/Naroosura,Village/Farm,Goats,Extensive,No,Unknown,No,No,No,Unknown,Unknown
35.7865707,0.5469133,Baringo,Baringo Central,Ewalel/Chapchap,Village/Farm,Goats,Mixed,No,Unknown,No,Unknown,No,Unknown,Unknown
35.3774046,-1.6149787,Narok,Narok West,Siana,Village/Farm,Sheep,Extensive,No,Unknown,No,No,Unknown,Unknown,Unknown
36.7003154,1.09035,Samburu,Samburu West,Maralal,Village/Farm,Chicken,Intensive,Unknown,Unknown,Unknown,Unknown,Unknown,Unknown,No
34.8118753,-1.2332432,Narok,Transmara West,Lolgorian,Crush,Cattle,Intensive,No,No,Unknown,No,Unknown,No,Unknown
35.6696197,-0.2963735,Baringo,Eldama Ravine,Lembus,Village/Farm,Cattle,Mixed,No,No,Unknown,No,Unknown,No,Unknown
35.3774046,-1.6149787,Narok,Narok West,Siana,Village/Farm,Goats,Mixed,No,Unknown,No,No,No,Unknown,Unknown
34.96705083333333,0.2072215333333333,Nandi,Emgwen,Kapkangani,Village/Farm,Cattle,Mixed,No,No,Unknown,Unknown,Unknown,No,Unknown
34.971898216666666,0.2137263666666666,Nandi,Emgwen,Kapkangani,Village/Farm,Cattle,Intensive,No,No,Unknown,No,Unknown,No,Unknown
39.6130259,-4.15259,Kwale,Matuga,Waa,Village/Farm,Cattle,Intensive,No,No,Unknown,No,Unknown,No,Unknown
34.9363632,0.1766867,Nandi,Emgwen,Kapkangani,Village/Farm,Cattle,Mixed,No,No,Unknown,Unknown,Unknown,No,Unknown
34.6598998,-1.3122398,Narok,Transmara West,Lolgorian,Crush,Cattle,Extensive,No,No,Unknown,No,Unknown,No,Unknown
36.1549959,-1.0973989,Narok,Narok East,Keekonyokie,Crush,Cattle,Mixed,Unknown,Unknown,Unknown,Unknown,Unknown,Unknown,Unknown
35.3821076,-1.6170603,Narok,Narok West,Siana,Crush,Cattle,Extensive,No,No,Unknown,Unknown,Unknown,Unknown,Unknown
34.6598998,-1.3122398,Narok,Transmara West,Lolgorian,Crush,Sheep,Extensive,No,Unknown,No,No,Unknown,Unknown,Unknown
34.6598998,-1.3122398,Narok,Transmara West,Lolgorian,Crush,Goats,Extensive,No,Unknown,No,No,No,Unknown,Unknown
35.0575716,-1.1909454,Narok,Narok West,Mara,Village/Farm,Sheep,Intensive,No,Unknown,No,No,Unknown,Unknown,Unknown
36.6999342,1.0939022,Samburu,Samburu West,Maralal,Market,Cattle,Extensive,No,No,Unknown,No,Unknown,No,Unknown
35.1243413,0.3567531,Nandi,Chesumei,Kaptel/Kamoiywo,Village/Farm,Cattle,Mixed,No,No,Unknown,No,Unknown,No,Unknown
37.1120493,-1.0568238,Kiambu,Gatundu South,Ngenda,Abattoir,Cattle,Intensive,No,No,Unknown,No,Unknown,No,Unknown
36.6999342,1.0926934,Samburu,Samburu West,Maralal,Market,Sheep,Extensive,No,Unknown,No,No,Unknown,Unknown,Unknown
35.1456135,0.2186779,Nandi,Emgwen,Kilibwoni,Village/Farm,Cattle,Extensive,No,No,Unknown,No,Unknown,No,Unknown
36.9028091,-1.0113353,Kiambu,Gatundu South,Ngenda,Village/Farm,Chicken,Intensive,Unknown,Unknown,Unknown,Unknown,Unknown,Unknown,No
35.1456135,0.2186779,Nandi,Emgwen,Kilibwoni,Village/Farm,Sheep,Extensive,No,Unknown,No,No,Unknown,Unknown,Unknown
36.9457523,-0.5492837,Nyeri,Othaya,Karima,Village/Farm,Cattle,Intensive,No,No,Unknown,No,Unknown,No,Unknown
35.1456135,0.2186779,Nandi,Emgwen,Kilibwoni,Village/Farm,Chicken,Extensive,Unknown,Unknown,Unknown,Unknown,Unknown,Unknown,No
36.6999342,1.0926934,Samburu,Samburu West,Maralal,Market,Goats,Extensive,No,Unknown,No,No,No,Unknown,Unknown
37.9885536,0.3394013,Meru,Igembe North,Antubetwe Kiongo,Abattoir,Goats,Extensive,No,Unknown,No,No,No,Unknown,Unknown
35.8290575,-1.3685612,Narok,Narok South,Majimoto/Naroosura,Village/Farm,Sheep,Extensive,No,Unknown,No,No,Unknown,Unknown,Unknown
35.1006182,-0.5356421,Kericho,Bureti,Cheboin,Village/Farm,Cattle,Extensive,No,No,Unknown,No,Unknown,Unknown,Unknown
34.1178971,0.1146865,Siaya,Alego Usonga,Usonga,Abattoir,Sheep,Extensive,No,Unknown,No,No,Unknown,Unknown,Unknown
35.2799044,-1.1452902,Narok,Narok West,Ilmotiok,Crush,Cattle,Unknown,Unknown,Unknown,Unknown,Unknown,Unknown,Unknown,Unknown
35.1325507,-0.4748441,Kericho,Belgut,Kabianga,Village/Farm,Cattle,Mixed,No,No,Unknown,No,Unknown,No,Unknown
35.1387386,-0.5845697,Kericho,Bureti,Tebesonik,Village/Farm,Cattle,Mixed,No,No,Unknown,No,Unknown,No,Unknown
35.063221,-1.2151808,Narok,Narok West,Mara,Crush,Cattle,Extensive,No,No,Unknown,No,Unknown,No,Unknown
35.0269416,-1.2515763,Narok,Narok West,Mara,Crush,Cattle,Extensive,No,No,Unknown,No,Unknown,No,Unknown
35.7497303,0.493311,Baringo,Baringo Central,Kapropita,Village/Farm,Cattle,Mixed,No,No,Unknown,No,Unknown,No,Unknown
37.7220661,-1.9043886,Makueni,Makueni,Kathonzweni,Abattoir,Goats,Unknown,No,Unknown,No,No,No,Unknown,Unknown
37.5291852,-1.9688422,Makueni,Makueni,Nzaui/Kilili/Kalamba,Village/Farm,Cattle,Mixed,No,No,Unknown,No,Unknown,No,Unknown
35.1923481,-0.5897636,Kericho,Bureti,Litein,Market,Cattle,Mixed,No,No,Unknown,No,Unknown,No,Unknown
35.1926916,-0.5897611,Kericho,Bureti,Litein,Abattoir,Sheep,Unknown,No,Unknown,No,No,Unknown,Unknown,Unknown
39.8822605,-3.5346398,Kilifi,Kilifi North,Sokoni,Abattoir,Cattle,Unknown,No,Unknown,Unknown,No,Unknown,No,Unknown
39.3483643,0.3814831,Garissa,Lagdera,Baraki,Crush,Goats,Extensive,No,Unknown,No,No,No,Unknown,Unknown
39.3483643,0.3814831,Garissa,Lagdera,Baraki,Crush,Camel,Extensive,No,Unknown,Unknown,No,Unknown,Unknown,Unknown
39.3483643,0.3814831,Garissa,Lagdera,Baraki,Crush,Cattle,Extensive,No,No,Unknown,No,Unknown,No,Unknown
36.9104958,-1.0150043,Kiambu,Gatundu South,Ngenda,Abattoir,Cattle,Intensive,No,No,Unknown,No,Unknown,No,Unknown
39.8837854,-3.5220043,Kilifi,Kilifi North,Tezo,Abattoir,Sheep,Unknown,No,Unknown,No,No,Unknown,Unknown,Unknown
39.8837854,-3.5220043,Kilifi,Kilifi North,Tezo,Abattoir,Cattle,Unknown,No,Unknown,Unknown,No,Unknown,No,Unknown
39.126383,-4.5319029,Kwale,Lungalunga,Vanga,Village/Farm,Chicken,Extensive,Unknown,Unknown,Unknown,Unknown,Unknown,Unknown,No
39.8844281,-3.5224677,Kilifi,Kilifi North,Tezo,Abattoir,Goats,Unknown,No,Unknown,No,No,No,Unknown,Unknown
39.126383,-4.5319029,Kwale,Lungalunga,Vanga,Village/Farm,Goats,Extensive,No,Unknown,No,Unknown,No,Unknown,Unknown
39.126383,-4.5319029,Kwale,Lungalunga,Vanga,Village/Farm,Cattle,Extensive,No,Unknown,Unknown,No,Unknown,No,Unknown
34.7728709,-1.2296022,Narok,Transmara West,Angata Barikoi,Crush,Cattle,Extensive,No,No,Unknown,No,Unknown,No,Unknown
34.8519031,0.4755763,Nandi,Mosop,Kurgung/Surungai,Village/Farm,Cattle,Mixed,No,No,Unknown,No,Unknown,No,Unknown
34.7728709,-1.2296022,Narok,Transmara West,Angata Barikoi,Crush,Sheep,Extensive,No,Unknown,No,No,Unknown,Unknown,Unknown
36.2646507,-1.1003339,Narok,Narok East,Keekonyokie,Crush,Cattle,Mixed,Unknown,Unknown,Unknown,Unknown,Unknown,Unknown,Unknown
34.7728709,-1.2296022,Narok,Transmara West,Angata Barikoi,Crush,Goats,Extensive,No,Unknown,No,No,No,Unknown,Unknown
34.8094596,0.576204,Nandi,Mosop,Kurgung/Surungai,Village/Farm,Cattle,Mixed,No,No,Unknown,Unknown,Unknown,No,Unknown
0.0,0.0,Mandera,Mandera North,Rhamu,Village/Farm,Goats,Extensive,No,Unknown,No,No,No,Unknown,Unknown
37.9405468,0.3510129,Meru,Igembe North,Antuambui,Abattoir,Sheep,Extensive,No,Unknown,Unknown,No,Unknown,Unknown,Unknown
36.7231842,-1.2372033,Kiambu,Kabete,Kabete,Village/Farm,Cattle,Intensive,No,No,Unknown,No,Unknown,No,Unknown
35.8092431,-1.3027703,Narok,Narok South,Majimoto/Naroosura,Village/Farm,Goats,Extensive,No,Unknown,No,No,No,Unknown,Unknown
0.0,0.0,Tharaka-Nithi,Chuka/Igambang'Ombe,Karingani,Village/Farm,Goats,Mixed,Unknown,Unknown,Unknown,Unknown,No,Unknown,Unknown
35.8092431,-1.3027703,Narok,Narok South,Majimoto/Naroosura,Village/Farm,Sheep,Extensive,No,Unknown,No,No,Unknown,Unknown,Unknown
35.6785719,-0.2951371,Baringo,Eldama Ravine,Lembus,Village/Farm,Cattle,Mixed,No,No,Unknown,No,Unknown,No,Unknown
35.3824504,-1.1037521,Narok,Narok West,Mara,Crush,Cattle,Unknown,Unknown,Unknown,Unknown,Unknown,Unknown,Unknown,Unknown
37.6251887,-1.8139663,Makueni,Makueni,Muvau/Kikuumini,Abattoir,Goats,Unknown,No,Unknown,No,No,No,Unknown,Unknown
37.7176438,-1.8960741,Makueni,Makueni,Kathonzweni,Abattoir,Goats,Unknown,No,Unknown,No,No,No,Unknown,Unknown
0.0,0.0,Mandera,Banissa,Derkhale,Village/Farm,Camel,Extensive,No,Unknown,Unknown,No,Unknown,Unknown,Unknown
34.9761251,0.03189,Nandi,Aldai,Kobujoi,Village/Farm,Chicken,Mixed,Unknown,Unknown,Unknown,Unknown,Unknown,Unknown,No
37.7176438,-1.8960741,Makueni,Makueni,Kathonzweni,Abattoir,Cattle,Unknown,No,No,Unknown,No,Unknown,No,Unknown
0.0,0.0,Nandi,Mosop,Sangalo/Kebulonik,Village/Farm,Cattle,Mixed,No,No,Unknown,No,Unknown,No,Unknown
35.35178943,-1.03355762,Narok,Narok West,Mara,Village/Farm,Chicken,Mixed,Unknown,Unknown,Unknown,Unknown,Unknown,Unknown,No
35.0310526,0.0280504,Nandi,Aldai,Kobujoi,Village/Farm,Cattle,Mixed,No,No,Unknown,No,Unknown,No,Unknown
34.8294733,-1.1888052,Narok,Transmara West,Lolgorian,Village/Farm,Cattle,Extensive,No,No,Unknown,No,Unknown,No,Unknown
35.0186799,0.4106495,Nandi,Mosop,Kabiyet,Village/Farm,Cattle,Mixed,No,No,Unknown,No,Unknown,No,Unknown
34.8294733,-1.1888052,Narok,Transmara West,Lolgorian,Village/Farm,Sheep,Extensive,No,Unknown,No,No,Unknown,Unknown,Unknown
35.3625685,-0.9791189,Narok,Narok West,Mara,Crush,Cattle,Unknown,Unknown,Unknown,Unknown,Unknown,Unknown,Unknown,Unknown
35.5030089,-1.0589348,Narok,Narok West,Mara,Crush,Cattle,Unknown,Unknown,Unknown,Unknown,Unknown,Unknown,Unknown,Unknown
37.9882226,0.3380094,Meru,Igembe North,Antubetwe Kiongo,Abattoir,Goats,Extensive,No,Unknown,No,No,No,Unknown,Unknown
35.35257575,-1.03406387,Narok,Narok West,Mara,Village/Farm,Goats,Mixed,No,Unknown,No,No,No,Unknown,Unknown
35.35279531,-1.03423465,Narok,Narok West,Mara,Village/Farm,Sheep,Mixed,No,Unknown,No,No,Unknown,Unknown,Unknown
39.4281085,-4.4710421,Kwale,Msambweni,Ramisi,Village/Farm,Cattle,Extensive,No,No,Unknown,No,Unknown,No,Unknown
35.7865707,0.5459513,Baringo,Baringo Central,Ewalel/Chapchap,Village/Farm,Cattle,Mixed,No,No,Unknown,No,Unknown,No,Unknown
35.66729692,-1.00211856,Narok,Narok South,Ololulung'A,Market,Cattle,Mixed,No,No,Unknown,No,Unknown,No,Unknown
35.6602791,-0.098538,Kericho,Kipkelion East,Tendeno/Sorget,Crush,Cattle,Mixed,No,No,Unknown,No,Unknown,No,Unknown
35.66728723,-1.00219155,Narok,Narok South,Ololulung'A,Market,Sheep,Mixed,No,Unknown,No,No,Unknown,Unknown,Unknown
41.863232,3.9397867,Mandera,Mandera East,Township,Village/Farm,Goats,Extensive,No,Unknown,No,No,No,Unknown,Unknown
35.66737885,-1.00218655,Narok,Narok South,Ololulung'A,Market,Goats,Mixed,No,Unknown,No,No,No,Unknown,Unknown
35.66733624,-1.00212618,Narok,Narok South,Ololulung'A,Market,Chicken,Mixed,Unknown,Unknown,Unknown,Unknown,Unknown,Unknown,No
35.21780023,-1.43988918,Narok,Narok West,Mara,Village/Farm,Cattle,Extensive,No,No,Unknown,No,Unknown,No,Unknown
41.8635958,3.9397073,Mandera,Mandera East,Township,Village/Farm,Sheep,Extensive,No,Unknown,No,No,Unknown,Unknown,Unknown
35.21736771,-1.44046459,Narok,Narok West,Mara,Village/Farm,Sheep,Extensive,No,Unknown,No,No,Unknown,Unknown,Unknown
37.9868511,0.3377681,Meru,Igembe North,Antubetwe Kiongo,Abattoir,Cattle,Intensive,No,Unknown,Unknown,No,Unknown,Unknown,Unknown
39.3520255,-4.4228602,Kwale,Msambweni,Ramisi,Village/Farm,Goats,Extensive,No,Unknown,No,No,No,Unknown,Unknown
0.0,0.0,Baringo,Baringo Central,Sacho,Village/Farm,Goats,Mixed,No,Unknown,No,No,No,Unknown,Unknown
35.1026359,-0.5009227,Kericho,Bureti,Kisiara,Abattoir,Cattle,Unknown,No,No,Unknown,No,Unknown,No,Unknown
35.36733492,-1.47634223,Narok,Narok West,Siana,Village/Farm,Cattle,Extensive,No,No,Unknown,No,Unknown,No,Unknown
35.1026359,-0.5009227,Kericho,Bureti,Kisiara,Abattoir,Goats,Unknown,No,Unknown,No,No,No,Unknown,Unknown
41.229855,3.9315038,Mandera,Mandera North,Rhamu,Village/Farm,Cattle,Extensive,No,No,Unknown,No,Unknown,No,Unknown
34.688934,-1.3344737,Narok,Transmara West,Lolgorian,Crush,Cattle,Extensive,No,No,Unknown,No,Unknown,No,Unknown
36.9099295,-1.0162473,Kiambu,Gatundu South,Ngenda,Abattoir,Cattle,Intensive,No,No,Unknown,No,Unknown,No,Unknown
0.0,0.0,Mandera,Lafey,Waranqara,Village/Farm,Chicken,Mixed,Unknown,Unknown,Unknown,Unknown,Unknown,Unknown,No
36.913962,-1.0173964,Kiambu,Gatundu South,Ngenda,Abattoir,Cattle,Intensive,No,No,Unknown,No,Unknown,No,Unknown
39.0595164,-0.0404196,Garissa,Balambala,Jara Jara,Crush,Sheep,Extensive,No,Unknown,No,No,Unknown,Unknown,Unknown
0.0,0.0,Mandera,Lafey,Waranqara,Village/Farm,Camel,Extensive,No,Unknown,Unknown,Unknown,Unknown,Unknown,Unknown
39.0595164,-0.0404196,Garissa,Balambala,Jara Jara,Crush,Goats,Extensive,No,Unknown,No,No,Unknown,Unknown,Unknown
36.4303169,-0.7587112,Turkana,Turkana North,Lapur,Village/Farm,Sheep,Extensive,No,Unknown,No,No,Unknown,Unknown,Unknown
36.9129539,-1.0164476,Kiambu,Gatundu South,Ngenda,Abattoir,Cattle,Intensive,No,No,Unknown,No,Unknown,No,Unknown
37.9882226,0.3380094,Meru,Igembe North,Antubetwe Kiongo,Abattoir,Goats,Extensive,No,Unknown,No,No,No,Unknown,Unknown
39.3825311,-4.5885708,Kwale,Msambweni,Ramisi,Village/Farm,Cattle,Unknown,No,No,Unknown,No,Unknown,No,Unknown
39.4761066,-4.3909409,Kwale,Msambweni,Ramisi,Village/Farm,Cattle,Mixed,No,No,Unknown,No,Unknown,No,Unknown
35.7794086,0.5821001,Baringo,Baringo Central,Ewalel/Chapchap,Village/Farm,Cattle,Mixed,No,No,Unknown,No,Unknown,No,Unknown
37.72953,-1.861615,Makueni,Makueni,Mavindini,Village/Farm,Chicken,Mixed,Unknown,Unknown,Unknown,Unknown,Unknown,Unknown,Unknown
39.4853899,-4.47262,Kwale,Msambweni,Ramisi,Village/Farm,Goats,Unknown,No,Unknown,No,Unknown,No,Unknown,Unknown
39.3563514,-4.4290206,Kwale,Msambweni,Ukunda,Village/Farm,Goats,Mixed,No,Unknown,No,No,No,Unknown,Unknown
36.5859384,1.0203048,Samburu,Samburu West,Loosuk,Village/Farm,Goats,Extensive,No,Unknown,No,Unknown,No,Unknown,Unknown
40.9364353,2.8209546,Mandera,Mandera South,Elwak South,Village/Farm,Cattle,Extensive,No,No,Unknown,No,Unknown,Unknown,Unknown
37.4266121,-2.0555483,Makueni,Kaiti,Ukia,Village/Farm,Cattle,Mixed,No,Unknown,Unknown,No,Unknown,No,Unknown
37.4266121,-2.0555483,Makueni,Kaiti,Ukia,Village/Farm,Sheep,Mixed,No,Unknown,No,Unknown,Unknown,Unknown,Unknown
37.4266121,-2.0555483,Makueni,Kaiti,Ukia,Village/Farm,Goats,Mixed,No,Unknown,No,No,No,Unknown,Unknown
37.4266121,-2.0555483,Makueni,Kaiti,Ukia,Village/Farm,Chicken,Intensive,Unknown,Unknown,Unknown,Unknown,Unknown,Unknown,No
37.9882226,0.3382416,Meru,Igembe North,Antubetwe Kiongo,Abattoir,Cattle,Intensive,No,Unknown,Unknown,No,Unknown,Unknown,Unknown
36.8275506,-0.9735417,Kiambu,Gatundu South,Ngenda,Village/Farm,Cattle,Intensive,No,No,Unknown,No,Unknown,No,Unknown
36.6837561,1.0883291,Samburu,Samburu West,Maralal,Village/Farm,Cattle,Extensive,No,Unknown,Unknown,No,Unknown,No,Unknown
37.9405468,0.3510129,Meru,Igembe North,Antuambui,Abattoir,Sheep,Extensive,No,Unknown,Unknown,No,Unknown,Unknown,Unknown
35.1084822,-1.0158691,Narok,Emurua Dikirr,Ilkerin,Market,Goats,Mixed,No,Unknown,No,Unknown,No,Unknown,Unknown
35.1377073,0.5026439,Nandi,Mosop,Kabisaga,Village/Farm,Cattle,Mixed,No,No,Unknown,No,Unknown,No,Unknown
37.7254833,-1.9099657,Makueni,Makueni,Kathonzweni,Abattoir,Cattle,Unknown,No,No,Unknown,No,Unknown,No,Unknown
35.0985089,0.1984033,Nandi,Emgwen,Kapsabet,Market,Cattle,Unknown,No,No,Unknown,No,Unknown,No,Unknown
35.108826,0.2048563,Nandi,Chesumei,Chemundu/Kapng'Etuny,Village/Farm,Chicken,Extensive,Unknown,Unknown,Unknown,Unknown,Unknown,Unknown,No
35.108826,0.2048563,Nandi,Chesumei,Chemundu/Kapng'Etuny,Village/Farm,Cattle,Extensive,No,No,Unknown,No,Unknown,No,Unknown
35.7630358,0.4829021,Baringo,Baringo Central,Kapropita,Village/Farm,Goats,Mixed,No,Unknown,No,No,No,Unknown,Unknown
40.9255197,2.8067882,Mandera,Mandera South,Elwak South,Market,Goats,Extensive,No,Unknown,No,No,No,Unknown,Unknown
40.9255197,2.8067882,Mandera,Mandera South,Elwak South,Market,Sheep,Extensive,No,Unknown,No,No,Unknown,Unknown,Unknown
36.1576669,-1.0977411,Narok,Narok East,Keekonyokie,Crush,Cattle,Mixed,Unknown,Unknown,Unknown,Unknown,Unknown,Unknown,Unknown
37.9868988,0.3377833,Meru,Igembe North,Antubetwe Kiongo,Abattoir,Goats,Extensive,No,Unknown,No,No,No,Unknown,Unknown
35.8680359,-1.0907297,Narok,Narok North,Narok Town,Village/Farm,Cattle,Mixed,Unknown,Unknown,Unknown,Unknown,Unknown,Unknown,Unknown
35.8680359,-1.0907297,Narok,Narok North,Narok Town,Village/Farm,Cattle,Intensive,Unknown,Unknown,Unknown,Unknown,Unknown,Unknown,Unknown
37.7198366,-1.9039571,Makueni,Makueni,Kathonzweni,Abattoir,Goats,Unknown,No,Unknown,No,No,No,Unknown,Unknown
37.7255145,-1.909988,Makueni,Makueni,Kathonzweni,Abattoir,Goats,Unknown,No,Unknown,No,No,No,Unknown,Unknown
37.7173803,-1.8957165,Makueni,Makueni,Kathonzweni,Abattoir,Cattle,Unknown,No,No,Unknown,No,Unknown,No,Unknown
37.7254833,-1.9099657,Makueni,Makueni,Kathonzweni,Market,Cattle,Unknown,No,No,Unknown,No,Unknown,No,Unknown
37.9875607,0.3368513,Meru,Igembe North,Antubetwe Kiongo,Abattoir,Cattle,Extensive,No,No,Unknown,No,Unknown,No,Unknown
0.0,0.0,Tharaka-Nithi,Chuka/Igambang'Ombe,Karingani,Village/Farm,Cattle,Mixed,Unknown,Unknown,Unknown,Unknown,Unknown,Unknown,Unknown
35.2209375,-0.3206102,Kericho,Sigowet/Soin,Soin,Village/Farm,Cattle,Mixed,No,No,Unknown,No,Unknown,No,Unknown
35.8802809,-1.090291,Narok,Narok North,Narok Town,Village/Farm,Cattle,Extensive,Unknown,Unknown,Unknown,Unknown,Unknown,Unknown,Unknown
36.5906636,1.05553,Samburu,Samburu West,Loosuk,Village/Farm,Chicken,Extensive,Unknown,Unknown,Unknown,Unknown,Unknown,Unknown,No
35.1005724,-0.5019042,Kericho,Bureti,Kisiara,Abattoir,Cattle,Unknown,No,No,Unknown,No,Unknown,No,Unknown
41.1836772,3.1495182,Mandera,Lafey,Lafey,Village/Farm,Chicken,Mixed,Unknown,Unknown,Unknown,Unknown,Unknown,Unknown,No
35.1005724,-0.5019042,Kericho,Bureti,Kisiara,Abattoir,Sheep,Unknown,No,Unknown,No,No,Unknown,Unknown,Unknown
40.9255229,2.8067922,Mandera,Mandera South,Elwak South,Market,Goats,Extensive,No,Unknown,No,No,No,Unknown,Unknown
35.1005724,-0.5019042,Kericho,Bureti,Kisiara,Abattoir,Goats,Unknown,No,Unknown,No,No,No,Unknown,Unknown
35.9806804,0.4699961,Baringo,Baringo South,Marigat,Village/Farm,Goats,Extensive,No,Unknown,No,No,No,Unknown,Unknown
35.9759599,0.4667628,Baringo,Baringo South,Marigat,Market,Chicken,Unknown,Unknown,Unknown,Unknown,Unknown,Unknown,Unknown,No
37.9872297,0.3368528,Meru,Igembe North,Antubetwe Kiongo,Abattoir,Cattle,Intensive,No,Unknown,Unknown,No,Unknown,Unknown,Unknown
36.8452576,-0.980254,Kiambu,Gatundu South,Ndarugu,Village/Farm,Cattle,Intensive,No,No,Unknown,No,Unknown,No,Unknown
35.8681132,-1.0925584,Narok,Narok North,Narok Town,Clinic,Cattle,Mixed,Unknown,Unknown,Unknown,Unknown,Unknown,Unknown,Unknown
35.1724204,0.1321298,Nandi,Emgwen,Kilibwoni,Village/Farm,Cattle,Extensive,No,No,Unknown,No,Unknown,No,Unknown
35.1569559,0.1455565,Nandi,Emgwen,Kilibwoni,Village/Farm,Sheep,Extensive,No,Unknown,No,No,Unknown,Unknown,Unknown
35.1617674,0.1410006,Nandi,Emgwen,Kapsabet,Village/Farm,Chicken,Extensive,Unknown,Unknown,Unknown,Unknown,Unknown,Unknown,No
37.0514351,-1.0659057,Kiambu,Juja,Witeithie,Village/Farm,Cattle,Intensive,No,No,Unknown,No,Unknown,No,Unknown
37.0514351,-1.0659057,Kiambu,Juja,Witeithie,Village/Farm,Chicken,Intensive,Unknown,Unknown,Unknown,Unknown,Unknown,Unknown,No
36.6985862,1.0915037,Samburu,Samburu West,Lodokejek,Village/Farm,Cattle,Mixed,No,Unknown,Unknown,No,Unknown,No,Unknown
36.6985862,1.0915037,Samburu,Samburu West,Lodokejek,Village/Farm,Sheep,Mixed,No,Unknown,No,Unknown,Unknown,Unknown,Unknown
36.6985862,1.0915037,Samburu,Samburu West,Lodokejek,Village/Farm,Goats,Mixed,No,Unknown,No,Unknown,No,Unknown,Unknown
36.6985862,1.0915037,Samburu,Samburu West,Lodokejek,Village/Farm,Chicken,Mixed,Unknown,Unknown,Unknown,Unknown,Unknown,Unknown,No
37.5905781,0.3547801,Isiolo,Isiolo North,Wabera,Village/Farm,Goats,Extensive,No,Unknown,No,Unknown,No,Unknown,Unknown
36.692604,1.0926162,Samburu,Samburu West,Maralal,Village/Farm,Cattle,Mixed,No,Unknown,Unknown,No,Unknown,No,Unknown
36.692604,1.0926162,Samburu,Samburu West,Maralal,Village/Farm,Sheep,Mixed,No,Unknown,No,Unknown,Unknown,Unknown,Unknown
36.692604,1.0926162,Samburu,Samburu West,Maralal,Village/Farm,Chicken,Mixed,Unknown,Unknown,Unknown,Unknown,Unknown,Unknown,No
37.5722675,0.3259071,Isiolo,Isiolo North,Bulla Pesa,Village/Farm,Chicken,Extensive,Unknown,Unknown,Unknown,Unknown,Unknown,Unknown,No
40.9255229,2.8067922,Mandera,Mandera South,Elwak South,Market,Sheep,Extensive,No,Unknown,No,No,Unknown,Unknown,Unknown
35.9806804,0.4699961,Baringo,Baringo South,Marigat,Village/Farm,Chicken,Extensive,Unknown,Unknown,Unknown,Unknown,Unknown,Unknown,No
36.02377216,-1.52798139,Narok,Narok South,Majimoto/Naroosura,Village/Farm,Goats,Extensive,No,Unknown,No,No,No,Unknown,Unknown
35.9806804,0.4699961,Baringo,Baringo South,Marigat,Village/Farm,Cattle,Extensive,No,No,Unknown,No,Unknown,No,Unknown
41.8542719,3.934617,Mandera,Mandera North,Rhamu,Market,Goats,Extensive,No,Unknown,No,No,No,Unknown,Unknown
36.03878612,-1.51490066,Narok,Narok South,Majimoto/Naroosura,Village/Farm,Sheep,Extensive,No,Unknown,No,No,Unknown,Unknown,Unknown
36.01700237,-1.55003734,Narok,Narok South,Majimoto/Naroosura,Village/Farm,Cattle,Extensive,No,No,Unknown,No,Unknown,No,Unknown
35.2506006,-1.193276,Narok,Narok West,Mara,Village/Farm,Cattle,Extensive,No,Unknown,Unknown,Unknown,Unknown,Unknown,Unknown
37.5722675,0.3259071,Isiolo,Isiolo North,Wabera,Village/Farm,Cattle,Extensive,No,No,Unknown,No,Unknown,No,Unknown
37.5726005,0.3235714,Isiolo,Isiolo North,Wabera,Village/Farm,Goats,Extensive,No,Unknown,No,Unknown,No,Unknown,Unknown
37.5726005,0.3235714,Isiolo,Isiolo North,Wabera,Village/Farm,Sheep,Extensive,No,Unknown,No,Unknown,Unknown,Unknown,Unknown
35.0967892,-0.5254309,Kericho,Bureti,Tebesonik,Village/Farm,Cattle,Mixed,No,No,Unknown,No,Unknown,No,Unknown
35.0967892,-0.5254309,Kericho,Bureti,Tebesonik,Village/Farm,Chicken,Mixed,Unknown,Unknown,Unknown,Unknown,Unknown,Unknown,No
37.4065902,0.2462524,Isiolo,Isiolo North,Burat,Village/Farm,Sheep,Extensive,No,Unknown,No,Unknown,Unknown,Unknown,Unknown
35.8703998,-1.0920172,Narok,Narok North,Narok Town,Abattoir,Cattle,Mixed,Unknown,Unknown,Unknown,Unknown,Unknown,Unknown,Unknown
37.5742653,0.3284663,Isiolo,Isiolo North,Wabera,Village/Farm,Cattle,Extensive,No,No,Unknown,No,Unknown,No,Unknown
37.5742653,0.3284663,Isiolo,Isiolo North,Wabera,Village/Farm,Sheep,Extensive,No,Unknown,No,No,Unknown,Unknown,Unknown
35.8703998,-1.0920172,Narok,Narok North,Narok Town,Abattoir,Sheep,Mixed,Unknown,Unknown,Unknown,Unknown,Unknown,Unknown,Unknown
37.5689378,0.3317586,Isiolo,Isiolo North,Bulla Pesa,Village/Farm,Goats,Intensive,No,Unknown,No,Unknown,No,Unknown,Unknown
35.8703998,-1.0920172,Narok,Narok North,Narok Town,Abattoir,Goats,Mixed,Unknown,Unknown,Unknown,Unknown,Unknown,Unknown,Unknown
37.5726005,0.3235714,Isiolo,Isiolo North,Wabera,Village/Farm,Goats,Extensive,No,Unknown,No,No,Unknown,Unknown,Unknown
35.8681132,-1.0925584,Narok,Narok North,Narok Town,Abattoir,Goats,Mixed,Unknown,Unknown,Unknown,Unknown,Unknown,Unknown,Unknown
37.9868988,0.3377833,Meru,Igembe North,Antubetwe Kiongo,Abattoir,Goats,Extensive,No,Unknown,No,No,No,Unknown,Unknown
35.8681132,-1.0925584,Narok,Narok North,Narok Town,Abattoir,Sheep,Mixed,Unknown,Unknown,Unknown,Unknown,Unknown,Unknown,Unknown
34.95857563,-1.25380806,Narok,Transmara West,Lolgorian,Market,Goats,Extensive,No,Unknown,No,No,No,Unknown,Unknown
35.8753378,-1.0899219,Narok,Narok North,Narok Town,Abattoir,Cattle,Mixed,Unknown,Unknown,Unknown,Unknown,Unknown,Unknown,Unknown
37.9892155,0.3393983,Meru,Igembe North,Antubetwe Kiongo,Abattoir,Goats,Extensive,No,Unknown,No,No,No,Unknown,Unknown
39.3038914,-4.1389294,Kwale,Kinango,Ndavaya,Market,Goats,Unknown,No,Unknown,No,Unknown,No,Unknown,Unknown
39.4057158,-4.522928,Kwale,Msambweni,Ramisi,Village/Farm,Goats,Unknown,No,Unknown,No,No,No,Unknown,Unknown
40.344747,3.9401995,Mandera,Banissa,Banissa,Abattoir,Goats,Extensive,No,Unknown,No,No,Unknown,Unknown,Unknown
36.9129539,-1.0164476,Kiambu,Gatundu South,Ngenda,Village/Farm,Cattle,Intensive,No,No,Unknown,No,Unknown,No,Unknown
40.344747,3.9401995,Mandera,Banissa,Banissa,Village/Farm,Cattle,Extensive,No,No,Unknown,No,Unknown,No,Unknown
35.7688349,0.5677309,Baringo,Baringo Central,Ewalel/Chapchap,Village/Farm,Sheep,Mixed,No,Unknown,No,No,Unknown,Unknown,Unknown
35.1187981,-1.0159864,Narok,Emurua Dikirr,Kapsasian,Village/Farm,Cattle,Mixed,No,No,Unknown,No,Unknown,No,Unknown
39.3038914,-4.1389294,Kwale,Kinango,Ndavaya,Market,Cattle,Unknown,No,Unknown,Unknown,No,Unknown,No,Unknown
36.9129539,-1.0164476,Kiambu,Gatundu South,Ngenda,Village/Farm,Chicken,Intensive,Unknown,Unknown,Unknown,Unknown,Unknown,Unknown,No
36.9129539,-1.0164476,Kiambu,Gatundu South,Ngenda,Village/Farm,Sheep,Intensive,No,Unknown,Unknown,No,Unknown,Unknown,Unknown
36.9112737,-0.9667101,Kiambu,Gatundu South,Ngenda,Village/Farm,Cattle,Intensive,No,No,Unknown,No,Unknown,No,Unknown
39.3038914,-4.1389294,Kwale,Kinango,Ndavaya,Market,Sheep,Unknown,No,Unknown,No,Unknown,Unknown,Unknown,Unknown
0.0,0.0,Baringo,Baringo Central,Kapropita,Village/Farm,Cattle,Mixed,No,No,Unknown,No,Unknown,No,Unknown
34.95857641,-1.25380556,Narok,Transmara West,Lolgorian,Market,Sheep,Extensive,No,Unknown,No,No,Unknown,Unknown,Unknown
35.1397699,0.1637882,Nandi,Emgwen,Kilibwoni,Village/Farm,Cattle,Mixed,No,No,Unknown,No,Unknown,No,Unknown
35.27165209,-1.05048612,Narok,Narok West,Mara,Village/Farm,Cattle,Extensive,No,No,Unknown,No,Unknown,No,Unknown
35.1397699,0.1637882,Nandi,Emgwen,Kilibwoni,Village/Farm,Sheep,Mixed,No,Unknown,No,No,Unknown,Unknown,Unknown
35.13629462,-0.99987907,Narok,Emurua Dikirr,Kapsasian,Market,Sheep,Mixed,No,Unknown,No,No,Unknown,Unknown,Unknown
35.13625193,-0.99993563,Narok,Emurua Dikirr,Kapsasian,Market,Cattle,Mixed,No,No,Unknown,No,Unknown,No,Unknown
37.19831666666666,-1.737075,Makueni,Kilome,Kasikeu,Abattoir,Cattle,Unknown,No,No,Unknown,No,Unknown,Unknown,Unknown
35.052915,-0.4576516666666667,Kericho,Sigowet/Soin,Sigowet,Village/Farm,Cattle,Extensive,No,No,Unknown,No,Unknown,No,Unknown
35.8703998,-1.0920172,Narok,Narok North,Narok Town,Abattoir,Cattle,Mixed,Unknown,Unknown,Unknown,Unknown,Unknown,Unknown,Unknown
35.8681132,-1.0925584,Narok,Narok North,Narok Town,Abattoir,Cattle,Mixed,Unknown,Unknown,Unknown,Unknown,Unknown,Unknown,Unknown
35.8703998,-1.0920172,Narok,Narok North,Narok Town,Abattoir,Goats,Mixed,Unknown,Unknown,Unknown,Unknown,Unknown,Unknown,Unknown
37.4065902,0.2462524,Isiolo,Isiolo North,Burat,Village/Farm,Sheep,Extensive,No,Unknown,No,No,Unknown,Unknown,Unknown
37.4065902,0.2462524,Isiolo,Isiolo North,Burat,Village/Farm,Goats,Extensive,No,Unknown,No,Unknown,No,Unknown,Unknown
35.044495,0.5420224,Nandi,Mosop,Chepterwai,Village/Farm,Cattle,Mixed,No,No,Unknown,No,Unknown,No,Unknown
35.8678821,-1.0907784,Narok,Narok North,Narok Town,Abattoir,Sheep,Mixed,Unknown,Unknown,Unknown,Unknown,Unknown,Unknown,Unknown
36.5913386,1.2201203,Samburu,Samburu West,Poro,Village/Farm,Cattle,Intensive,No,No,Unknown,No,Unknown,No,Unknown
35.8678821,-1.0907784,Narok,Narok North,Narok Town,Abattoir,Goats,Mixed,Unknown,Unknown,Unknown,Unknown,Unknown,Unknown,Unknown
34.7763233,-0.1005759,Nandi,Tinderet,Songhor/Soba,Village/Farm,Goats,Extensive,No,Unknown,Unknown,Unknown,No,Unknown,Unknown
35.1105454,0.2012529,Nandi,Emgwen,Kapsabet,Village/Farm,Cattle,Extensive,No,No,Unknown,No,Unknown,No,Unknown
35.1105454,0.2012529,Nandi,Emgwen,Kapsabet,Village/Farm,Chicken,Extensive,Unknown,Unknown,Unknown,Unknown,Unknown,Unknown,No
37.9868988,0.3368543,Meru,Igembe North,Antubetwe Kiongo,Abattoir,Goats,Extensive,No,Unknown,No,No,No,Unknown,Unknown
35.7927091,0.4285229,Baringo,Baringo Central,Sacho,Village/Farm,Goats,Mixed,No,Unknown,No,No,No,Unknown,Unknown
0.0,0.0,Mandera,Banissa,Kiliwehiri,Village/Farm,Camel,Extensive,No,Unknown,Unknown,No,Unknown,Unknown,Unknown
41.1839915,3.1470887,Mandera,Lafey,Lafey,Clinic,Goats,Extensive,No,Unknown,No,No,No,Unknown,Unknown
40.226645,3.3946573,Mandera,Mandera West,Takaba,Village/Farm,Cattle,Extensive,No,No,Unknown,No,Unknown,No,Unknown
39.6890616,-4.0456086,Mandera,Mandera West,Takaba,Abattoir,Camel,Extensive,No,Unknown,Unknown,Unknown,Unknown,Unknown,Unknown
41.8439108,3.9442484,Mandera,Mandera East,Neboi,Village/Farm,Cattle,Extensive,No,No,Unknown,No,Unknown,No,Unknown
40.9255748,2.7928702,Mandera,Mandera South,Elwak South,Market,Sheep,Extensive,No,Unknown,No,No,Unknown,Unknown,Unknown
39.1447751,-3.7543963,Kwale,Kinango,Mackinnon Road,Village/Farm,Cattle,Extensive,No,Unknown,Unknown,No,Unknown,No,Unknown
37.939222,0.3503217,Meru,Igembe North,Antuambui,Abattoir,Sheep,Extensive,No,Unknown,Unknown,No,Unknown,Unknown,Unknown
37.0771573,-1.0386859,Kiambu,Gatundu South,Ngenda,Abattoir,Cattle,Intensive,No,No,Unknown,No,Unknown,No,Unknown
35.7132142,-1.8121824,Narok,Narok South,Loita,Village/Farm,Sheep,Mixed,No,Unknown,No,No,Unknown,Unknown,Unknown
35.8678821,-1.0907784,Narok,Narok North,Narok Town,Abattoir,Cattle,Mixed,Unknown,Unknown,Unknown,Unknown,Unknown,Unknown,Unknown
35.8703998,-1.0920172,Narok,Narok North,Narok Town,Abattoir,Sheep,Mixed,Unknown,Unknown,Unknown,Unknown,Unknown,Unknown,Unknown
40.9255748,2.7928702,Mandera,Mandera South,Elwak South,Market,Goats,Extensive,No,Unknown,No,No,No,Unknown,Unknown
34.843963,0.3744774,Nandi,Mosop,Sangalo/Kebulonik,Village/Farm,Cattle,Mixed,No,No,Unknown,No,Unknown,No,Unknown
35.0500012,0.3911642,Nandi,Mosop,Kabiyet,Village/Farm,Cattle,Mixed,No,No,Unknown,No,Unknown,No,Unknown
34.9987109,0.4240528,Nandi,Mosop,Kurgung/Surungai,Village/Farm,Cattle,Mixed,No,No,Unknown,No,Unknown,No,Unknown
41.0113825,2.7723533,Mandera,Mandera South,Elwak South,Market,Sheep,Extensive,No,Unknown,No,No,Unknown,Unknown,Unknown
40.939596,2.8340216,Mandera,Mandera South,Elwak South,Abattoir,Goats,Extensive,No,Unknown,No,No,No,Unknown,Unknown
40.939596,2.8340216,Mandera,Mandera South,Elwak South,Abattoir,Sheep,Extensive,No,Unknown,No,No,Unknown,Unknown,Unknown
34.9602559,0.041264,Nandi,Aldai,Kobujoi,Village/Farm,Cattle,Mixed,No,No,Unknown,No,Unknown,No,Unknown
35.1105454,0.2012529,Nandi,Emgwen,Kapsabet,Village/Farm,Cattle,Extensive,No,No,Unknown,No,Unknown,No,Unknown
34.9945787,0.4395618,Nandi,Mosop,Kurgung/Surungai,Village/Farm,Cattle,Mixed,No,No,Unknown,No,Unknown,No,Unknown
35.1105454,0.2012529,Nandi,Emgwen,Kapsabet,Village/Farm,Chicken,Extensive,Unknown,Unknown,Unknown,Unknown,Unknown,Unknown,No
37.7174555,-1.896217,Makueni,Makueni,Kathonzweni,Abattoir,Cattle,Unknown,No,No,Unknown,No,Unknown,No,Unknown
37.7197937,-1.9017572,Makueni,Makueni,Kathonzweni,Abattoir,Goats,Unknown,No,Unknown,No,No,No,Unknown,Unknown
37.9868988,0.3368543,Meru,Igembe North,Antubetwe Kiongo,Abattoir,Goats,Extensive,No,Unknown,No,No,No,Unknown,Unknown
35.0486394,-1.0617441,Narok,Transmara West,Kimintet,Village/Farm,Cattle,Mixed,No,No,Unknown,No,Unknown,No,Unknown
41.8623167,3.9381021,Mandera,Mandera East,Township,Village/Farm,Cattle,Extensive,No,No,Unknown,No,Unknown,No,Unknown
41.8623167,3.9381021,Mandera,Mandera East,Township,Village/Farm,Goats,Extensive,No,Unknown,No,Unknown,No,Unknown,Unknown
41.0113825,2.7723533,Mandera,Mandera South,Elwak South,Market,Goats,Extensive,No,Unknown,No,No,No,Unknown,Unknown
35.0947256,0.1866572,Nandi,Emgwen,Kapsabet,Village/Farm,Cattle,Extensive,No,No,Unknown,No,Unknown,No,Unknown
35.1456135,0.2186779,Nandi,Chesumei,Chemundu/Kapng'Etuny,Market,Cattle,Unknown,No,No,Unknown,No,Unknown,No,Unknown
0.0,0.0,Kwale,Msambweni,Gombato Bongwe,Village/Farm,Cattle,Intensive,No,No,Unknown,No,Unknown,No,Unknown
41.0113825,2.7723533,Mandera,Mandera South,Elwak South,Market,Goats,Extensive,No,Unknown,No,No,No,Unknown,Unknown
41.0113825,2.7723533,Mandera,Mandera South,Elwak South,Market,Sheep,Extensive,No,Unknown,No,No,Unknown,Unknown,Unknown
39.5701225,-4.2658109,Kwale,Msambweni,Gombato Bongwe,Village/Farm,Cattle,Extensive,No,No,Unknown,No,Unknown,No,Unknown
0.0,0.0,Kwale,Msambweni,Gombato Bongwe,Village/Farm,Cattle,Intensive,No,No,Unknown,No,Unknown,No,Unknown
36.6983649,1.0914414,Samburu,Samburu West,Maralal,Market,Goats,Extensive,No,Unknown,No,No,No,Unknown,Unknown
37.7197937,-1.9017572,Makueni,Makueni,Kathonzweni,Abattoir,Cattle,Unknown,No,No,Unknown,No,Unknown,No,Unknown
39.30735,-4.1378575,Kwale,Kinango,Kinango,Village/Farm,Chicken,Mixed,Unknown,Unknown,Unknown,Unknown,Unknown,Unknown,No
0.0,0.0,Kwale,Msambweni,Gombato Bongwe,Village/Farm,Cattle,Extensive,No,No,Unknown,No,Unknown,No,Unknown
0.0,0.0,Kwale,Msambweni,Kinondo,Village/Farm,Goats,Extensive,No,Unknown,No,No,No,Unknown,Unknown
0.0,0.0,Kwale,Msambweni,Gombato Bongwe,Village/Farm,Cattle,Intensive,No,No,Unknown,No,Unknown,No,Unknown
39.5701225,-4.2658109,Kwale,Msambweni,Gombato Bongwe,Village/Farm,Cattle,Intensive,No,No,Unknown,No,Unknown,No,Unknown
39.59298,-4.2725507,Kwale,Msambweni,Gombato Bongwe,Village/Farm,Cattle,Extensive,No,No,Unknown,No,Unknown,No,Unknown
35.1267061,0.2024124,Nandi,Emgwen,Kapsabet,Village/Farm,Cattle,Intensive,No,No,Unknown,No,Unknown,No,Unknown
35.1267061,0.2024124,Nandi,Emgwen,Kapsabet,Village/Farm,Sheep,Intensive,No,Unknown,No,No,Unknown,Unknown,Unknown
35.1455623,0.258871,Nandi,Chesumei,Kosirai,Village/Farm,Cattle,Extensive,No,No,Unknown,No,Unknown,No,Unknown
35.1455623,0.258871,Nandi,Chesumei,Kosirai,Village/Farm,Sheep,Extensive,No,Unknown,No,No,Unknown,Unknown,Unknown
35.1455623,0.258871,Nandi,Chesumei,Kosirai,Village/Farm,Chicken,Extensive,Unknown,Unknown,Unknown,Unknown,Unknown,Unknown,No
35.56965491,-0.99138687,Narok,Narok South,Ololulung'A,Village/Farm,Cattle,Mixed,No,No,Unknown,No,Unknown,No,Unknown
36.5930261,1.0460682,Samburu,Samburu West,Loosuk,Village/Farm,Cattle,Intensive,No,No,Unknown,No,Unknown,No,Unknown
38.8808205,2.5641513,Wajir,Eldas,Lakoley South/Basir,Village/Farm,Cattle,Extensive,No,No,Unknown,No,Unknown,No,Unknown
38.8808205,2.5641513,Wajir,Eldas,Lakoley South/Basir,Village/Farm,Cattle,Extensive,No,No,Unknown,No,Unknown,No,Unknown
41.8384267,3.924143,Mandera,Mandera East,Township,Village/Farm,Cattle,Extensive,No,No,Unknown,No,Unknown,No,Unknown
38.8808205,2.5641513,Wajir,Eldas,Lakoley South/Basir,Village/Farm,Camel,Extensive,No,Unknown,Unknown,No,Unknown,Unknown,Unknown
39.3784833,-4.642309,Kwale,Lungalunga,Pongwe/Kikoneni,Village/Farm,Goats,Extensive,No,Unknown,Unknown,No,No,Unknown,Unknown
39.3778353,-4.6428652,Kwale,Lungalunga,Pongwe/Kikoneni,Village/Farm,Goats,Extensive,No,Unknown,Unknown,No,No,Unknown,Unknown
37.5842531,0.3590157,Isiolo,Isiolo North,Burat,Abattoir,Sheep,Unknown,No,Unknown,No,No,Unknown,Unknown,Unknown
37.5842531,0.3590157,Isiolo,Isiolo North,Burat,Abattoir,Cattle,Unknown,No,No,Unknown,No,Unknown,No,Unknown
37.9882226,0.3380094,Meru,Igembe North,Antubetwe Kiongo,Abattoir,Goats,Extensive,No,Unknown,No,No,No,Unknown,Unknown
37.9888846,0.3393998,Meru,Igembe North,Antubetwe Kiongo,Abattoir,Goats,Extensive,No,Unknown,No,No,No,Unknown,Unknown
37.9368774,0.3351654,Meru,Igembe North,Ntunene,Clinic,Cattle,Mixed,No,No,Unknown,No,Unknown,No,Unknown
0.0,0.0,Mandera,Mandera East,Township,Crush,Cattle,Extensive,No,No,Unknown,No,Unknown,No,Unknown
36.7054105,1.0918299,Samburu,Samburu West,Maralal,Market,Cattle,Extensive,No,No,Unknown,No,Unknown,No,Unknown
38.0795083,-2.5848453,Makueni,Kibwezi East,Mtito Andei,Market,Goats,Unknown,No,Unknown,No,No,No,Unknown,Unknown
38.085788,-2.5868541,Makueni,Kibwezi East,Ivingoni/Nzambani,Village/Farm,Chicken,Unknown,Unknown,Unknown,Unknown,Unknown,Unknown,Unknown,No
34.7922027,0.1375517,Nandi,Mosop,Sangalo/Kebulonik,Village/Farm,Cattle,Mixed,No,No,Unknown,No,Unknown,No,Unknown
36.33564717,-1.05692473,Narok,Narok East,Suswa,Market,Cattle,Extensive,No,No,Unknown,No,Unknown,No,Unknown
36.33567079,-1.05695749,Narok,Narok East,Suswa,Market,Sheep,Extensive,No,Unknown,No,No,Unknown,Unknown,Unknown
36.33580629,-1.05687078,Narok,Narok East,Suswa,Market,Goats,Extensive,No,Unknown,No,No,No,Unknown,Unknown
36.33580593,-1.05687697,Narok,Narok East,Suswa,Market,Chicken,Extensive,Unknown,Unknown,Unknown,Unknown,Unknown,Unknown,No
35.0558511,-0.5992586,Kericho,Bureti,Tebesonik,Village/Farm,Cattle,Mixed,No,No,Unknown,No,Unknown,No,Unknown
35.0558511,-0.5992586,Kericho,Bureti,Tebesonik,Village/Farm,Sheep,Mixed,No,Unknown,No,No,Unknown,Unknown,Unknown
39.5623089,-4.2875855,Kwale,Msambweni,Gombato Bongwe,Village/Farm,Goats,Extensive,No,Unknown,No,No,No,Unknown,Unknown
0.0,0.0,Kwale,Msambweni,Ramisi,Village/Farm,Cattle,Extensive,No,No,Unknown,No,Unknown,No,Unknown
0.0,0.0,Kwale,Msambweni,Ramisi,Village/Farm,Goats,Extensive,No,Unknown,No,No,No,Unknown,Unknown
35.0802788,0.2006076,Nandi,Chesumei,Chemundu/Kapng'Etuny,Village/Farm,Sheep,Extensive,No,Unknown,No,No,Unknown,Unknown,Unknown
0.0,0.0,Baringo,Baringo Central,Kabarnet,Village/Farm,Cattle,Mixed,No,No,Unknown,No,Unknown,No,Unknown
35.0558511,-0.5992586,Kericho,Bureti,Tebesonik,Village/Farm,Cattle,Mixed,No,No,Unknown,No,Unknown,No,Unknown
35.0341699,-1.0855471,Narok,Transmara West,Kimintet,Market,Cattle,Unknown,No,No,Unknown,No,Unknown,No,Unknown
36.6983649,1.0914414,Samburu,Samburu West,Maralal,Market,Sheep,Extensive,No,Unknown,No,No,Unknown,Unknown,Unknown
38.0795083,-2.5848453,Makueni,Kibwezi East,Ivingoni/Nzambani,Village/Farm,Cattle,Mixed,No,No,Unknown,No,Unknown,No,Unknown
0.0,0.0,Mandera,Mandera East,Township,Village/Farm,Cattle,Extensive,No,No,Unknown,No,Unknown,No,Unknown
38.085788,-2.5868541,Makueni,Kibwezi East,Ivingoni/Nzambani,Village/Farm,Chicken,Intensive,Unknown,Unknown,Unknown,Unknown,Unknown,Unknown,No
35.4112362,-0.9107888,Narok,Narok West,Mara,Crush,Cattle,Mixed,Unknown,Unknown,Unknown,Unknown,Unknown,Unknown,Unknown
39.8943888,-3.4589898,Kilifi,Kilifi North,Sokoni,Abattoir,Cattle,Unknown,No,No,Unknown,No,Unknown,No,Unknown
38.082483,-2.5862273,Makueni,Kibwezi East,Mtito Andei,Market,Cattle,Unknown,No,No,Unknown,No,Unknown,No,Unknown
39.8961484,-3.4571635,Kilifi,Kilifi North,Sokoni,Abattoir,Sheep,Unknown,No,Unknown,No,No,Unknown,Unknown,Unknown
39.8943888,-3.4589898,Kilifi,Kilifi North,Sokoni,Abattoir,Goats,Unknown,No,Unknown,No,No,No,Unknown,Unknown
35.0967892,0.500232,Nandi,Mosop,Ndalat,Village/Farm,Cattle,Mixed,No,No,Unknown,No,Unknown,No,Unknown
39.8961484,-3.4571635,Kilifi,Kilifi North,Sokoni,Abattoir,Cattle,Unknown,No,No,Unknown,No,Unknown,No,Unknown
36.2825724,0.8016755,Baringo,Tiaty,Tangulbei/Korossi,Village/Farm,Sheep,Extensive,No,Unknown,No,No,Unknown,Unknown,Unknown
35.4115788,-0.9117621,Narok,Narok West,Mara,Crush,Cattle,Mixed,Unknown,Unknown,Unknown,Unknown,Unknown,Unknown,Unknown
39.4776973,-4.465427,Kwale,Msambweni,Ramisi,Village/Farm,Goats,Unknown,No,Unknown,No,No,No,Unknown,Unknown
35.8691388,-1.0907199,Narok,Narok North,Narok Town,Abattoir,Cattle,Mixed,Unknown,Unknown,Unknown,Unknown,Unknown,Unknown,Unknown
39.3732992,-4.5424162,Kwale,Lungalunga,Pongwe/Kikoneni,Village/Farm,Goats,Extensive,No,Unknown,Unknown,No,No,Unknown,Unknown
35.8691388,-1.0907199,Narok,Narok North,Narok Town,Abattoir,Sheep,Mixed,Unknown,Unknown,Unknown,Unknown,Unknown,Unknown,Unknown
39.3519103,-4.5394475,Kwale,Lungalunga,Pongwe/Kikoneni,Village/Farm,Goats,Extensive,No,Unknown,Unknown,No,No,Unknown,Unknown
35.8691388,-1.0907199,Narok,Narok North,Narok Town,Abattoir,Goats,Mixed,Unknown,Unknown,Unknown,Unknown,Unknown,Unknown,Unknown
34.9987109,0.4238109,Nandi,Mosop,Kurgung/Surungai,Village/Farm,Cattle,Mixed,No,No,Unknown,Unknown,Unknown,No,Unknown
39.4586741,-4.178114,Kwale,Matuga,Waa,Village/Farm,Cattle,Mixed,No,No,Unknown,No,Unknown,No,Unknown
39.0455127,-4.174346,Kwale,Kinango,Puma,Village/Farm,Chicken,Mixed,Unknown,Unknown,Unknown,Unknown,Unknown,Unknown,No
35.8947207,-1.0920856,Narok,Narok North,Narok Town,Village/Farm,Cattle,Intensive,Unknown,Unknown,Unknown,Unknown,Unknown,Unknown,Unknown
40.3527184,3.9467136,Mandera,Banissa,Malkamari,Crush,Cattle,Extensive,No,No,Unknown,No,Unknown,No,Unknown
40.3501676,3.9458654,Mandera,Banissa,Malkamari,Crush,Sheep,Extensive,No,Unknown,Unknown,No,Unknown,Unknown,Unknown
39.8571081,-3.6078606,Kilifi,Kilifi North,Tezo,Village/Farm,Goats,Mixed,No,Unknown,No,No,No,Unknown,Unknown
40.3527184,3.9467136,Mandera,Banissa,Malkamari,Crush,Goats,Extensive,No,Unknown,Unknown,No,Unknown,Unknown,Unknown
35.0858257,0.4056925,Nandi,Mosop,Kurgung/Surungai,Village/Farm,Cattle,Mixed,No,No,Unknown,Unknown,Unknown,No,Unknown
39.8104749,-3.8172062,Kilifi,Kilifi South,Junju,Abattoir,Cattle,Mixed,No,No,Unknown,No,Unknown,No,Unknown
35.6893161,0.9393001,Baringo,Tiaty,Kolowa,Market,Goats,Extensive,No,Unknown,No,No,No,Unknown,Unknown
35.6630199,1.2026805,Baringo,Tiaty,Kolowa,Market,Goats,Extensive,No,Unknown,No,No,No,Unknown,Unknown
39.5802211,-4.2520608,Kwale,Matuga,Tiwi,Village/Farm,Goats,Extensive,No,Unknown,No,No,No,Unknown,Unknown
0.0,0.0,Kwale,Msambweni,Ukunda,Village/Farm,Cattle,Extensive,No,No,Unknown,No,Unknown,No,Unknown
0.0,0.0,Baringo,Baringo North,Bartabwa,Village/Farm,Goats,Extensive,No,Unknown,No,No,No,Unknown,Unknown
35.1920045,-0.589766,Kericho,Bureti,Litein,Abattoir,Goats,Unknown,No,Unknown,No,No,No,Unknown,Unknown
35.1920045,-0.589766,Kericho,Bureti,Litein,Abattoir,Sheep,Unknown,No,Unknown,No,No,Unknown,Unknown,Unknown
35.8947207,-1.0920856,Narok,Narok North,Narok Town,Abattoir,Cattle,Mixed,Unknown,Unknown,Unknown,Unknown,Unknown,Unknown,Unknown
35.1892562,-0.5902712,Kericho,Bureti,Litein,Abattoir,Cattle,Unknown,No,No,Unknown,No,Unknown,No,Unknown
35.1892562,-0.5902712,Kericho,Bureti,Litein,Abattoir,Sheep,Unknown,No,Unknown,No,No,Unknown,Unknown,Unknown
35.1923481,-0.5880655,Kericho,Bureti,Litein,Abattoir,Goats,Unknown,No,Unknown,No,No,No,Unknown,Unknown
40.939596,2.8340216,Mandera,Mandera South,Elwak South,Abattoir,Goats,Extensive,No,Unknown,No,No,No,Unknown,Unknown
40.9255197,2.8067882,Mandera,Mandera South,Elwak South,Market,Sheep,Extensive,No,Unknown,No,No,Unknown,Unknown,Unknown
40.9255197,2.8067882,Mandera,Mandera South,Elwak South,Market,Goats,Extensive,No,Unknown,No,No,No,Unknown,Unknown
40.939596,2.8340216,Mandera,Mandera South,Elwak South,Abattoir,Sheep,Extensive,No,Unknown,No,No,Unknown,Unknown,Unknown
41.6201565,3.957474,Mandera,Mandera East,Khalalio,Village/Farm,Goats,Extensive,No,Unknown,No,Unknown,No,Unknown,Unknown
36.6233941,1.3125302,Samburu,Samburu North,Angata Nanyokie,Village/Farm,Cattle,Extensive,No,No,Unknown,No,Unknown,No,Unknown
35.8691388,-1.0907199,Narok,Narok North,Narok Town,Abattoir,Cattle,Mixed,Unknown,Unknown,Unknown,Unknown,Unknown,Unknown,Unknown
35.8691388,-1.0907199,Narok,Narok North,Narok Town,Abattoir,Sheep,Mixed,Unknown,Unknown,Unknown,Unknown,Unknown,Unknown,Unknown
35.8691388,-1.0907199,Narok,Narok North,Narok Town,Abattoir,Goats,Mixed,Unknown,Unknown,Unknown,Unknown,Unknown,Unknown,Unknown
35.1920045,-0.589766,Kericho,Bureti,Litein,Abattoir,Cattle,Unknown,No,No,Unknown,No,Unknown,No,Unknown
41.6204775,3.9548401,Mandera,Mandera East,Khalalio,Village/Farm,Sheep,Extensive,No,Unknown,No,Unknown,Unknown,Unknown,Unknown
35.8813221,-1.0753991,Narok,Narok North,Narok Town,Village/Farm,Cattle,Intensive,No,Unknown,Unknown,No,Unknown,No,Unknown
37.9395532,0.3524126,Meru,Igembe North,Antuambui,Abattoir,Sheep,Extensive,No,Unknown,Unknown,No,Unknown,Unknown,Unknown
35.7412,-1.702331,Narok,Narok South,Loita,Village/Farm,Cattle,Mixed,No,No,Unknown,No,Unknown,No,Unknown
41.6172766,3.9579874,Mandera,Mandera East,Khalalio,Village/Farm,Cattle,Extensive,No,No,Unknown,No,Unknown,No,Unknown
41.6204775,3.9548401,Mandera,Mandera East,Khalalio,Village/Farm,Goats,Extensive,Unknown,Unknown,No,Unknown,No,Unknown,Unknown
41.6172766,3.9579874,Mandera,Mandera East,Khalalio,Village/Farm,Goats,Extensive,No,Unknown,Unknown,Unknown,No,Unknown,Unknown
0.0,0.0,Siaya,Ugenya,North Ugenya,Village/Farm,Goats,Extensive,No,Unknown,No,No,No,Unknown,Unknown
37.9882226,0.3375449,Meru,Igembe North,Antubetwe Kiongo,Abattoir,Cattle,Intensive,No,No,Unknown,No,Unknown,No,Unknown
37.8182674,-2.2799673,Makueni,Kibwezi West,Makindu,Village/Farm,Goats,Mixed,No,Unknown,No,Unknown,No,Unknown,Unknown
37.8182674,-2.2799673,Makueni,Kibwezi West,Makindu,Village/Farm,Cattle,Mixed,No,No,Unknown,No,Unknown,No,Unknown
41.6172766,3.9579874,Mandera,Mandera East,Khalalio,Village/Farm,Camel,Extensive,No,Unknown,Unknown,Unknown,Unknown,Unknown,Unknown
36.60657,1.824917,Samburu,Samburu North,Nachola,Crush,Goats,Extensive,No,Unknown,No,Unknown,No,Unknown,Unknown
41.6172766,3.9579874,Mandera,Mandera East,Khalalio,Village/Farm,Chicken,Extensive,Unknown,Unknown,Unknown,Unknown,Unknown,Unknown,No
40.9310736,2.9248325,Mandera,Mandera South,Elwak South,Village/Farm,Sheep,Extensive,No,Unknown,No,Unknown,Unknown,Unknown,Unknown
35.8016395,0.6415796,Baringo,Baringo North,Saimo/Kipsaraman,Village/Farm,Chicken,Extensive,Unknown,Unknown,Unknown,Unknown,Unknown,Unknown,No
40.9212607,2.8107161,Mandera,Mandera South,Elwak South,Village/Farm,Cattle,Extensive,No,No,Unknown,No,Unknown,No,Unknown
38.0874404,-2.5850609,Makueni,Kibwezi East,Mtito Andei,Market,Cattle,Unknown,No,No,Unknown,No,Unknown,No,Unknown
40.9209713,2.8112787,Mandera,Mandera South,Elwak South,Village/Farm,Goats,Extensive,No,Unknown,No,No,No,Unknown,Unknown
38.0874404,-2.5850609,Makueni,Kibwezi East,Mtito Andei,Market,Goats,Unknown,No,Unknown,No,No,No,Unknown,Unknown
38.0874404,-2.5850609,Makueni,Kibwezi East,Mtito Andei,Market,Sheep,Unknown,No,Unknown,No,No,Unknown,Unknown,Unknown
0.0,0.0,Siaya,Ugenya,North Ugenya,Village/Farm,Cattle,Intensive,No,No,Unknown,No,Unknown,No,Unknown
38.0864489,-2.586335,Makueni,Kibwezi East,Mtito Andei,Market,Sheep,Unknown,No,Unknown,No,No,Unknown,Unknown,Unknown
38.0874404,-2.5850609,Makueni,Kibwezi East,Ivingoni/Nzambani,Market,Chicken,Unknown,Unknown,Unknown,Unknown,Unknown,Unknown,Unknown,No
41.9083275,3.9764266,Mandera,Mandera East,Township,Village/Farm,Goats,Extensive,No,Unknown,No,No,No,Unknown,Unknown
41.6191132,3.9585343,Mandera,Mandera East,Khalalio,Village/Farm,Goats,Extensive,No,Unknown,No,No,No,Unknown,Unknown
